solid CATIA STL
  facet normal -1.000000e+00  -0.000000e+00  0.000000e+00
    outer loop
      vertex -6.450000e+01  1.447000e+03 -1.750000e+01
      vertex -6.450000e+01  1.670600e+03 -1.750000e+01
      vertex -6.450000e+01  1.642000e+03 -2.500000e+01
    endloop
  endfacet
  facet normal -1.000000e+00  0.000000e+00  0.000000e+00
    outer loop
      vertex -6.450000e+01  1.447000e+03 -1.750000e+01
      vertex -6.450000e+01  1.642000e+03 -2.500000e+01
      vertex -6.450000e+01  1.637000e+03 -2.500000e+01
    endloop
  endfacet
  facet normal -9.999999e-01  -0.000000e+00  -0.000000e+00
    outer loop
      vertex -6.450000e+01  1.447000e+03 -1.750000e+01
      vertex -6.450000e+01  1.637000e+03 -2.500000e+01
      vertex -6.450000e+01  1.637000e+03 -3.000000e+01
    endloop
  endfacet
  facet normal -1.000000e+00  -0.000000e+00  0.000000e+00
    outer loop
      vertex -6.450000e+01  1.447000e+03 -1.750000e+01
      vertex -6.450000e+01  1.637000e+03 -3.000000e+01
      vertex -6.450000e+01  1.447000e+03 -4.889849e+01
    endloop
  endfacet
  facet normal -9.999999e-01  -0.000000e+00  0.000000e+00
    outer loop
      vertex -6.450000e+01  1.637000e+03 -3.000000e+01
      vertex -6.450000e+01  1.642000e+03 -3.000000e+01
      vertex -6.450000e+01  1.447000e+03 -4.889849e+01
    endloop
  endfacet
  facet normal -1.000000e+00  0.000000e+00  0.000000e+00
    outer loop
      vertex -6.450000e+01  1.447000e+03 -4.889849e+01
      vertex -6.450000e+01  1.642000e+03 -3.000000e+01
      vertex -6.450000e+01  1.670600e+03 -4.889849e+01
    endloop
  endfacet
  facet normal -1.000000e+00  0.000000e+00  0.000000e+00
    outer loop
      vertex -6.450000e+01  1.642000e+03 -3.000000e+01
      vertex -6.450000e+01  1.642000e+03 -2.500000e+01
      vertex -6.450000e+01  1.670600e+03 -4.889849e+01
    endloop
  endfacet
  facet normal -1.000000e+00  0.000000e+00  0.000000e+00
    outer loop
      vertex -6.450000e+01  1.670600e+03 -4.889849e+01
      vertex -6.450000e+01  1.642000e+03 -2.500000e+01
      vertex -6.450000e+01  1.670600e+03 -1.750000e+01
    endloop
  endfacet
  facet normal -9.309504e-01  0.000000e+00  3.651456e-01
    outer loop
      vertex -6.423334e+01  1.447000e+03 -1.682014e+01
      vertex -6.423334e+01  1.670600e+03 -1.682014e+01
      vertex -6.450000e+01  1.447000e+03 -1.750000e+01
    endloop
  endfacet
  facet normal -9.309504e-01  0.000000e+00  3.651456e-01
    outer loop
      vertex -6.450000e+01  1.447000e+03 -1.750000e+01
      vertex -6.423334e+01  1.670600e+03 -1.682014e+01
      vertex -6.450000e+01  1.670600e+03 -1.750000e+01
    endloop
  endfacet
  facet normal -7.343757e-01  0.000000e+00 -6.787434e-01
    outer loop
      vertex -6.420711e+01  1.670600e+03 -4.960559e+01
      vertex -6.420711e+01  1.447000e+03 -4.960559e+01
      vertex -6.426049e+01  1.670600e+03 -4.954784e+01
    endloop
  endfacet
  facet normal -9.238800e-01 -1.217186e-04 -3.826822e-01
    outer loop
      vertex -6.426049e+01  1.670600e+03 -4.954784e+01
      vertex -6.420711e+01  1.447000e+03 -4.960559e+01
      vertex -6.450000e+01  1.447000e+03 -4.889849e+01
    endloop
  endfacet
  facet normal -9.382138e-01  0.000000e+00 -3.460560e-01
    outer loop
      vertex -6.426049e+01  1.670600e+03 -4.954784e+01
      vertex -6.450000e+01  1.447000e+03 -4.889849e+01
      vertex -6.450000e+01  1.670600e+03 -4.889849e+01
    endloop
  endfacet
  facet normal -7.106791e-01  0.000000e+00  7.035164e-01
    outer loop
      vertex -6.413405e+01  1.447000e+03 -1.671984e+01
      vertex -6.413405e+01  1.670600e+03 -1.671984e+01
      vertex -6.423334e+01  1.447000e+03 -1.682014e+01
    endloop
  endfacet
  facet normal -7.106791e-01  0.000000e+00  7.035164e-01
    outer loop
      vertex -6.423334e+01  1.447000e+03 -1.682014e+01
      vertex -6.413405e+01  1.670600e+03 -1.671984e+01
      vertex -6.423334e+01  1.670600e+03 -1.682014e+01
    endloop
  endfacet
  facet normal -9.992280e-01  0.000000e+00  3.928813e-02
    outer loop
      vertex -6.450000e+01  1.670600e+03  4.889849e+01
      vertex -6.450000e+01  1.447000e+03  4.889849e+01
      vertex -6.449691e+01  1.670600e+03  4.897707e+01
    endloop
  endfacet
  facet normal -9.238800e-01 -1.217307e-04  3.826822e-01
    outer loop
      vertex -6.449691e+01  1.670600e+03  4.897707e+01
      vertex -6.450000e+01  1.447000e+03  4.889849e+01
      vertex -6.420711e+01  1.447000e+03  4.960559e+01
    endloop
  endfacet
  facet normal -9.081156e-01  0.000000e+00  4.187198e-01
    outer loop
      vertex -6.449691e+01  1.670600e+03  4.897707e+01
      vertex -6.420711e+01  1.447000e+03  4.960559e+01
      vertex -6.420711e+01  1.670600e+03  4.960559e+01
    endloop
  endfacet
  facet normal -7.071067e-01  0.000000e+00  7.071067e-01
    outer loop
      vertex -4.960559e+01  1.447000e+03  6.420711e+01
      vertex -4.960559e+01  1.670600e+03  6.420711e+01
      vertex -6.420711e+01  1.447000e+03  4.960559e+01
    endloop
  endfacet
  facet normal -7.071067e-01  0.000000e+00  7.071067e-01
    outer loop
      vertex -6.420711e+01  1.447000e+03  4.960559e+01
      vertex -4.960559e+01  1.670600e+03  6.420711e+01
      vertex -6.420711e+01  1.670600e+03  4.960559e+01
    endloop
  endfacet
  facet normal -6.787434e-01  0.000000e+00  7.343757e-01
    outer loop
      vertex -4.960559e+01  1.670600e+03  6.420711e+01
      vertex -4.960559e+01  1.447000e+03  6.420711e+01
      vertex -4.954784e+01  1.670600e+03  6.426049e+01
    endloop
  endfacet
  facet normal -3.826822e-01 -1.217186e-04  9.238800e-01
    outer loop
      vertex -4.954784e+01  1.670600e+03  6.426049e+01
      vertex -4.960559e+01  1.447000e+03  6.420711e+01
      vertex -4.889849e+01  1.447000e+03  6.450000e+01
    endloop
  endfacet
  facet normal -3.460560e-01  0.000000e+00  9.382138e-01
    outer loop
      vertex -4.954784e+01  1.670600e+03  6.426049e+01
      vertex -4.889849e+01  1.447000e+03  6.450000e+01
      vertex -4.889849e+01  1.670600e+03  6.450000e+01
    endloop
  endfacet
  facet normal  0.000000e+00  0.000000e+00  1.000000e+00
    outer loop
      vertex -1.750000e+01  1.447000e+03  6.450000e+01
      vertex -1.750000e+01  1.670600e+03  6.450000e+01
      vertex -4.889849e+01  1.447000e+03  6.450000e+01
    endloop
  endfacet
  facet normal  0.000000e+00  0.000000e+00  1.000000e+00
    outer loop
      vertex -4.889849e+01  1.447000e+03  6.450000e+01
      vertex -1.750000e+01  1.670600e+03  6.450000e+01
      vertex -4.889849e+01  1.670600e+03  6.450000e+01
    endloop
  endfacet
  facet normal  3.413383e-01  0.000000e+00  9.399405e-01
    outer loop
      vertex -1.685832e+01  1.447000e+03  6.426698e+01
      vertex -1.685832e+01  1.670600e+03  6.426698e+01
      vertex -1.750000e+01  1.447000e+03  6.450000e+01
    endloop
  endfacet
  facet normal  3.413383e-01  -0.000000e+00  9.399405e-01
    outer loop
      vertex -1.750000e+01  1.447000e+03  6.450000e+01
      vertex -1.685832e+01  1.670600e+03  6.426698e+01
      vertex -1.750000e+01  1.670600e+03  6.450000e+01
    endloop
  endfacet
  facet normal  6.903565e-01  0.000000e+00  7.234693e-01
    outer loop
      vertex -1.673693e+01  1.447000e+03  6.415114e+01
      vertex -1.673693e+01  1.670600e+03  6.415114e+01
      vertex -1.685832e+01  1.447000e+03  6.426698e+01
    endloop
  endfacet
  facet normal  6.903565e-01  -0.000000e+00  7.234693e-01
    outer loop
      vertex -1.685832e+01  1.447000e+03  6.426698e+01
      vertex -1.673693e+01  1.670600e+03  6.415114e+01
      vertex -1.685832e+01  1.670600e+03  6.426698e+01
    endloop
  endfacet
  facet normal  7.071127e-01  0.000000e+00  7.071009e-01
    outer loop
      vertex -1.537871e+01  1.447000e+03  6.279290e+01
      vertex -1.537871e+01  1.670600e+03  6.279290e+01
      vertex -1.673693e+01  1.447000e+03  6.415114e+01
    endloop
  endfacet
  facet normal  7.071127e-01  -0.000000e+00  7.071009e-01
    outer loop
      vertex -1.673693e+01  1.447000e+03  6.415114e+01
      vertex -1.537871e+01  1.670600e+03  6.279290e+01
      vertex -1.673693e+01  1.670600e+03  6.415114e+01
    endloop
  endfacet
  facet normal  3.460622e-01  0.000000e+00  9.382116e-01
    outer loop
      vertex -1.467160e+01  1.670600e+03  6.250000e+01
      vertex -1.532096e+01  1.670600e+03  6.273952e+01
      vertex -1.467160e+01  1.447000e+03  6.250000e+01
    endloop
  endfacet
  facet normal  1.950928e-01 -4.840341e-04  9.807847e-01
    outer loop
      vertex -1.467160e+01  1.447000e+03  6.250000e+01
      vertex -1.532096e+01  1.670600e+03  6.273952e+01
      vertex -1.505429e+01  1.447000e+03  6.257612e+01
    endloop
  endfacet
  facet normal  6.787553e-01  2.728613e-04  7.343644e-01
    outer loop
      vertex -1.532096e+01  1.670600e+03  6.273952e+01
      vertex -1.537871e+01  1.670600e+03  6.279290e+01
      vertex -1.505429e+01  1.447000e+03  6.257612e+01
    endloop
  endfacet
  facet normal  5.555764e-01  0.000000e+00  8.314655e-01
    outer loop
      vertex -1.505429e+01  1.447000e+03  6.257612e+01
      vertex -1.537871e+01  1.670600e+03  6.279290e+01
      vertex -1.537871e+01  1.447000e+03  6.279290e+01
    endloop
  endfacet
  facet normal  0.000000e+00  0.000000e+00  1.000000e+00
    outer loop
      vertex  1.467160e+01  1.447000e+03  6.250000e+01
      vertex  1.467160e+01  1.670600e+03  6.250000e+01
      vertex -1.467160e+01  1.447000e+03  6.250000e+01
    endloop
  endfacet
  facet normal  0.000000e+00  0.000000e+00  1.000000e+00
    outer loop
      vertex -1.467160e+01  1.447000e+03  6.250000e+01
      vertex  1.467160e+01  1.670600e+03  6.250000e+01
      vertex -1.467160e+01  1.670600e+03  6.250000e+01
    endloop
  endfacet
  facet normal -4.187217e-01  0.000000e+00  9.081146e-01
    outer loop
      vertex  1.537871e+01  1.670600e+03  6.279290e+01
      vertex  1.475019e+01  1.670600e+03  6.250309e+01
      vertex  1.537871e+01  1.447000e+03  6.279290e+01
    endloop
  endfacet
  facet normal -5.555763e-01 -4.840342e-04  8.314654e-01
    outer loop
      vertex  1.537871e+01  1.447000e+03  6.279290e+01
      vertex  1.475019e+01  1.670600e+03  6.250309e+01
      vertex  1.505429e+01  1.447000e+03  6.257612e+01
    endloop
  endfacet
  facet normal -3.933607e-02  2.728531e-04  9.992260e-01
    outer loop
      vertex  1.475019e+01  1.670600e+03  6.250309e+01
      vertex  1.467160e+01  1.670600e+03  6.250000e+01
      vertex  1.505429e+01  1.447000e+03  6.257612e+01
    endloop
  endfacet
  facet normal -1.950928e-01  0.000000e+00  9.807848e-01
    outer loop
      vertex  1.505429e+01  1.447000e+03  6.257612e+01
      vertex  1.467160e+01  1.670600e+03  6.250000e+01
      vertex  1.467160e+01  1.447000e+03  6.250000e+01
    endloop
  endfacet
  facet normal -7.071127e-01  0.000000e+00  7.071009e-01
    outer loop
      vertex  1.673693e+01  1.447000e+03  6.415114e+01
      vertex  1.673693e+01  1.670600e+03  6.415114e+01
      vertex  1.537871e+01  1.447000e+03  6.279290e+01
    endloop
  endfacet
  facet normal -7.071127e-01  0.000000e+00  7.071009e-01
    outer loop
      vertex  1.537871e+01  1.447000e+03  6.279290e+01
      vertex  1.673693e+01  1.670600e+03  6.415114e+01
      vertex  1.537871e+01  1.670600e+03  6.279290e+01
    endloop
  endfacet
  facet normal -6.903565e-01  0.000000e+00  7.234693e-01
    outer loop
      vertex  1.685832e+01  1.447000e+03  6.426698e+01
      vertex  1.685832e+01  1.670600e+03  6.426698e+01
      vertex  1.673693e+01  1.447000e+03  6.415114e+01
    endloop
  endfacet
  facet normal -6.903565e-01  0.000000e+00  7.234693e-01
    outer loop
      vertex  1.673693e+01  1.447000e+03  6.415114e+01
      vertex  1.685832e+01  1.670600e+03  6.426698e+01
      vertex  1.673693e+01  1.670600e+03  6.415114e+01
    endloop
  endfacet
  facet normal -3.413383e-01  0.000000e+00  9.399405e-01
    outer loop
      vertex  1.750000e+01  1.447000e+03  6.450000e+01
      vertex  1.750000e+01  1.670600e+03  6.450000e+01
      vertex  1.685832e+01  1.447000e+03  6.426698e+01
    endloop
  endfacet
  facet normal -3.413383e-01  0.000000e+00  9.399405e-01
    outer loop
      vertex  1.685832e+01  1.447000e+03  6.426698e+01
      vertex  1.750000e+01  1.670600e+03  6.450000e+01
      vertex  1.685832e+01  1.670600e+03  6.426698e+01
    endloop
  endfacet
  facet normal  0.000000e+00  0.000000e+00  1.000000e+00
    outer loop
      vertex  4.889849e+01  1.447000e+03  6.450000e+01
      vertex  4.889849e+01  1.670600e+03  6.450000e+01
      vertex  1.750000e+01  1.447000e+03  6.450000e+01
    endloop
  endfacet
  facet normal  0.000000e+00  0.000000e+00  1.000000e+00
    outer loop
      vertex  1.750000e+01  1.447000e+03  6.450000e+01
      vertex  4.889849e+01  1.670600e+03  6.450000e+01
      vertex  1.750000e+01  1.670600e+03  6.450000e+01
    endloop
  endfacet
  facet normal  3.928813e-02  -0.000000e+00  9.992280e-01
    outer loop
      vertex  4.889849e+01  1.670600e+03  6.450000e+01
      vertex  4.889849e+01  1.447000e+03  6.450000e+01
      vertex  4.897707e+01  1.670600e+03  6.449691e+01
    endloop
  endfacet
  facet normal  3.826822e-01 -1.217307e-04  9.238800e-01
    outer loop
      vertex  4.897707e+01  1.670600e+03  6.449691e+01
      vertex  4.889849e+01  1.447000e+03  6.450000e+01
      vertex  4.960559e+01  1.447000e+03  6.420711e+01
    endloop
  endfacet
  facet normal  4.187198e-01  -0.000000e+00  9.081156e-01
    outer loop
      vertex  4.897707e+01  1.670600e+03  6.449691e+01
      vertex  4.960559e+01  1.447000e+03  6.420711e+01
      vertex  4.960559e+01  1.670600e+03  6.420711e+01
    endloop
  endfacet
  facet normal  7.071067e-01  0.000000e+00  7.071067e-01
    outer loop
      vertex  6.420711e+01  1.447000e+03  4.960559e+01
      vertex  6.420711e+01  1.670600e+03  4.960559e+01
      vertex  4.960559e+01  1.447000e+03  6.420711e+01
    endloop
  endfacet
  facet normal  7.071067e-01  -0.000000e+00  7.071067e-01
    outer loop
      vertex  4.960559e+01  1.447000e+03  6.420711e+01
      vertex  6.420711e+01  1.670600e+03  4.960559e+01
      vertex  4.960559e+01  1.670600e+03  6.420711e+01
    endloop
  endfacet
  facet normal  7.343757e-01  -0.000000e+00  6.787434e-01
    outer loop
      vertex  6.420711e+01  1.670600e+03  4.960559e+01
      vertex  6.420711e+01  1.447000e+03  4.960559e+01
      vertex  6.426049e+01  1.670600e+03  4.954784e+01
    endloop
  endfacet
  facet normal  9.238800e-01 -1.217186e-04  3.826822e-01
    outer loop
      vertex  6.426049e+01  1.670600e+03  4.954784e+01
      vertex  6.420711e+01  1.447000e+03  4.960559e+01
      vertex  6.450000e+01  1.447000e+03  4.889849e+01
    endloop
  endfacet
  facet normal  9.382138e-01  -0.000000e+00  3.460560e-01
    outer loop
      vertex  6.426049e+01  1.670600e+03  4.954784e+01
      vertex  6.450000e+01  1.447000e+03  4.889849e+01
      vertex  6.450000e+01  1.670600e+03  4.889849e+01
    endloop
  endfacet
  facet normal  1.000000e+00  0.000000e+00  0.000000e+00
    outer loop
      vertex  6.450000e+01  1.447000e+03  1.750000e+01
      vertex  6.450000e+01  1.670600e+03  1.750000e+01
      vertex  6.450000e+01  1.447000e+03  4.889849e+01
    endloop
  endfacet
  facet normal  1.000000e+00  -0.000000e+00  0.000000e+00
    outer loop
      vertex  6.450000e+01  1.447000e+03  4.889849e+01
      vertex  6.450000e+01  1.670600e+03  1.750000e+01
      vertex  6.450000e+01  1.670600e+03  4.889849e+01
    endloop
  endfacet
  facet normal  9.364854e-01  0.000000e+00 -3.507065e-01
    outer loop
      vertex  6.425401e+01  1.447000e+03  1.684315e+01
      vertex  6.425401e+01  1.670600e+03  1.684315e+01
      vertex  6.450000e+01  1.447000e+03  1.750000e+01
    endloop
  endfacet
  facet normal  9.364854e-01  0.000000e+00 -3.507065e-01
    outer loop
      vertex  6.450000e+01  1.447000e+03  1.750000e+01
      vertex  6.425401e+01  1.670600e+03  1.684315e+01
      vertex  6.450000e+01  1.670600e+03  1.750000e+01
    endloop
  endfacet
  facet normal  7.169440e-01  0.000000e+00 -6.971307e-01
    outer loop
      vertex  6.413644e+01  1.447000e+03  1.672223e+01
      vertex  6.413644e+01  1.670600e+03  1.672223e+01
      vertex  6.425401e+01  1.447000e+03  1.684315e+01
    endloop
  endfacet
  facet normal  7.169440e-01  0.000000e+00 -6.971307e-01
    outer loop
      vertex  6.425401e+01  1.447000e+03  1.684315e+01
      vertex  6.413644e+01  1.670600e+03  1.672223e+01
      vertex  6.425401e+01  1.670600e+03  1.684315e+01
    endloop
  endfacet
  facet normal  7.071007e-01  0.000000e+00 -7.071128e-01
    outer loop
      vertex  6.279290e+01  1.447000e+03  1.537871e+01
      vertex  6.279290e+01  1.670600e+03  1.537871e+01
      vertex  6.413644e+01  1.447000e+03  1.672223e+01
    endloop
  endfacet
  facet normal  7.071007e-01  0.000000e+00 -7.071128e-01
    outer loop
      vertex  6.413644e+01  1.447000e+03  1.672223e+01
      vertex  6.279290e+01  1.670600e+03  1.537871e+01
      vertex  6.413644e+01  1.670600e+03  1.672223e+01
    endloop
  endfacet
  facet normal  9.382116e-01  0.000000e+00 -3.460622e-01
    outer loop
      vertex  6.250000e+01  1.670600e+03  1.467160e+01
      vertex  6.273952e+01  1.670600e+03  1.532096e+01
      vertex  6.250000e+01  1.447000e+03  1.467160e+01
    endloop
  endfacet
  facet normal  9.807847e-01 -4.840341e-04 -1.950928e-01
    outer loop
      vertex  6.250000e+01  1.447000e+03  1.467160e+01
      vertex  6.273952e+01  1.670600e+03  1.532096e+01
      vertex  6.257612e+01  1.447000e+03  1.505429e+01
    endloop
  endfacet
  facet normal  7.343644e-01  2.728613e-04 -6.787553e-01
    outer loop
      vertex  6.273952e+01  1.670600e+03  1.532096e+01
      vertex  6.279290e+01  1.670600e+03  1.537871e+01
      vertex  6.257612e+01  1.447000e+03  1.505429e+01
    endloop
  endfacet
  facet normal  8.314655e-01  0.000000e+00 -5.555764e-01
    outer loop
      vertex  6.257612e+01  1.447000e+03  1.505429e+01
      vertex  6.279290e+01  1.670600e+03  1.537871e+01
      vertex  6.279290e+01  1.447000e+03  1.537871e+01
    endloop
  endfacet
  facet normal  1.000000e+00  0.000000e+00  0.000000e+00
    outer loop
      vertex  6.250000e+01  1.447000e+03 -1.467160e+01
      vertex  6.250000e+01  1.670600e+03 -1.467160e+01
      vertex  6.250000e+01  1.447000e+03  1.467160e+01
    endloop
  endfacet
  facet normal  1.000000e+00  -0.000000e+00  0.000000e+00
    outer loop
      vertex  6.250000e+01  1.447000e+03  1.467160e+01
      vertex  6.250000e+01  1.670600e+03 -1.467160e+01
      vertex  6.250000e+01  1.670600e+03  1.467160e+01
    endloop
  endfacet
  facet normal  9.081146e-01  0.000000e+00  4.187217e-01
    outer loop
      vertex  6.279290e+01  1.670600e+03 -1.537871e+01
      vertex  6.250309e+01  1.670600e+03 -1.475019e+01
      vertex  6.279290e+01  1.447000e+03 -1.537871e+01
    endloop
  endfacet
  facet normal  8.314654e-01 -4.840342e-04  5.555763e-01
    outer loop
      vertex  6.279290e+01  1.447000e+03 -1.537871e+01
      vertex  6.250309e+01  1.670600e+03 -1.475019e+01
      vertex  6.257612e+01  1.447000e+03 -1.505429e+01
    endloop
  endfacet
  facet normal  9.992260e-01  2.728531e-04  3.933607e-02
    outer loop
      vertex  6.250309e+01  1.670600e+03 -1.475019e+01
      vertex  6.250000e+01  1.670600e+03 -1.467160e+01
      vertex  6.257612e+01  1.447000e+03 -1.505429e+01
    endloop
  endfacet
  facet normal  9.807848e-01  0.000000e+00  1.950928e-01
    outer loop
      vertex  6.257612e+01  1.447000e+03 -1.505429e+01
      vertex  6.250000e+01  1.670600e+03 -1.467160e+01
      vertex  6.250000e+01  1.447000e+03 -1.467160e+01
    endloop
  endfacet
  facet normal  7.071007e-01  0.000000e+00  7.071128e-01
    outer loop
      vertex  6.413644e+01  1.447000e+03 -1.672223e+01
      vertex  6.413644e+01  1.670600e+03 -1.672223e+01
      vertex  6.279290e+01  1.447000e+03 -1.537871e+01
    endloop
  endfacet
  facet normal  7.071007e-01  -0.000000e+00  7.071128e-01
    outer loop
      vertex  6.279290e+01  1.447000e+03 -1.537871e+01
      vertex  6.413644e+01  1.670600e+03 -1.672223e+01
      vertex  6.279290e+01  1.670600e+03 -1.537871e+01
    endloop
  endfacet
  facet normal  7.169440e-01  0.000000e+00  6.971307e-01
    outer loop
      vertex  6.425401e+01  1.447000e+03 -1.684315e+01
      vertex  6.425401e+01  1.670600e+03 -1.684315e+01
      vertex  6.413644e+01  1.447000e+03 -1.672223e+01
    endloop
  endfacet
  facet normal  7.169440e-01  -0.000000e+00  6.971307e-01
    outer loop
      vertex  6.413644e+01  1.447000e+03 -1.672223e+01
      vertex  6.425401e+01  1.670600e+03 -1.684315e+01
      vertex  6.413644e+01  1.670600e+03 -1.672223e+01
    endloop
  endfacet
  facet normal  9.364854e-01  0.000000e+00  3.507065e-01
    outer loop
      vertex  6.450000e+01  1.447000e+03 -1.750000e+01
      vertex  6.450000e+01  1.670600e+03 -1.750000e+01
      vertex  6.425401e+01  1.447000e+03 -1.684315e+01
    endloop
  endfacet
  facet normal  9.364854e-01  -0.000000e+00  3.507065e-01
    outer loop
      vertex  6.425401e+01  1.447000e+03 -1.684315e+01
      vertex  6.450000e+01  1.670600e+03 -1.750000e+01
      vertex  6.425401e+01  1.670600e+03 -1.684315e+01
    endloop
  endfacet
  facet normal  1.000000e+00  0.000000e+00  0.000000e+00
    outer loop
      vertex  6.450000e+01  1.447000e+03 -4.889849e+01
      vertex  6.450000e+01  1.670600e+03 -4.889849e+01
      vertex  6.450000e+01  1.447000e+03 -1.750000e+01
    endloop
  endfacet
  facet normal  1.000000e+00  -0.000000e+00  0.000000e+00
    outer loop
      vertex  6.450000e+01  1.447000e+03 -1.750000e+01
      vertex  6.450000e+01  1.670600e+03 -4.889849e+01
      vertex  6.450000e+01  1.670600e+03 -1.750000e+01
    endloop
  endfacet
  facet normal  9.992280e-01  0.000000e+00 -3.928813e-02
    outer loop
      vertex  6.450000e+01  1.670600e+03 -4.889849e+01
      vertex  6.450000e+01  1.447000e+03 -4.889849e+01
      vertex  6.449691e+01  1.670600e+03 -4.897707e+01
    endloop
  endfacet
  facet normal  9.238800e-01 -1.217307e-04 -3.826822e-01
    outer loop
      vertex  6.449691e+01  1.670600e+03 -4.897707e+01
      vertex  6.450000e+01  1.447000e+03 -4.889849e+01
      vertex  6.420711e+01  1.447000e+03 -4.960559e+01
    endloop
  endfacet
  facet normal  9.081156e-01  0.000000e+00 -4.187198e-01
    outer loop
      vertex  6.449691e+01  1.670600e+03 -4.897707e+01
      vertex  6.420711e+01  1.447000e+03 -4.960559e+01
      vertex  6.420711e+01  1.670600e+03 -4.960559e+01
    endloop
  endfacet
  facet normal  7.071067e-01  0.000000e+00 -7.071067e-01
    outer loop
      vertex  4.960559e+01  1.447000e+03 -6.420711e+01
      vertex  4.960559e+01  1.670600e+03 -6.420711e+01
      vertex  6.420711e+01  1.447000e+03 -4.960559e+01
    endloop
  endfacet
  facet normal  7.071067e-01  0.000000e+00 -7.071067e-01
    outer loop
      vertex  6.420711e+01  1.447000e+03 -4.960559e+01
      vertex  4.960559e+01  1.670600e+03 -6.420711e+01
      vertex  6.420711e+01  1.670600e+03 -4.960559e+01
    endloop
  endfacet
  facet normal  6.787434e-01  0.000000e+00 -7.343757e-01
    outer loop
      vertex  4.960559e+01  1.670600e+03 -6.420711e+01
      vertex  4.960559e+01  1.447000e+03 -6.420711e+01
      vertex  4.954784e+01  1.670600e+03 -6.426049e+01
    endloop
  endfacet
  facet normal  3.826822e-01 -1.217186e-04 -9.238800e-01
    outer loop
      vertex  4.954784e+01  1.670600e+03 -6.426049e+01
      vertex  4.960559e+01  1.447000e+03 -6.420711e+01
      vertex  4.889849e+01  1.447000e+03 -6.450000e+01
    endloop
  endfacet
  facet normal  3.460560e-01  0.000000e+00 -9.382138e-01
    outer loop
      vertex  4.954784e+01  1.670600e+03 -6.426049e+01
      vertex  4.889849e+01  1.447000e+03 -6.450000e+01
      vertex  4.889849e+01  1.670600e+03 -6.450000e+01
    endloop
  endfacet
  facet normal  0.000000e+00  0.000000e+00 -1.000000e+00
    outer loop
      vertex  1.750000e+01  1.447000e+03 -6.450000e+01
      vertex  1.750000e+01  1.670600e+03 -6.450000e+01
      vertex  4.889849e+01  1.447000e+03 -6.450000e+01
    endloop
  endfacet
  facet normal  0.000000e+00  0.000000e+00 -1.000000e+00
    outer loop
      vertex  4.889849e+01  1.447000e+03 -6.450000e+01
      vertex  1.750000e+01  1.670600e+03 -6.450000e+01
      vertex  4.889849e+01  1.670600e+03 -6.450000e+01
    endloop
  endfacet
  facet normal -3.541672e-01  -0.000000e+00 -9.351821e-01
    outer loop
      vertex  1.683758e+01  1.447000e+03 -6.424913e+01
      vertex  1.683758e+01  1.670600e+03 -6.424913e+01
      vertex  1.750000e+01  1.447000e+03 -6.450000e+01
    endloop
  endfacet
  facet normal -3.541672e-01  0.000000e+00 -9.351821e-01
    outer loop
      vertex  1.750000e+01  1.447000e+03 -6.450000e+01
      vertex  1.683758e+01  1.670600e+03 -6.424913e+01
      vertex  1.750000e+01  1.670600e+03 -6.450000e+01
    endloop
  endfacet
  facet normal -6.992002e-01  -0.000000e+00 -7.149260e-01
    outer loop
      vertex  1.671670e+01  1.447000e+03 -6.413091e+01
      vertex  1.671670e+01  1.670600e+03 -6.413091e+01
      vertex  1.683758e+01  1.447000e+03 -6.424913e+01
    endloop
  endfacet
  facet normal -6.992002e-01  0.000000e+00 -7.149260e-01
    outer loop
      vertex  1.683758e+01  1.447000e+03 -6.424913e+01
      vertex  1.671670e+01  1.670600e+03 -6.413091e+01
      vertex  1.683758e+01  1.670600e+03 -6.424913e+01
    endloop
  endfacet
  facet normal -7.071138e-01  -0.000000e+00 -7.070997e-01
    outer loop
      vertex  1.537871e+01  1.447000e+03 -6.279290e+01
      vertex  1.537871e+01  1.670600e+03 -6.279290e+01
      vertex  1.671670e+01  1.447000e+03 -6.413091e+01
    endloop
  endfacet
  facet normal -7.071138e-01  0.000000e+00 -7.070997e-01
    outer loop
      vertex  1.671670e+01  1.447000e+03 -6.413091e+01
      vertex  1.537871e+01  1.670600e+03 -6.279290e+01
      vertex  1.671670e+01  1.670600e+03 -6.413091e+01
    endloop
  endfacet
  facet normal -3.460622e-01  0.000000e+00 -9.382116e-01
    outer loop
      vertex  1.467160e+01  1.670600e+03 -6.250000e+01
      vertex  1.532096e+01  1.670600e+03 -6.273952e+01
      vertex  1.467160e+01  1.447000e+03 -6.250000e+01
    endloop
  endfacet
  facet normal -1.950928e-01 -4.840341e-04 -9.807847e-01
    outer loop
      vertex  1.467160e+01  1.447000e+03 -6.250000e+01
      vertex  1.532096e+01  1.670600e+03 -6.273952e+01
      vertex  1.505429e+01  1.447000e+03 -6.257612e+01
    endloop
  endfacet
  facet normal -6.787553e-01  2.728613e-04 -7.343644e-01
    outer loop
      vertex  1.532096e+01  1.670600e+03 -6.273952e+01
      vertex  1.537871e+01  1.670600e+03 -6.279290e+01
      vertex  1.505429e+01  1.447000e+03 -6.257612e+01
    endloop
  endfacet
  facet normal -5.555764e-01  0.000000e+00 -8.314655e-01
    outer loop
      vertex  1.505429e+01  1.447000e+03 -6.257612e+01
      vertex  1.537871e+01  1.670600e+03 -6.279290e+01
      vertex  1.537871e+01  1.447000e+03 -6.279290e+01
    endloop
  endfacet
  facet normal  0.000000e+00  0.000000e+00 -1.000000e+00
    outer loop
      vertex -1.467160e+01  1.447000e+03 -6.250000e+01
      vertex -1.467160e+01  1.670600e+03 -6.250000e+01
      vertex  1.467160e+01  1.447000e+03 -6.250000e+01
    endloop
  endfacet
  facet normal  0.000000e+00  0.000000e+00 -1.000000e+00
    outer loop
      vertex  1.467160e+01  1.447000e+03 -6.250000e+01
      vertex -1.467160e+01  1.670600e+03 -6.250000e+01
      vertex  1.467160e+01  1.670600e+03 -6.250000e+01
    endloop
  endfacet
  facet normal  4.187217e-01  0.000000e+00 -9.081146e-01
    outer loop
      vertex -1.537871e+01  1.670600e+03 -6.279290e+01
      vertex -1.475019e+01  1.670600e+03 -6.250309e+01
      vertex -1.537871e+01  1.447000e+03 -6.279290e+01
    endloop
  endfacet
  facet normal  5.555763e-01 -4.840342e-04 -8.314654e-01
    outer loop
      vertex -1.537871e+01  1.447000e+03 -6.279290e+01
      vertex -1.475019e+01  1.670600e+03 -6.250309e+01
      vertex -1.505429e+01  1.447000e+03 -6.257612e+01
    endloop
  endfacet
  facet normal  3.933607e-02  2.728531e-04 -9.992260e-01
    outer loop
      vertex -1.475019e+01  1.670600e+03 -6.250309e+01
      vertex -1.467160e+01  1.670600e+03 -6.250000e+01
      vertex -1.505429e+01  1.447000e+03 -6.257612e+01
    endloop
  endfacet
  facet normal  1.950928e-01  0.000000e+00 -9.807848e-01
    outer loop
      vertex -1.505429e+01  1.447000e+03 -6.257612e+01
      vertex -1.467160e+01  1.670600e+03 -6.250000e+01
      vertex -1.467160e+01  1.447000e+03 -6.250000e+01
    endloop
  endfacet
  facet normal  7.071138e-01  0.000000e+00 -7.070997e-01
    outer loop
      vertex -1.671670e+01  1.447000e+03 -6.413091e+01
      vertex -1.671670e+01  1.670600e+03 -6.413091e+01
      vertex -1.537871e+01  1.447000e+03 -6.279290e+01
    endloop
  endfacet
  facet normal  7.071138e-01  0.000000e+00 -7.070997e-01
    outer loop
      vertex -1.537871e+01  1.447000e+03 -6.279290e+01
      vertex -1.671670e+01  1.670600e+03 -6.413091e+01
      vertex -1.537871e+01  1.670600e+03 -6.279290e+01
    endloop
  endfacet
  facet normal  6.992002e-01  0.000000e+00 -7.149260e-01
    outer loop
      vertex -1.683758e+01  1.447000e+03 -6.424913e+01
      vertex -1.683758e+01  1.670600e+03 -6.424913e+01
      vertex -1.671670e+01  1.447000e+03 -6.413091e+01
    endloop
  endfacet
  facet normal  6.992002e-01  0.000000e+00 -7.149260e-01
    outer loop
      vertex -1.671670e+01  1.447000e+03 -6.413091e+01
      vertex -1.683758e+01  1.670600e+03 -6.424913e+01
      vertex -1.671670e+01  1.670600e+03 -6.413091e+01
    endloop
  endfacet
  facet normal  3.541672e-01  0.000000e+00 -9.351821e-01
    outer loop
      vertex -1.750000e+01  1.447000e+03 -6.450000e+01
      vertex -1.750000e+01  1.670600e+03 -6.450000e+01
      vertex -1.683758e+01  1.447000e+03 -6.424913e+01
    endloop
  endfacet
  facet normal  3.541672e-01  0.000000e+00 -9.351821e-01
    outer loop
      vertex -1.683758e+01  1.447000e+03 -6.424913e+01
      vertex -1.750000e+01  1.670600e+03 -6.450000e+01
      vertex -1.683758e+01  1.670600e+03 -6.424913e+01
    endloop
  endfacet
  facet normal  0.000000e+00  0.000000e+00 -1.000000e+00
    outer loop
      vertex -4.889849e+01  1.447000e+03 -6.450000e+01
      vertex -4.889849e+01  1.670600e+03 -6.450000e+01
      vertex -1.750000e+01  1.447000e+03 -6.450000e+01
    endloop
  endfacet
  facet normal  0.000000e+00  0.000000e+00 -1.000000e+00
    outer loop
      vertex -1.750000e+01  1.447000e+03 -6.450000e+01
      vertex -4.889849e+01  1.670600e+03 -6.450000e+01
      vertex -1.750000e+01  1.670600e+03 -6.450000e+01
    endloop
  endfacet
  facet normal -3.928813e-02  0.000000e+00 -9.992280e-01
    outer loop
      vertex -4.889849e+01  1.670600e+03 -6.450000e+01
      vertex -4.889849e+01  1.447000e+03 -6.450000e+01
      vertex -4.897707e+01  1.670600e+03 -6.449691e+01
    endloop
  endfacet
  facet normal -3.826822e-01 -1.217307e-04 -9.238800e-01
    outer loop
      vertex -4.897707e+01  1.670600e+03 -6.449691e+01
      vertex -4.889849e+01  1.447000e+03 -6.450000e+01
      vertex -4.960559e+01  1.447000e+03 -6.420711e+01
    endloop
  endfacet
  facet normal -4.187198e-01  0.000000e+00 -9.081156e-01
    outer loop
      vertex -4.897707e+01  1.670600e+03 -6.449691e+01
      vertex -4.960559e+01  1.447000e+03 -6.420711e+01
      vertex -4.960559e+01  1.670600e+03 -6.420711e+01
    endloop
  endfacet
  facet normal -7.071067e-01  -0.000000e+00 -7.071067e-01
    outer loop
      vertex -6.420711e+01  1.447000e+03 -4.960559e+01
      vertex -6.420711e+01  1.670600e+03 -4.960559e+01
      vertex -4.960559e+01  1.447000e+03 -6.420711e+01
    endloop
  endfacet
  facet normal -7.071067e-01  0.000000e+00 -7.071067e-01
    outer loop
      vertex -4.960559e+01  1.447000e+03 -6.420711e+01
      vertex -6.420711e+01  1.670600e+03 -4.960559e+01
      vertex -4.960559e+01  1.670600e+03 -6.420711e+01
    endloop
  endfacet
  facet normal -7.070998e-01  0.000000e+00  7.071138e-01
    outer loop
      vertex -6.279290e+01  1.447000e+03 -1.537871e+01
      vertex -6.279290e+01  1.670600e+03 -1.537871e+01
      vertex -6.413405e+01  1.447000e+03 -1.671984e+01
    endloop
  endfacet
  facet normal -7.070998e-01  0.000000e+00  7.071138e-01
    outer loop
      vertex -6.413405e+01  1.447000e+03 -1.671984e+01
      vertex -6.279290e+01  1.670600e+03 -1.537871e+01
      vertex -6.413405e+01  1.670600e+03 -1.671984e+01
    endloop
  endfacet
  facet normal -9.382116e-01  0.000000e+00  3.460622e-01
    outer loop
      vertex -6.250000e+01  1.670600e+03 -1.467160e+01
      vertex -6.273952e+01  1.670600e+03 -1.532096e+01
      vertex -6.250000e+01  1.447000e+03 -1.467160e+01
    endloop
  endfacet
  facet normal -9.807847e-01 -4.840341e-04  1.950928e-01
    outer loop
      vertex -6.250000e+01  1.447000e+03 -1.467160e+01
      vertex -6.273952e+01  1.670600e+03 -1.532096e+01
      vertex -6.257612e+01  1.447000e+03 -1.505429e+01
    endloop
  endfacet
  facet normal -7.343644e-01  2.728613e-04  6.787553e-01
    outer loop
      vertex -6.273952e+01  1.670600e+03 -1.532096e+01
      vertex -6.279290e+01  1.670600e+03 -1.537871e+01
      vertex -6.257612e+01  1.447000e+03 -1.505429e+01
    endloop
  endfacet
  facet normal -8.314655e-01  0.000000e+00  5.555764e-01
    outer loop
      vertex -6.257612e+01  1.447000e+03 -1.505429e+01
      vertex -6.279290e+01  1.670600e+03 -1.537871e+01
      vertex -6.279290e+01  1.447000e+03 -1.537871e+01
    endloop
  endfacet
  facet normal -1.000000e+00  -0.000000e+00  0.000000e+00
    outer loop
      vertex -6.250000e+01  1.447000e+03  1.467160e+01
      vertex -6.250000e+01  1.670600e+03  1.467160e+01
      vertex -6.250000e+01  1.447000e+03 -1.467160e+01
    endloop
  endfacet
  facet normal -1.000000e+00  0.000000e+00  0.000000e+00
    outer loop
      vertex -6.250000e+01  1.447000e+03 -1.467160e+01
      vertex -6.250000e+01  1.670600e+03  1.467160e+01
      vertex -6.250000e+01  1.670600e+03 -1.467160e+01
    endloop
  endfacet
  facet normal -9.081146e-01  0.000000e+00 -4.187217e-01
    outer loop
      vertex -6.279290e+01  1.670600e+03  1.537871e+01
      vertex -6.250309e+01  1.670600e+03  1.475019e+01
      vertex -6.279290e+01  1.447000e+03  1.537871e+01
    endloop
  endfacet
  facet normal -8.314654e-01 -4.840342e-04 -5.555763e-01
    outer loop
      vertex -6.279290e+01  1.447000e+03  1.537871e+01
      vertex -6.250309e+01  1.670600e+03  1.475019e+01
      vertex -6.257612e+01  1.447000e+03  1.505429e+01
    endloop
  endfacet
  facet normal -9.992260e-01  2.728531e-04 -3.933607e-02
    outer loop
      vertex -6.250309e+01  1.670600e+03  1.475019e+01
      vertex -6.250000e+01  1.670600e+03  1.467160e+01
      vertex -6.257612e+01  1.447000e+03  1.505429e+01
    endloop
  endfacet
  facet normal -9.807848e-01  0.000000e+00 -1.950928e-01
    outer loop
      vertex -6.257612e+01  1.447000e+03  1.505429e+01
      vertex -6.250000e+01  1.670600e+03  1.467160e+01
      vertex -6.250000e+01  1.447000e+03  1.467160e+01
    endloop
  endfacet
  facet normal -7.071000e-01  -0.000000e+00 -7.071134e-01
    outer loop
      vertex -6.420710e+01  1.447000e+03  1.679289e+01
      vertex -6.420710e+01  1.670600e+03  1.679289e+01
      vertex -6.279290e+01  1.447000e+03  1.537871e+01
    endloop
  endfacet
  facet normal -7.071000e-01  0.000000e+00 -7.071134e-01
    outer loop
      vertex -6.279290e+01  1.447000e+03  1.537871e+01
      vertex -6.420710e+01  1.670600e+03  1.679289e+01
      vertex -6.279290e+01  1.670600e+03  1.537871e+01
    endloop
  endfacet
  facet normal -7.343644e-01  0.000000e+00 -6.787553e-01
    outer loop
      vertex -6.420710e+01  1.670600e+03  1.679289e+01
      vertex -6.420710e+01  1.447000e+03  1.679289e+01
      vertex -6.426048e+01  1.670600e+03  1.685064e+01
    endloop
  endfacet
  facet normal -8.314693e-01 -5.500195e-05 -5.555708e-01
    outer loop
      vertex -6.426048e+01  1.670600e+03  1.685064e+01
      vertex -6.420710e+01  1.447000e+03  1.679289e+01
      vertex -6.442387e+01  1.447000e+03  1.711731e+01
    endloop
  endfacet
  facet normal -9.382116e-01  2.728606e-04 -3.460622e-01
    outer loop
      vertex -6.426048e+01  1.670600e+03  1.685064e+01
      vertex -6.442387e+01  1.447000e+03  1.711731e+01
      vertex -6.450000e+01  1.670600e+03  1.750000e+01
    endloop
  endfacet
  facet normal -9.807830e-01  -0.000000e+00 -1.951017e-01
    outer loop
      vertex -6.450000e+01  1.670600e+03  1.750000e+01
      vertex -6.442387e+01  1.447000e+03  1.711731e+01
      vertex -6.450000e+01  1.447000e+03  1.750000e+01
    endloop
  endfacet
  facet normal -1.000000e+00  -0.000000e+00  0.000000e+00
    outer loop
      vertex -6.450000e+01  1.447000e+03  4.889849e+01
      vertex -6.450000e+01  1.670600e+03  4.889849e+01
      vertex -6.450000e+01  1.447000e+03  1.750000e+01
    endloop
  endfacet
  facet normal -1.000000e+00  0.000000e+00  0.000000e+00
    outer loop
      vertex -6.450000e+01  1.447000e+03  1.750000e+01
      vertex -6.450000e+01  1.670600e+03  4.889849e+01
      vertex -6.450000e+01  1.670600e+03  1.750000e+01
    endloop
  endfacet
  facet normal -9.659259e-01  0.000000e+00 -2.588192e-01
    outer loop
      vertex  5.512500e+01  1.670600e+03 -5.050000e+01
      vertex  5.450537e+01  1.447000e+03 -4.818750e+01
      vertex  5.450537e+01  1.670600e+03 -4.818750e+01
    endloop
  endfacet
  facet normal -7.071068e-01  -0.000000e+00 -7.071068e-01
    outer loop
      vertex  5.450537e+01  1.670600e+03 -4.818750e+01
      vertex  5.450537e+01  1.447000e+03 -4.818750e+01
      vertex  5.281250e+01  1.447000e+03 -4.649463e+01
    endloop
  endfacet
  facet normal -7.071068e-01  0.000000e+00 -7.071068e-01
    outer loop
      vertex  5.450537e+01  1.670600e+03 -4.818750e+01
      vertex  5.281250e+01  1.447000e+03 -4.649463e+01
      vertex  5.281250e+01  1.670600e+03 -4.649463e+01
    endloop
  endfacet
  facet normal -2.588192e-01  -0.000000e+00 -9.659259e-01
    outer loop
      vertex  5.281250e+01  1.670600e+03 -4.649463e+01
      vertex  5.281250e+01  1.447000e+03 -4.649463e+01
      vertex  5.050000e+01  1.447000e+03 -4.587500e+01
    endloop
  endfacet
  facet normal -2.588192e-01  0.000000e+00 -9.659259e-01
    outer loop
      vertex  5.281250e+01  1.670600e+03 -4.649463e+01
      vertex  5.050000e+01  1.447000e+03 -4.587500e+01
      vertex  5.050000e+01  1.670600e+03 -4.587500e+01
    endloop
  endfacet
  facet normal -9.659259e-01  -0.000000e+00 -2.588192e-01
    outer loop
      vertex  5.450537e+01  1.447000e+03 -4.818750e+01
      vertex  5.512500e+01  1.670600e+03 -5.050000e+01
      vertex  5.512500e+01  1.447000e+03 -5.050000e+01
    endloop
  endfacet
  facet normal -9.659259e-01  0.000000e+00  2.588192e-01
    outer loop
      vertex  5.512500e+01  1.447000e+03 -5.050000e+01
      vertex  5.512500e+01  1.670600e+03 -5.050000e+01
      vertex  5.450537e+01  1.670600e+03 -5.281250e+01
    endloop
  endfacet
  facet normal -9.659259e-01  0.000000e+00  2.588192e-01
    outer loop
      vertex  5.512500e+01  1.447000e+03 -5.050000e+01
      vertex  5.450537e+01  1.670600e+03 -5.281250e+01
      vertex  5.450537e+01  1.447000e+03 -5.281250e+01
    endloop
  endfacet
  facet normal -7.071068e-01  0.000000e+00  7.071068e-01
    outer loop
      vertex  5.450537e+01  1.447000e+03 -5.281250e+01
      vertex  5.450537e+01  1.670600e+03 -5.281250e+01
      vertex  5.281250e+01  1.670600e+03 -5.450537e+01
    endloop
  endfacet
  facet normal -7.071068e-01  0.000000e+00  7.071068e-01
    outer loop
      vertex  5.450537e+01  1.447000e+03 -5.281250e+01
      vertex  5.281250e+01  1.670600e+03 -5.450537e+01
      vertex  5.281250e+01  1.447000e+03 -5.450537e+01
    endloop
  endfacet
  facet normal -2.588192e-01  0.000000e+00  9.659259e-01
    outer loop
      vertex  5.281250e+01  1.447000e+03 -5.450537e+01
      vertex  5.281250e+01  1.670600e+03 -5.450537e+01
      vertex  5.050000e+01  1.670600e+03 -5.512500e+01
    endloop
  endfacet
  facet normal -2.588192e-01  0.000000e+00  9.659259e-01
    outer loop
      vertex  5.281250e+01  1.447000e+03 -5.450537e+01
      vertex  5.050000e+01  1.670600e+03 -5.512500e+01
      vertex  5.050000e+01  1.447000e+03 -5.512500e+01
    endloop
  endfacet
  facet normal  9.659259e-01  -0.000000e+00  2.588192e-01
    outer loop
      vertex  4.587500e+01  1.670600e+03 -5.050000e+01
      vertex  4.649463e+01  1.447000e+03 -5.281250e+01
      vertex  4.649463e+01  1.670600e+03 -5.281250e+01
    endloop
  endfacet
  facet normal  7.071068e-01  0.000000e+00  7.071068e-01
    outer loop
      vertex  4.649463e+01  1.670600e+03 -5.281250e+01
      vertex  4.649463e+01  1.447000e+03 -5.281250e+01
      vertex  4.818750e+01  1.447000e+03 -5.450537e+01
    endloop
  endfacet
  facet normal  7.071068e-01  -0.000000e+00  7.071068e-01
    outer loop
      vertex  4.649463e+01  1.670600e+03 -5.281250e+01
      vertex  4.818750e+01  1.447000e+03 -5.450537e+01
      vertex  4.818750e+01  1.670600e+03 -5.450537e+01
    endloop
  endfacet
  facet normal  2.588192e-01  0.000000e+00  9.659259e-01
    outer loop
      vertex  4.818750e+01  1.670600e+03 -5.450537e+01
      vertex  4.818750e+01  1.447000e+03 -5.450537e+01
      vertex  5.050000e+01  1.447000e+03 -5.512500e+01
    endloop
  endfacet
  facet normal  2.588192e-01  -0.000000e+00  9.659259e-01
    outer loop
      vertex  4.818750e+01  1.670600e+03 -5.450537e+01
      vertex  5.050000e+01  1.447000e+03 -5.512500e+01
      vertex  5.050000e+01  1.670600e+03 -5.512500e+01
    endloop
  endfacet
  facet normal  9.659259e-01  0.000000e+00  2.588192e-01
    outer loop
      vertex  4.649463e+01  1.447000e+03 -5.281250e+01
      vertex  4.587500e+01  1.670600e+03 -5.050000e+01
      vertex  4.587500e+01  1.447000e+03 -5.050000e+01
    endloop
  endfacet
  facet normal  9.659259e-01  0.000000e+00 -2.588192e-01
    outer loop
      vertex  4.587500e+01  1.447000e+03 -5.050000e+01
      vertex  4.587500e+01  1.670600e+03 -5.050000e+01
      vertex  4.649463e+01  1.670600e+03 -4.818750e+01
    endloop
  endfacet
  facet normal  9.659259e-01  0.000000e+00 -2.588192e-01
    outer loop
      vertex  4.587500e+01  1.447000e+03 -5.050000e+01
      vertex  4.649463e+01  1.670600e+03 -4.818750e+01
      vertex  4.649463e+01  1.447000e+03 -4.818750e+01
    endloop
  endfacet
  facet normal  7.071068e-01  0.000000e+00 -7.071068e-01
    outer loop
      vertex  4.649463e+01  1.447000e+03 -4.818750e+01
      vertex  4.649463e+01  1.670600e+03 -4.818750e+01
      vertex  4.818750e+01  1.670600e+03 -4.649463e+01
    endloop
  endfacet
  facet normal  7.071068e-01  0.000000e+00 -7.071068e-01
    outer loop
      vertex  4.649463e+01  1.447000e+03 -4.818750e+01
      vertex  4.818750e+01  1.670600e+03 -4.649463e+01
      vertex  4.818750e+01  1.447000e+03 -4.649463e+01
    endloop
  endfacet
  facet normal  2.588192e-01  0.000000e+00 -9.659259e-01
    outer loop
      vertex  4.818750e+01  1.447000e+03 -4.649463e+01
      vertex  4.818750e+01  1.670600e+03 -4.649463e+01
      vertex  5.050000e+01  1.670600e+03 -4.587500e+01
    endloop
  endfacet
  facet normal  2.588192e-01  0.000000e+00 -9.659259e-01
    outer loop
      vertex  4.818750e+01  1.447000e+03 -4.649463e+01
      vertex  5.050000e+01  1.670600e+03 -4.587500e+01
      vertex  5.050000e+01  1.447000e+03 -4.587500e+01
    endloop
  endfacet
  facet normal -9.659259e-01  0.000000e+00 -2.588192e-01
    outer loop
      vertex  5.512500e+01  1.670600e+03  5.050000e+01
      vertex  5.450537e+01  1.447000e+03  5.281250e+01
      vertex  5.450537e+01  1.670600e+03  5.281250e+01
    endloop
  endfacet
  facet normal -7.071068e-01  -0.000000e+00 -7.071068e-01
    outer loop
      vertex  5.450537e+01  1.670600e+03  5.281250e+01
      vertex  5.450537e+01  1.447000e+03  5.281250e+01
      vertex  5.281250e+01  1.447000e+03  5.450537e+01
    endloop
  endfacet
  facet normal -7.071068e-01  0.000000e+00 -7.071068e-01
    outer loop
      vertex  5.450537e+01  1.670600e+03  5.281250e+01
      vertex  5.281250e+01  1.447000e+03  5.450537e+01
      vertex  5.281250e+01  1.670600e+03  5.450537e+01
    endloop
  endfacet
  facet normal -2.588192e-01  -0.000000e+00 -9.659259e-01
    outer loop
      vertex  5.281250e+01  1.670600e+03  5.450537e+01
      vertex  5.281250e+01  1.447000e+03  5.450537e+01
      vertex  5.050000e+01  1.447000e+03  5.512500e+01
    endloop
  endfacet
  facet normal -2.588192e-01  0.000000e+00 -9.659259e-01
    outer loop
      vertex  5.281250e+01  1.670600e+03  5.450537e+01
      vertex  5.050000e+01  1.447000e+03  5.512500e+01
      vertex  5.050000e+01  1.670600e+03  5.512500e+01
    endloop
  endfacet
  facet normal -9.659259e-01  -0.000000e+00 -2.588192e-01
    outer loop
      vertex  5.450537e+01  1.447000e+03  5.281250e+01
      vertex  5.512500e+01  1.670600e+03  5.050000e+01
      vertex  5.512500e+01  1.447000e+03  5.050000e+01
    endloop
  endfacet
  facet normal -9.659259e-01  0.000000e+00  2.588192e-01
    outer loop
      vertex  5.512500e+01  1.447000e+03  5.050000e+01
      vertex  5.512500e+01  1.670600e+03  5.050000e+01
      vertex  5.450537e+01  1.670600e+03  4.818750e+01
    endloop
  endfacet
  facet normal -9.659259e-01  0.000000e+00  2.588192e-01
    outer loop
      vertex  5.512500e+01  1.447000e+03  5.050000e+01
      vertex  5.450537e+01  1.670600e+03  4.818750e+01
      vertex  5.450537e+01  1.447000e+03  4.818750e+01
    endloop
  endfacet
  facet normal -7.071068e-01  0.000000e+00  7.071068e-01
    outer loop
      vertex  5.450537e+01  1.447000e+03  4.818750e+01
      vertex  5.450537e+01  1.670600e+03  4.818750e+01
      vertex  5.281250e+01  1.670600e+03  4.649463e+01
    endloop
  endfacet
  facet normal -7.071068e-01  0.000000e+00  7.071068e-01
    outer loop
      vertex  5.450537e+01  1.447000e+03  4.818750e+01
      vertex  5.281250e+01  1.670600e+03  4.649463e+01
      vertex  5.281250e+01  1.447000e+03  4.649463e+01
    endloop
  endfacet
  facet normal -2.588192e-01  0.000000e+00  9.659259e-01
    outer loop
      vertex  5.281250e+01  1.447000e+03  4.649463e+01
      vertex  5.281250e+01  1.670600e+03  4.649463e+01
      vertex  5.050000e+01  1.670600e+03  4.587500e+01
    endloop
  endfacet
  facet normal -2.588192e-01  0.000000e+00  9.659259e-01
    outer loop
      vertex  5.281250e+01  1.447000e+03  4.649463e+01
      vertex  5.050000e+01  1.670600e+03  4.587500e+01
      vertex  5.050000e+01  1.447000e+03  4.587500e+01
    endloop
  endfacet
  facet normal  9.659259e-01  -0.000000e+00  2.588192e-01
    outer loop
      vertex  4.587500e+01  1.670600e+03  5.050000e+01
      vertex  4.649463e+01  1.447000e+03  4.818750e+01
      vertex  4.649463e+01  1.670600e+03  4.818750e+01
    endloop
  endfacet
  facet normal  7.071068e-01  0.000000e+00  7.071068e-01
    outer loop
      vertex  4.649463e+01  1.670600e+03  4.818750e+01
      vertex  4.649463e+01  1.447000e+03  4.818750e+01
      vertex  4.818750e+01  1.447000e+03  4.649463e+01
    endloop
  endfacet
  facet normal  7.071068e-01  -0.000000e+00  7.071068e-01
    outer loop
      vertex  4.649463e+01  1.670600e+03  4.818750e+01
      vertex  4.818750e+01  1.447000e+03  4.649463e+01
      vertex  4.818750e+01  1.670600e+03  4.649463e+01
    endloop
  endfacet
  facet normal  2.588192e-01  0.000000e+00  9.659259e-01
    outer loop
      vertex  4.818750e+01  1.670600e+03  4.649463e+01
      vertex  4.818750e+01  1.447000e+03  4.649463e+01
      vertex  5.050000e+01  1.447000e+03  4.587500e+01
    endloop
  endfacet
  facet normal  2.588192e-01  -0.000000e+00  9.659259e-01
    outer loop
      vertex  4.818750e+01  1.670600e+03  4.649463e+01
      vertex  5.050000e+01  1.447000e+03  4.587500e+01
      vertex  5.050000e+01  1.670600e+03  4.587500e+01
    endloop
  endfacet
  facet normal  9.659259e-01  0.000000e+00  2.588192e-01
    outer loop
      vertex  4.649463e+01  1.447000e+03  4.818750e+01
      vertex  4.587500e+01  1.670600e+03  5.050000e+01
      vertex  4.587500e+01  1.447000e+03  5.050000e+01
    endloop
  endfacet
  facet normal  9.659259e-01  0.000000e+00 -2.588192e-01
    outer loop
      vertex  4.587500e+01  1.447000e+03  5.050000e+01
      vertex  4.587500e+01  1.670600e+03  5.050000e+01
      vertex  4.649463e+01  1.670600e+03  5.281250e+01
    endloop
  endfacet
  facet normal  9.659259e-01  0.000000e+00 -2.588192e-01
    outer loop
      vertex  4.587500e+01  1.447000e+03  5.050000e+01
      vertex  4.649463e+01  1.670600e+03  5.281250e+01
      vertex  4.649463e+01  1.447000e+03  5.281250e+01
    endloop
  endfacet
  facet normal  7.071068e-01  0.000000e+00 -7.071068e-01
    outer loop
      vertex  4.649463e+01  1.447000e+03  5.281250e+01
      vertex  4.649463e+01  1.670600e+03  5.281250e+01
      vertex  4.818750e+01  1.670600e+03  5.450537e+01
    endloop
  endfacet
  facet normal  7.071068e-01  0.000000e+00 -7.071068e-01
    outer loop
      vertex  4.649463e+01  1.447000e+03  5.281250e+01
      vertex  4.818750e+01  1.670600e+03  5.450537e+01
      vertex  4.818750e+01  1.447000e+03  5.450537e+01
    endloop
  endfacet
  facet normal  2.588192e-01  0.000000e+00 -9.659259e-01
    outer loop
      vertex  4.818750e+01  1.447000e+03  5.450537e+01
      vertex  4.818750e+01  1.670600e+03  5.450537e+01
      vertex  5.050000e+01  1.670600e+03  5.512500e+01
    endloop
  endfacet
  facet normal  2.588192e-01  0.000000e+00 -9.659259e-01
    outer loop
      vertex  4.818750e+01  1.447000e+03  5.450537e+01
      vertex  5.050000e+01  1.670600e+03  5.512500e+01
      vertex  5.050000e+01  1.447000e+03  5.512500e+01
    endloop
  endfacet
  facet normal -9.659259e-01  0.000000e+00 -2.588192e-01
    outer loop
      vertex -4.587500e+01  1.670600e+03 -5.050000e+01
      vertex -4.649463e+01  1.447000e+03 -4.818750e+01
      vertex -4.649463e+01  1.670600e+03 -4.818750e+01
    endloop
  endfacet
  facet normal -7.071068e-01  -0.000000e+00 -7.071068e-01
    outer loop
      vertex -4.649463e+01  1.670600e+03 -4.818750e+01
      vertex -4.649463e+01  1.447000e+03 -4.818750e+01
      vertex -4.818750e+01  1.447000e+03 -4.649463e+01
    endloop
  endfacet
  facet normal -7.071068e-01  0.000000e+00 -7.071068e-01
    outer loop
      vertex -4.649463e+01  1.670600e+03 -4.818750e+01
      vertex -4.818750e+01  1.447000e+03 -4.649463e+01
      vertex -4.818750e+01  1.670600e+03 -4.649463e+01
    endloop
  endfacet
  facet normal -2.588192e-01  -0.000000e+00 -9.659259e-01
    outer loop
      vertex -4.818750e+01  1.670600e+03 -4.649463e+01
      vertex -4.818750e+01  1.447000e+03 -4.649463e+01
      vertex -5.050000e+01  1.447000e+03 -4.587500e+01
    endloop
  endfacet
  facet normal -2.588192e-01  0.000000e+00 -9.659259e-01
    outer loop
      vertex -4.818750e+01  1.670600e+03 -4.649463e+01
      vertex -5.050000e+01  1.447000e+03 -4.587500e+01
      vertex -5.050000e+01  1.670600e+03 -4.587500e+01
    endloop
  endfacet
  facet normal -9.659259e-01  -0.000000e+00 -2.588192e-01
    outer loop
      vertex -4.649463e+01  1.447000e+03 -4.818750e+01
      vertex -4.587500e+01  1.670600e+03 -5.050000e+01
      vertex -4.587500e+01  1.447000e+03 -5.050000e+01
    endloop
  endfacet
  facet normal -9.659259e-01  0.000000e+00  2.588192e-01
    outer loop
      vertex -4.587500e+01  1.447000e+03 -5.050000e+01
      vertex -4.587500e+01  1.670600e+03 -5.050000e+01
      vertex -4.649463e+01  1.670600e+03 -5.281250e+01
    endloop
  endfacet
  facet normal -9.659259e-01  0.000000e+00  2.588192e-01
    outer loop
      vertex -4.587500e+01  1.447000e+03 -5.050000e+01
      vertex -4.649463e+01  1.670600e+03 -5.281250e+01
      vertex -4.649463e+01  1.447000e+03 -5.281250e+01
    endloop
  endfacet
  facet normal -7.071068e-01  0.000000e+00  7.071068e-01
    outer loop
      vertex -4.649463e+01  1.447000e+03 -5.281250e+01
      vertex -4.649463e+01  1.670600e+03 -5.281250e+01
      vertex -4.818750e+01  1.670600e+03 -5.450537e+01
    endloop
  endfacet
  facet normal -7.071068e-01  0.000000e+00  7.071068e-01
    outer loop
      vertex -4.649463e+01  1.447000e+03 -5.281250e+01
      vertex -4.818750e+01  1.670600e+03 -5.450537e+01
      vertex -4.818750e+01  1.447000e+03 -5.450537e+01
    endloop
  endfacet
  facet normal -2.588192e-01  0.000000e+00  9.659259e-01
    outer loop
      vertex -4.818750e+01  1.447000e+03 -5.450537e+01
      vertex -4.818750e+01  1.670600e+03 -5.450537e+01
      vertex -5.050000e+01  1.670600e+03 -5.512500e+01
    endloop
  endfacet
  facet normal -2.588192e-01  0.000000e+00  9.659259e-01
    outer loop
      vertex -4.818750e+01  1.447000e+03 -5.450537e+01
      vertex -5.050000e+01  1.670600e+03 -5.512500e+01
      vertex -5.050000e+01  1.447000e+03 -5.512500e+01
    endloop
  endfacet
  facet normal  9.659259e-01  -0.000000e+00  2.588192e-01
    outer loop
      vertex -5.512500e+01  1.670600e+03 -5.050000e+01
      vertex -5.450537e+01  1.447000e+03 -5.281250e+01
      vertex -5.450537e+01  1.670600e+03 -5.281250e+01
    endloop
  endfacet
  facet normal  7.071068e-01  0.000000e+00  7.071068e-01
    outer loop
      vertex -5.450537e+01  1.670600e+03 -5.281250e+01
      vertex -5.450537e+01  1.447000e+03 -5.281250e+01
      vertex -5.281250e+01  1.447000e+03 -5.450537e+01
    endloop
  endfacet
  facet normal  7.071068e-01  -0.000000e+00  7.071068e-01
    outer loop
      vertex -5.450537e+01  1.670600e+03 -5.281250e+01
      vertex -5.281250e+01  1.447000e+03 -5.450537e+01
      vertex -5.281250e+01  1.670600e+03 -5.450537e+01
    endloop
  endfacet
  facet normal  2.588192e-01  0.000000e+00  9.659259e-01
    outer loop
      vertex -5.281250e+01  1.670600e+03 -5.450537e+01
      vertex -5.281250e+01  1.447000e+03 -5.450537e+01
      vertex -5.050000e+01  1.447000e+03 -5.512500e+01
    endloop
  endfacet
  facet normal  2.588192e-01  -0.000000e+00  9.659259e-01
    outer loop
      vertex -5.281250e+01  1.670600e+03 -5.450537e+01
      vertex -5.050000e+01  1.447000e+03 -5.512500e+01
      vertex -5.050000e+01  1.670600e+03 -5.512500e+01
    endloop
  endfacet
  facet normal  9.659259e-01  0.000000e+00  2.588192e-01
    outer loop
      vertex -5.450537e+01  1.447000e+03 -5.281250e+01
      vertex -5.512500e+01  1.670600e+03 -5.050000e+01
      vertex -5.512500e+01  1.447000e+03 -5.050000e+01
    endloop
  endfacet
  facet normal  9.659259e-01  0.000000e+00 -2.588192e-01
    outer loop
      vertex -5.512500e+01  1.447000e+03 -5.050000e+01
      vertex -5.512500e+01  1.670600e+03 -5.050000e+01
      vertex -5.450537e+01  1.670600e+03 -4.818750e+01
    endloop
  endfacet
  facet normal  9.659259e-01  0.000000e+00 -2.588192e-01
    outer loop
      vertex -5.512500e+01  1.447000e+03 -5.050000e+01
      vertex -5.450537e+01  1.670600e+03 -4.818750e+01
      vertex -5.450537e+01  1.447000e+03 -4.818750e+01
    endloop
  endfacet
  facet normal  7.071068e-01  0.000000e+00 -7.071068e-01
    outer loop
      vertex -5.450537e+01  1.447000e+03 -4.818750e+01
      vertex -5.450537e+01  1.670600e+03 -4.818750e+01
      vertex -5.281250e+01  1.670600e+03 -4.649463e+01
    endloop
  endfacet
  facet normal  7.071068e-01  0.000000e+00 -7.071068e-01
    outer loop
      vertex -5.450537e+01  1.447000e+03 -4.818750e+01
      vertex -5.281250e+01  1.670600e+03 -4.649463e+01
      vertex -5.281250e+01  1.447000e+03 -4.649463e+01
    endloop
  endfacet
  facet normal  2.588192e-01  0.000000e+00 -9.659259e-01
    outer loop
      vertex -5.281250e+01  1.447000e+03 -4.649463e+01
      vertex -5.281250e+01  1.670600e+03 -4.649463e+01
      vertex -5.050000e+01  1.670600e+03 -4.587500e+01
    endloop
  endfacet
  facet normal  2.588192e-01  0.000000e+00 -9.659259e-01
    outer loop
      vertex -5.281250e+01  1.447000e+03 -4.649463e+01
      vertex -5.050000e+01  1.670600e+03 -4.587500e+01
      vertex -5.050000e+01  1.447000e+03 -4.587500e+01
    endloop
  endfacet
  facet normal -9.659259e-01  0.000000e+00 -2.588192e-01
    outer loop
      vertex -4.587500e+01  1.670600e+03  5.050000e+01
      vertex -4.649463e+01  1.447000e+03  5.281250e+01
      vertex -4.649463e+01  1.670600e+03  5.281250e+01
    endloop
  endfacet
  facet normal -7.071068e-01  -0.000000e+00 -7.071068e-01
    outer loop
      vertex -4.649463e+01  1.670600e+03  5.281250e+01
      vertex -4.649463e+01  1.447000e+03  5.281250e+01
      vertex -4.818750e+01  1.447000e+03  5.450537e+01
    endloop
  endfacet
  facet normal -7.071068e-01  0.000000e+00 -7.071068e-01
    outer loop
      vertex -4.649463e+01  1.670600e+03  5.281250e+01
      vertex -4.818750e+01  1.447000e+03  5.450537e+01
      vertex -4.818750e+01  1.670600e+03  5.450537e+01
    endloop
  endfacet
  facet normal -2.588192e-01  -0.000000e+00 -9.659259e-01
    outer loop
      vertex -4.818750e+01  1.670600e+03  5.450537e+01
      vertex -4.818750e+01  1.447000e+03  5.450537e+01
      vertex -5.050000e+01  1.447000e+03  5.512500e+01
    endloop
  endfacet
  facet normal -2.588192e-01  0.000000e+00 -9.659259e-01
    outer loop
      vertex -4.818750e+01  1.670600e+03  5.450537e+01
      vertex -5.050000e+01  1.447000e+03  5.512500e+01
      vertex -5.050000e+01  1.670600e+03  5.512500e+01
    endloop
  endfacet
  facet normal -9.659259e-01  -0.000000e+00 -2.588192e-01
    outer loop
      vertex -4.649463e+01  1.447000e+03  5.281250e+01
      vertex -4.587500e+01  1.670600e+03  5.050000e+01
      vertex -4.587500e+01  1.447000e+03  5.050000e+01
    endloop
  endfacet
  facet normal -9.659259e-01  0.000000e+00  2.588192e-01
    outer loop
      vertex -4.587500e+01  1.447000e+03  5.050000e+01
      vertex -4.587500e+01  1.670600e+03  5.050000e+01
      vertex -4.649463e+01  1.670600e+03  4.818750e+01
    endloop
  endfacet
  facet normal -9.659259e-01  0.000000e+00  2.588192e-01
    outer loop
      vertex -4.587500e+01  1.447000e+03  5.050000e+01
      vertex -4.649463e+01  1.670600e+03  4.818750e+01
      vertex -4.649463e+01  1.447000e+03  4.818750e+01
    endloop
  endfacet
  facet normal -7.071068e-01  0.000000e+00  7.071068e-01
    outer loop
      vertex -4.649463e+01  1.447000e+03  4.818750e+01
      vertex -4.649463e+01  1.670600e+03  4.818750e+01
      vertex -4.818750e+01  1.670600e+03  4.649463e+01
    endloop
  endfacet
  facet normal -7.071068e-01  0.000000e+00  7.071068e-01
    outer loop
      vertex -4.649463e+01  1.447000e+03  4.818750e+01
      vertex -4.818750e+01  1.670600e+03  4.649463e+01
      vertex -4.818750e+01  1.447000e+03  4.649463e+01
    endloop
  endfacet
  facet normal -2.588192e-01  0.000000e+00  9.659259e-01
    outer loop
      vertex -4.818750e+01  1.447000e+03  4.649463e+01
      vertex -4.818750e+01  1.670600e+03  4.649463e+01
      vertex -5.050000e+01  1.670600e+03  4.587500e+01
    endloop
  endfacet
  facet normal -2.588192e-01  0.000000e+00  9.659259e-01
    outer loop
      vertex -4.818750e+01  1.447000e+03  4.649463e+01
      vertex -5.050000e+01  1.670600e+03  4.587500e+01
      vertex -5.050000e+01  1.447000e+03  4.587500e+01
    endloop
  endfacet
  facet normal  9.659259e-01  -0.000000e+00  2.588192e-01
    outer loop
      vertex -5.512500e+01  1.670600e+03  5.050000e+01
      vertex -5.450537e+01  1.447000e+03  4.818750e+01
      vertex -5.450537e+01  1.670600e+03  4.818750e+01
    endloop
  endfacet
  facet normal  7.071068e-01  0.000000e+00  7.071068e-01
    outer loop
      vertex -5.450537e+01  1.670600e+03  4.818750e+01
      vertex -5.450537e+01  1.447000e+03  4.818750e+01
      vertex -5.281250e+01  1.447000e+03  4.649463e+01
    endloop
  endfacet
  facet normal  7.071068e-01  -0.000000e+00  7.071068e-01
    outer loop
      vertex -5.450537e+01  1.670600e+03  4.818750e+01
      vertex -5.281250e+01  1.447000e+03  4.649463e+01
      vertex -5.281250e+01  1.670600e+03  4.649463e+01
    endloop
  endfacet
  facet normal  2.588192e-01  0.000000e+00  9.659259e-01
    outer loop
      vertex -5.281250e+01  1.670600e+03  4.649463e+01
      vertex -5.281250e+01  1.447000e+03  4.649463e+01
      vertex -5.050000e+01  1.447000e+03  4.587500e+01
    endloop
  endfacet
  facet normal  2.588192e-01  -0.000000e+00  9.659259e-01
    outer loop
      vertex -5.281250e+01  1.670600e+03  4.649463e+01
      vertex -5.050000e+01  1.447000e+03  4.587500e+01
      vertex -5.050000e+01  1.670600e+03  4.587500e+01
    endloop
  endfacet
  facet normal  9.659259e-01  0.000000e+00  2.588192e-01
    outer loop
      vertex -5.450537e+01  1.447000e+03  4.818750e+01
      vertex -5.512500e+01  1.670600e+03  5.050000e+01
      vertex -5.512500e+01  1.447000e+03  5.050000e+01
    endloop
  endfacet
  facet normal  9.659259e-01  0.000000e+00 -2.588192e-01
    outer loop
      vertex -5.512500e+01  1.447000e+03  5.050000e+01
      vertex -5.512500e+01  1.670600e+03  5.050000e+01
      vertex -5.450537e+01  1.670600e+03  5.281250e+01
    endloop
  endfacet
  facet normal  9.659259e-01  0.000000e+00 -2.588192e-01
    outer loop
      vertex -5.512500e+01  1.447000e+03  5.050000e+01
      vertex -5.450537e+01  1.670600e+03  5.281250e+01
      vertex -5.450537e+01  1.447000e+03  5.281250e+01
    endloop
  endfacet
  facet normal  7.071068e-01  0.000000e+00 -7.071068e-01
    outer loop
      vertex -5.450537e+01  1.447000e+03  5.281250e+01
      vertex -5.450537e+01  1.670600e+03  5.281250e+01
      vertex -5.281250e+01  1.670600e+03  5.450537e+01
    endloop
  endfacet
  facet normal  7.071068e-01  0.000000e+00 -7.071068e-01
    outer loop
      vertex -5.450537e+01  1.447000e+03  5.281250e+01
      vertex -5.281250e+01  1.670600e+03  5.450537e+01
      vertex -5.281250e+01  1.447000e+03  5.450537e+01
    endloop
  endfacet
  facet normal  2.588192e-01  0.000000e+00 -9.659259e-01
    outer loop
      vertex -5.281250e+01  1.447000e+03  5.450537e+01
      vertex -5.281250e+01  1.670600e+03  5.450537e+01
      vertex -5.050000e+01  1.670600e+03  5.512500e+01
    endloop
  endfacet
  facet normal  2.588192e-01  0.000000e+00 -9.659259e-01
    outer loop
      vertex -5.281250e+01  1.447000e+03  5.450537e+01
      vertex -5.050000e+01  1.670600e+03  5.512500e+01
      vertex -5.050000e+01  1.447000e+03  5.512500e+01
    endloop
  endfacet
  facet normal  7.500691e-01 -1.292670e-04  6.613594e-01
    outer loop
      vertex -5.721423e+01  1.670600e+03 -4.088114e+01
      vertex -5.691422e+01  1.447000e+03 -4.126510e+01
      vertex -5.673679e+01  1.670600e+03 -4.142263e+01
    endloop
  endfacet
  facet normal  3.826844e-01  3.471998e-04  9.238791e-01
    outer loop
      vertex -5.673679e+01  1.670600e+03 -4.142263e+01
      vertex -5.691422e+01  1.447000e+03 -4.126510e+01
      vertex -5.550000e+01  1.447000e+03 -4.185089e+01
    endloop
  endfacet
  facet normal  4.685982e-01  8.999194e-04  8.834110e-01
    outer loop
      vertex -5.673679e+01  1.670600e+03 -4.142263e+01
      vertex -5.550000e+01  1.447000e+03 -4.185089e+01
      vertex -5.610766e+01  1.670600e+03 -4.175634e+01
    endloop
  endfacet
  facet normal -1.161763e-01 -7.357190e-04  9.932284e-01
    outer loop
      vertex -5.610766e+01  1.670600e+03 -4.175634e+01
      vertex -5.550000e+01  1.447000e+03 -4.185089e+01
      vertex -5.503846e+01  1.447000e+03 -4.179691e+01
    endloop
  endfacet
  facet normal  3.791268e-02  -0.000000e+00  9.992811e-01
    outer loop
      vertex -5.610766e+01  1.670600e+03 -4.175634e+01
      vertex -5.503846e+01  1.447000e+03 -4.179691e+01
      vertex -5.503846e+01  1.670600e+03 -4.179691e+01
    endloop
  endfacet
  facet normal  9.636174e-01  -0.000000e+00  2.672852e-01
    outer loop
      vertex -5.750000e+01  1.670600e+03 -3.985089e+01
      vertex -5.750000e+01  1.447000e+03 -3.985089e+01
      vertex -5.721423e+01  1.670600e+03 -4.088114e+01
    endloop
  endfacet
  facet normal  9.238796e-01  5.824869e-04  3.826831e-01
    outer loop
      vertex -5.721423e+01  1.670600e+03 -4.088114e+01
      vertex -5.750000e+01  1.447000e+03 -3.985089e+01
      vertex -5.691422e+01  1.447000e+03 -4.126510e+01
    endloop
  endfacet
  facet normal  5.150781e-01 -7.959302e-04  8.571429e-01
    outer loop
      vertex -4.861744e+01  1.447000e+03 -4.220798e+01
      vertex -4.523465e+01  1.447000e+03 -4.424078e+01
      vertex -4.692156e+01  1.670600e+03 -4.301944e+01
    endloop
  endfacet
  facet normal  9.145432e-01  3.280093e-04  4.044881e-01
    outer loop
      vertex -4.192883e+01  1.670600e+03 -4.945857e+01
      vertex -4.313776e+01  1.670600e+03 -4.672519e+01
      vertex -4.278709e+01  1.447000e+03 -4.733673e+01
    endloop
  endfacet
  facet normal  9.528713e-01 -7.786318e-04  3.033735e-01
    outer loop
      vertex -4.278709e+01  1.447000e+03 -4.733673e+01
      vertex -4.158980e+01  1.447000e+03 -5.109732e+01
      vertex -4.192883e+01  1.670600e+03 -4.945857e+01
    endloop
  endfacet
  facet normal -1.140253e-01  0.000000e+00  9.934779e-01
    outer loop
      vertex -5.503846e+01  1.670600e+03 -4.179691e+01
      vertex -5.503846e+01  1.447000e+03 -4.179691e+01
      vertex -5.245248e+01  1.670600e+03 -4.150010e+01
    endloop
  endfacet
  facet normal -1.161709e-01  2.514429e-05  9.932293e-01
    outer loop
      vertex -5.245248e+01  1.670600e+03 -4.150010e+01
      vertex -5.503846e+01  1.447000e+03 -4.179691e+01
      vertex -5.250000e+01  1.447000e+03 -4.150000e+01
    endloop
  endfacet
  facet normal  1.226041e-01 -2.559669e-05  9.924556e-01
    outer loop
      vertex -5.245248e+01  1.670600e+03 -4.150010e+01
      vertex -5.250000e+01  1.447000e+03 -4.150000e+01
      vertex -4.986916e+01  1.670600e+03 -4.181924e+01
    endloop
  endfacet
  facet normal  1.793900e-01 -7.061193e-04  9.837778e-01
    outer loop
      vertex -4.986916e+01  1.670600e+03 -4.181924e+01
      vertex -5.250000e+01  1.447000e+03 -4.150000e+01
      vertex -4.861744e+01  1.447000e+03 -4.220798e+01
    endloop
  endfacet
  facet normal  3.771163e-01  5.009210e-04  9.261658e-01
    outer loop
      vertex -4.986916e+01  1.670600e+03 -4.181924e+01
      vertex -4.861744e+01  1.447000e+03 -4.220798e+01
      vertex -4.692156e+01  1.670600e+03 -4.301944e+01
    endloop
  endfacet
  facet normal  7.844644e-01 -4.658838e-04  6.201736e-01
    outer loop
      vertex -4.278709e+01  1.447000e+03 -4.733673e+01
      vertex -4.313776e+01  1.670600e+03 -4.672519e+01
      vertex -4.523465e+01  1.447000e+03 -4.424078e+01
    endloop
  endfacet
  facet normal  7.725737e-01 -1.904700e-04  6.349251e-01
    outer loop
      vertex -4.523465e+01  1.447000e+03 -4.424078e+01
      vertex -4.313776e+01  1.670600e+03 -4.672519e+01
      vertex -4.502076e+01  1.670600e+03 -4.443396e+01
    endloop
  endfacet
  facet normal  5.970035e-01  1.220359e-04  8.022386e-01
    outer loop
      vertex -4.523465e+01  1.447000e+03 -4.424078e+01
      vertex -4.502076e+01  1.670600e+03 -4.443396e+01
      vertex -4.692156e+01  1.670600e+03 -4.301944e+01
    endloop
  endfacet
  facet normal  9.986221e-01  0.000000e+00 -5.247771e-02
    outer loop
      vertex -4.179691e+01  1.447000e+03 -5.503846e+01
      vertex -4.179691e+01  1.670600e+03 -5.503846e+01
      vertex -4.158980e+01  1.447000e+03 -5.109732e+01
    endloop
  endfacet
  facet normal  9.941927e-01 -9.758621e-04 -1.076103e-01
    outer loop
      vertex -4.158980e+01  1.447000e+03 -5.109732e+01
      vertex -4.179691e+01  1.670600e+03 -5.503846e+01
      vertex -4.150163e+01  1.670600e+03 -5.231049e+01
    endloop
  endfacet
  facet normal  9.889665e-01  4.137970e-04  1.481389e-01
    outer loop
      vertex -4.158980e+01  1.447000e+03 -5.109732e+01
      vertex -4.150163e+01  1.670600e+03 -5.231049e+01
      vertex -4.192883e+01  1.670600e+03 -4.945857e+01
    endloop
  endfacet
  facet normal  8.823475e-01 -8.116026e-05  4.705984e-01
    outer loop
      vertex -4.175660e+01  1.670600e+03 -5.610685e+01
      vertex -4.171673e+01  1.447000e+03 -5.622016e+01
      vertex -4.141647e+01  1.670600e+03 -5.674457e+01
    endloop
  endfacet
  facet normal  7.844654e-01  4.010806e-04  6.201724e-01
    outer loop
      vertex -4.141647e+01  1.670600e+03 -5.674457e+01
      vertex -4.171673e+01  1.447000e+03 -5.622016e+01
      vertex -4.098219e+01  1.447000e+03 -5.714929e+01
    endloop
  endfacet
  facet normal  6.595511e-01 -7.952529e-05  7.516598e-01
    outer loop
      vertex -4.141647e+01  1.670600e+03 -5.674457e+01
      vertex -4.098219e+01  1.447000e+03 -5.714929e+01
      vertex -4.088140e+01  1.670600e+03 -5.721407e+01
    endloop
  endfacet
  facet normal  2.961031e-01  1.432467e-04  9.551560e-01
    outer loop
      vertex -4.088140e+01  1.670600e+03 -5.721407e+01
      vertex -4.098219e+01  1.447000e+03 -5.714929e+01
      vertex -3.985089e+01  1.447000e+03 -5.750000e+01
    endloop
  endfacet
  facet normal  2.673633e-01  -0.000000e+00  9.635958e-01
    outer loop
      vertex -4.088140e+01  1.670600e+03 -5.721407e+01
      vertex -3.985089e+01  1.447000e+03 -5.750000e+01
      vertex -3.985089e+01  1.670600e+03 -5.750000e+01
    endloop
  endfacet
  facet normal  9.977064e-01  0.000000e+00  6.769040e-02
    outer loop
      vertex -4.179691e+01  1.447000e+03 -5.503846e+01
      vertex -4.171673e+01  1.447000e+03 -5.622016e+01
      vertex -4.179691e+01  1.670600e+03 -5.503846e+01
    endloop
  endfacet
  facet normal  9.992892e-01  1.590666e-04  3.769933e-02
    outer loop
      vertex -4.179691e+01  1.670600e+03 -5.503846e+01
      vertex -4.171673e+01  1.447000e+03 -5.622016e+01
      vertex -4.175660e+01  1.670600e+03 -5.610685e+01
    endloop
  endfacet
  facet normal  0.000000e+00  0.000000e+00  1.000000e+00
    outer loop
      vertex -3.985089e+01  1.447000e+03 -5.750000e+01
      vertex  3.985089e+01  1.447000e+03 -5.750000e+01
      vertex -3.985089e+01  1.670600e+03 -5.750000e+01
    endloop
  endfacet
  facet normal  -0.000000e+00  0.000000e+00  1.000000e+00
    outer loop
      vertex -3.985089e+01  1.670600e+03 -5.750000e+01
      vertex  3.985089e+01  1.447000e+03 -5.750000e+01
      vertex  3.985089e+01  1.670600e+03 -5.750000e+01
    endloop
  endfacet
  facet normal -6.613675e-01 -8.104644e-05  7.500620e-01
    outer loop
      vertex  4.088114e+01  1.670600e+03 -5.721423e+01
      vertex  4.098219e+01  1.447000e+03 -5.714929e+01
      vertex  4.142265e+01  1.670600e+03 -5.673676e+01
    endloop
  endfacet
  facet normal -7.844654e-01  4.010823e-04  6.201724e-01
    outer loop
      vertex  4.142265e+01  1.670600e+03 -5.673676e+01
      vertex  4.098219e+01  1.447000e+03 -5.714929e+01
      vertex  4.171673e+01  1.447000e+03 -5.622016e+01
    endloop
  endfacet
  facet normal -8.834178e-01 -7.928156e-05  4.685861e-01
    outer loop
      vertex  4.142265e+01  1.670600e+03 -5.673676e+01
      vertex  4.171673e+01  1.447000e+03 -5.622016e+01
      vertex  4.175635e+01  1.670600e+03 -5.610764e+01
    endloop
  endfacet
  facet normal -9.977064e-01  1.427029e-04  6.769041e-02
    outer loop
      vertex  4.175635e+01  1.670600e+03 -5.610764e+01
      vertex  4.171673e+01  1.447000e+03 -5.622016e+01
      vertex  4.179691e+01  1.447000e+03 -5.503846e+01
    endloop
  endfacet
  facet normal -9.992813e-01  0.000000e+00  3.790637e-02
    outer loop
      vertex  4.175635e+01  1.670600e+03 -5.610764e+01
      vertex  4.179691e+01  1.447000e+03 -5.503846e+01
      vertex  4.179691e+01  1.670600e+03 -5.503846e+01
    endloop
  endfacet
  facet normal -2.961031e-01  0.000000e+00  9.551560e-01
    outer loop
      vertex  3.985089e+01  1.447000e+03 -5.750000e+01
      vertex  4.098219e+01  1.447000e+03 -5.714929e+01
      vertex  3.985089e+01  1.670600e+03 -5.750000e+01
    endloop
  endfacet
  facet normal -2.672852e-01  1.590750e-04  9.636174e-01
    outer loop
      vertex  3.985089e+01  1.670600e+03 -5.750000e+01
      vertex  4.098219e+01  1.447000e+03 -5.714929e+01
      vertex  4.088114e+01  1.670600e+03 -5.721423e+01
    endloop
  endfacet
  facet normal -9.528714e-01 -6.957133e-04  3.033735e-01
    outer loop
      vertex  4.182509e+01  1.670600e+03 -4.984552e+01
      vertex  4.158980e+01  1.447000e+03 -5.109732e+01
      vertex  4.278709e+01  1.447000e+03 -4.733673e+01
    endloop
  endfacet
  facet normal -6.336336e-01  4.164405e-04  7.736332e-01
    outer loop
      vertex  4.673788e+01  1.670600e+03 -4.312994e+01
      vertex  4.444883e+01  1.670600e+03 -4.500475e+01
      vertex  4.523465e+01  1.447000e+03 -4.424078e+01
    endloop
  endfacet
  facet normal -5.150781e-01 -7.954582e-04  8.571429e-01
    outer loop
      vertex  4.523465e+01  1.447000e+03 -4.424078e+01
      vertex  4.861744e+01  1.447000e+03 -4.220798e+01
      vertex  4.673788e+01  1.670600e+03 -4.312994e+01
    endloop
  endfacet
  facet normal -9.935407e-01  0.000000e+00 -1.134762e-01
    outer loop
      vertex  4.179691e+01  1.670600e+03 -5.503846e+01
      vertex  4.179691e+01  1.447000e+03 -5.503846e+01
      vertex  4.150016e+01  1.670600e+03 -5.244031e+01
    endloop
  endfacet
  facet normal -9.986218e-01 -7.155247e-04 -5.247770e-02
    outer loop
      vertex  4.150016e+01  1.670600e+03 -5.244031e+01
      vertex  4.179691e+01  1.447000e+03 -5.503846e+01
      vertex  4.158980e+01  1.447000e+03 -5.109732e+01
    endloop
  endfacet
  facet normal -9.922506e-01  3.485123e-04  1.242529e-01
    outer loop
      vertex  4.150016e+01  1.670600e+03 -5.244031e+01
      vertex  4.158980e+01  1.447000e+03 -5.109732e+01
      vertex  4.182509e+01  1.670600e+03 -4.984552e+01
    endloop
  endfacet
  facet normal -7.844644e-01 -6.379674e-04  6.201735e-01
    outer loop
      vertex  4.523465e+01  1.447000e+03 -4.424078e+01
      vertex  4.444883e+01  1.670600e+03 -4.500475e+01
      vertex  4.278709e+01  1.447000e+03 -4.733673e+01
    endloop
  endfacet
  facet normal -8.013247e-01 -2.838066e-04  5.982296e-01
    outer loop
      vertex  4.278709e+01  1.447000e+03 -4.733673e+01
      vertex  4.444883e+01  1.670600e+03 -4.500475e+01
      vertex  4.302542e+01  1.670600e+03 -4.691140e+01
    endloop
  endfacet
  facet normal -9.255452e-01  2.663097e-04  3.786372e-01
    outer loop
      vertex  4.278709e+01  1.447000e+03 -4.733673e+01
      vertex  4.302542e+01  1.670600e+03 -4.691140e+01
      vertex  4.182509e+01  1.670600e+03 -4.984552e+01
    endloop
  endfacet
  facet normal  1.161709e-01  0.000000e+00  9.932293e-01
    outer loop
      vertex  5.503846e+01  1.447000e+03 -4.179691e+01
      vertex  5.503846e+01  1.670600e+03 -4.179691e+01
      vertex  5.250000e+01  1.447000e+03 -4.150000e+01
    endloop
  endfacet
  facet normal  1.076626e-01  9.786477e-05  9.941875e-01
    outer loop
      vertex  5.250000e+01  1.447000e+03 -4.150000e+01
      vertex  5.503846e+01  1.670600e+03 -4.179691e+01
      vertex  5.231165e+01  1.670600e+03 -4.150161e+01
    endloop
  endfacet
  facet normal -1.793900e-01 -1.440107e-04  9.837781e-01
    outer loop
      vertex  5.250000e+01  1.447000e+03 -4.150000e+01
      vertex  5.231165e+01  1.670600e+03 -4.150161e+01
      vertex  4.861744e+01  1.447000e+03 -4.220798e+01
    endloop
  endfacet
  facet normal -1.477898e-01 -6.826489e-04  9.890185e-01
    outer loop
      vertex  4.861744e+01  1.447000e+03 -4.220798e+01
      vertex  5.231165e+01  1.670600e+03 -4.150161e+01
      vertex  4.946492e+01  1.670600e+03 -4.192700e+01
    endloop
  endfacet
  facet normal -4.035932e-01  3.799818e-04  9.149384e-01
    outer loop
      vertex  4.861744e+01  1.447000e+03 -4.220798e+01
      vertex  4.946492e+01  1.670600e+03 -4.192700e+01
      vertex  4.673788e+01  1.670600e+03 -4.312994e+01
    endloop
  endfacet
  facet normal -7.513983e-01 -1.241651e-04  6.598489e-01
    outer loop
      vertex  5.674381e+01  1.670600e+03 -4.141708e+01
      vertex  5.691422e+01  1.447000e+03 -4.126510e+01
      vertex  5.721375e+01  1.670600e+03 -4.088194e+01
    endloop
  endfacet
  facet normal -9.238796e-01  5.818497e-04  3.826831e-01
    outer loop
      vertex  5.721375e+01  1.670600e+03 -4.088194e+01
      vertex  5.691422e+01  1.447000e+03 -4.126510e+01
      vertex  5.750000e+01  1.447000e+03 -3.985089e+01
    endloop
  endfacet
  facet normal -9.635541e-01  0.000000e+00  2.675137e-01
    outer loop
      vertex  5.721375e+01  1.670600e+03 -4.088194e+01
      vertex  5.750000e+01  1.447000e+03 -3.985089e+01
      vertex  5.750000e+01  1.670600e+03 -3.985089e+01
    endloop
  endfacet
  facet normal -4.703830e-01  2.413007e-04  8.824623e-01
    outer loop
      vertex  5.674381e+01  1.670600e+03 -4.141708e+01
      vertex  5.610685e+01  1.670600e+03 -4.175660e+01
      vertex  5.691422e+01  1.447000e+03 -4.126510e+01
    endloop
  endfacet
  facet normal -3.826843e-01  6.489995e-04  9.238790e-01
    outer loop
      vertex  5.691422e+01  1.447000e+03 -4.126510e+01
      vertex  5.610685e+01  1.670600e+03 -4.175660e+01
      vertex  5.550000e+01  1.447000e+03 -4.185089e+01
    endloop
  endfacet
  facet normal -3.769933e-02 -3.190831e-04  9.992892e-01
    outer loop
      vertex  5.610685e+01  1.670600e+03 -4.175660e+01
      vertex  5.503846e+01  1.670600e+03 -4.179691e+01
      vertex  5.550000e+01  1.447000e+03 -4.185089e+01
    endloop
  endfacet
  facet normal  1.161763e-01  0.000000e+00  9.932287e-01
    outer loop
      vertex  5.550000e+01  1.447000e+03 -4.185089e+01
      vertex  5.503846e+01  1.670600e+03 -4.179691e+01
      vertex  5.503846e+01  1.447000e+03 -4.179691e+01
    endloop
  endfacet
  facet normal -1.000000e+00  0.000000e+00  0.000000e+00
    outer loop
      vertex  5.750000e+01  1.447000e+03 -3.985089e+01
      vertex  5.750000e+01  1.447000e+03  3.985089e+01
      vertex  5.750000e+01  1.670600e+03 -3.985089e+01
    endloop
  endfacet
  facet normal -1.000000e+00  0.000000e+00  0.000000e+00
    outer loop
      vertex  5.750000e+01  1.670600e+03 -3.985089e+01
      vertex  5.750000e+01  1.447000e+03  3.985089e+01
      vertex  5.750000e+01  1.670600e+03  3.985089e+01
    endloop
  endfacet
  facet normal -7.500737e-01 -1.292523e-04 -6.613544e-01
    outer loop
      vertex  5.721423e+01  1.670600e+03  4.088114e+01
      vertex  5.691422e+01  1.447000e+03  4.126510e+01
      vertex  5.673681e+01  1.670600e+03  4.142260e+01
    endloop
  endfacet
  facet normal -3.826843e-01  3.471509e-04 -9.238791e-01
    outer loop
      vertex  5.673681e+01  1.670600e+03  4.142260e+01
      vertex  5.691422e+01  1.447000e+03  4.126510e+01
      vertex  5.550000e+01  1.447000e+03  4.185089e+01
    endloop
  endfacet
  facet normal -4.686127e-01  8.999797e-04 -8.834034e-01
    outer loop
      vertex  5.673681e+01  1.670600e+03  4.142260e+01
      vertex  5.550000e+01  1.447000e+03  4.185089e+01
      vertex  5.610769e+01  1.670600e+03  4.175633e+01
    endloop
  endfacet
  facet normal  1.161763e-01 -7.357649e-04 -9.932284e-01
    outer loop
      vertex  5.610769e+01  1.670600e+03  4.175633e+01
      vertex  5.550000e+01  1.447000e+03  4.185089e+01
      vertex  5.503846e+01  1.447000e+03  4.179691e+01
    endloop
  endfacet
  facet normal -3.791898e-02  0.000000e+00 -9.992808e-01
    outer loop
      vertex  5.610769e+01  1.670600e+03  4.175633e+01
      vertex  5.503846e+01  1.447000e+03  4.179691e+01
      vertex  5.503846e+01  1.670600e+03  4.179691e+01
    endloop
  endfacet
  facet normal -9.636174e-01  0.000000e+00 -2.672852e-01
    outer loop
      vertex  5.750000e+01  1.670600e+03  3.985089e+01
      vertex  5.750000e+01  1.447000e+03  3.985089e+01
      vertex  5.721423e+01  1.670600e+03  4.088114e+01
    endloop
  endfacet
  facet normal -9.238796e-01  5.824869e-04 -3.826831e-01
    outer loop
      vertex  5.721423e+01  1.670600e+03  4.088114e+01
      vertex  5.750000e+01  1.447000e+03  3.985089e+01
      vertex  5.691422e+01  1.447000e+03  4.126510e+01
    endloop
  endfacet
  facet normal -5.150781e-01 -7.957470e-04 -8.571429e-01
    outer loop
      vertex  4.861744e+01  1.447000e+03  4.220798e+01
      vertex  4.523465e+01  1.447000e+03  4.424078e+01
      vertex  4.692536e+01  1.670600e+03  4.301720e+01
    endloop
  endfacet
  facet normal -9.143951e-01  3.302511e-04 -4.048227e-01
    outer loop
      vertex  4.192951e+01  1.670600e+03  4.945619e+01
      vertex  4.314069e+01  1.670600e+03  4.672045e+01
      vertex  4.278709e+01  1.447000e+03  4.733673e+01
    endloop
  endfacet
  facet normal -9.528713e-01 -7.789352e-04 -3.033735e-01
    outer loop
      vertex  4.278709e+01  1.447000e+03  4.733673e+01
      vertex  4.158980e+01  1.447000e+03  5.109732e+01
      vertex  4.192951e+01  1.670600e+03  4.945619e+01
    endloop
  endfacet
  facet normal  1.142307e-01  0.000000e+00 -9.934543e-01
    outer loop
      vertex  5.503846e+01  1.670600e+03  4.179691e+01
      vertex  5.503846e+01  1.447000e+03  4.179691e+01
      vertex  5.245703e+01  1.670600e+03  4.150008e+01
    endloop
  endfacet
  facet normal  1.161709e-01  2.269910e-05 -9.932293e-01
    outer loop
      vertex  5.245703e+01  1.670600e+03  4.150008e+01
      vertex  5.503846e+01  1.447000e+03  4.179691e+01
      vertex  5.250000e+01  1.447000e+03  4.150000e+01
    endloop
  endfacet
  facet normal -1.219889e-01 -2.307192e-05 -9.925314e-01
    outer loop
      vertex  5.245703e+01  1.670600e+03  4.150008e+01
      vertex  5.250000e+01  1.447000e+03  4.150000e+01
      vertex  4.987798e+01  1.670600e+03  4.181707e+01
    endloop
  endfacet
  facet normal -1.793900e-01 -7.085903e-04 -9.837778e-01
    outer loop
      vertex  4.987798e+01  1.670600e+03  4.181707e+01
      vertex  5.250000e+01  1.447000e+03  4.150000e+01
      vertex  4.861744e+01  1.447000e+03  4.220798e+01
    endloop
  endfacet
  facet normal -3.765482e-01  5.032052e-04 -9.263969e-01
    outer loop
      vertex  4.987798e+01  1.670600e+03  4.181707e+01
      vertex  4.861744e+01  1.447000e+03  4.220798e+01
      vertex  4.692536e+01  1.670600e+03  4.301720e+01
    endloop
  endfacet
  facet normal -7.844645e-01 -4.687675e-04 -6.201735e-01
    outer loop
      vertex  4.278709e+01  1.447000e+03  4.733673e+01
      vertex  4.314069e+01  1.670600e+03  4.672045e+01
      vertex  4.523465e+01  1.447000e+03  4.424078e+01
    endloop
  endfacet
  facet normal -7.721773e-01 -1.847643e-04 -6.354071e-01
    outer loop
      vertex  4.523465e+01  1.447000e+03  4.424078e+01
      vertex  4.314069e+01  1.670600e+03  4.672045e+01
      vertex  4.502675e+01  1.670600e+03  4.442841e+01
    endloop
  endfacet
  facet normal -5.965449e-01  1.188255e-04 -8.025797e-01
    outer loop
      vertex  4.523465e+01  1.447000e+03  4.424078e+01
      vertex  4.502675e+01  1.670600e+03  4.442841e+01
      vertex  4.692536e+01  1.670600e+03  4.301720e+01
    endloop
  endfacet
  facet normal -9.986221e-01  0.000000e+00  5.247771e-02
    outer loop
      vertex  4.179691e+01  1.447000e+03  5.503846e+01
      vertex  4.179691e+01  1.670600e+03  5.503846e+01
      vertex  4.158980e+01  1.447000e+03  5.109732e+01
    endloop
  endfacet
  facet normal -9.941948e-01 -9.755103e-04  1.075905e-01
    outer loop
      vertex  4.158980e+01  1.447000e+03  5.109732e+01
      vertex  4.179691e+01  1.670600e+03  5.503846e+01
      vertex  4.150164e+01  1.670600e+03  5.231005e+01
    endloop
  endfacet
  facet normal -9.889468e-01  4.142614e-04 -1.482704e-01
    outer loop
      vertex  4.158980e+01  1.447000e+03  5.109732e+01
      vertex  4.150164e+01  1.670600e+03  5.231005e+01
      vertex  4.192951e+01  1.670600e+03  4.945619e+01
    endloop
  endfacet
  facet normal -8.824331e-01 -8.106371e-05 -4.704380e-01
    outer loop
      vertex  4.175660e+01  1.670600e+03  5.610685e+01
      vertex  4.171673e+01  1.447000e+03  5.622016e+01
      vertex  4.141692e+01  1.670600e+03  5.674400e+01
    endloop
  endfacet
  facet normal -7.844654e-01  4.010861e-04 -6.201724e-01
    outer loop
      vertex  4.141692e+01  1.670600e+03  5.674400e+01
      vertex  4.171673e+01  1.447000e+03  5.622016e+01
      vertex  4.098219e+01  1.447000e+03  5.714929e+01
    endloop
  endfacet
  facet normal -6.597776e-01 -7.930917e-05 -7.514610e-01
    outer loop
      vertex  4.141692e+01  1.670600e+03  5.674400e+01
      vertex  4.098219e+01  1.447000e+03  5.714929e+01
      vertex  4.088180e+01  1.670600e+03  5.721383e+01
    endloop
  endfacet
  facet normal -2.961031e-01  1.427617e-04 -9.551560e-01
    outer loop
      vertex  4.088180e+01  1.670600e+03  5.721383e+01
      vertex  4.098219e+01  1.447000e+03  5.714929e+01
      vertex  3.985089e+01  1.447000e+03  5.750000e+01
    endloop
  endfacet
  facet normal -2.674730e-01  0.000000e+00 -9.635653e-01
    outer loop
      vertex  4.088180e+01  1.670600e+03  5.721383e+01
      vertex  3.985089e+01  1.447000e+03  5.750000e+01
      vertex  3.985089e+01  1.670600e+03  5.750000e+01
    endloop
  endfacet
  facet normal -9.977064e-01  0.000000e+00 -6.769040e-02
    outer loop
      vertex  4.179691e+01  1.447000e+03  5.503846e+01
      vertex  4.171673e+01  1.447000e+03  5.622016e+01
      vertex  4.179691e+01  1.670600e+03  5.503846e+01
    endloop
  endfacet
  facet normal -9.992892e-01  1.590666e-04 -3.769933e-02
    outer loop
      vertex  4.179691e+01  1.670600e+03  5.503846e+01
      vertex  4.171673e+01  1.447000e+03  5.622016e+01
      vertex  4.175660e+01  1.670600e+03  5.610685e+01
    endloop
  endfacet
  facet normal  0.000000e+00  0.000000e+00 -1.000000e+00
    outer loop
      vertex  3.985089e+01  1.447000e+03  5.750000e+01
      vertex -3.985089e+01  1.447000e+03  5.750000e+01
      vertex  3.985089e+01  1.670600e+03  5.750000e+01
    endloop
  endfacet
  facet normal  -0.000000e+00  0.000000e+00 -1.000000e+00
    outer loop
      vertex  3.985089e+01  1.670600e+03  5.750000e+01
      vertex -3.985089e+01  1.447000e+03  5.750000e+01
      vertex -3.985089e+01  1.670600e+03  5.750000e+01
    endloop
  endfacet
  facet normal  6.614233e-01 -8.108599e-05 -7.500128e-01
    outer loop
      vertex -4.088114e+01  1.670600e+03  5.721423e+01
      vertex -4.098219e+01  1.447000e+03  5.714929e+01
      vertex -4.142284e+01  1.670600e+03  5.673652e+01
    endloop
  endfacet
  facet normal  7.844654e-01  4.010820e-04 -6.201724e-01
    outer loop
      vertex -4.142284e+01  1.670600e+03  5.673652e+01
      vertex -4.098219e+01  1.447000e+03  5.714929e+01
      vertex -4.171673e+01  1.447000e+03  5.622016e+01
    endloop
  endfacet
  facet normal  8.834768e-01 -7.937277e-05 -4.684750e-01
    outer loop
      vertex -4.142284e+01  1.670600e+03  5.673652e+01
      vertex -4.171673e+01  1.447000e+03  5.622016e+01
      vertex -4.175640e+01  1.670600e+03  5.610746e+01
    endloop
  endfacet
  facet normal  9.977064e-01  1.429028e-04 -6.769041e-02
    outer loop
      vertex -4.175640e+01  1.670600e+03  5.610746e+01
      vertex -4.171673e+01  1.447000e+03  5.622016e+01
      vertex -4.179691e+01  1.447000e+03  5.503846e+01
    endloop
  endfacet
  facet normal  9.992830e-01  0.000000e+00 -3.785944e-02
    outer loop
      vertex -4.175640e+01  1.670600e+03  5.610746e+01
      vertex -4.179691e+01  1.447000e+03  5.503846e+01
      vertex -4.179691e+01  1.670600e+03  5.503846e+01
    endloop
  endfacet
  facet normal  2.961031e-01  0.000000e+00 -9.551560e-01
    outer loop
      vertex -3.985089e+01  1.447000e+03  5.750000e+01
      vertex -4.098219e+01  1.447000e+03  5.714929e+01
      vertex -3.985089e+01  1.670600e+03  5.750000e+01
    endloop
  endfacet
  facet normal  2.672852e-01  1.590750e-04 -9.636174e-01
    outer loop
      vertex -3.985089e+01  1.670600e+03  5.750000e+01
      vertex -4.098219e+01  1.447000e+03  5.714929e+01
      vertex -4.088114e+01  1.670600e+03  5.721423e+01
    endloop
  endfacet
  facet normal  9.528714e-01 -6.892979e-04 -3.033735e-01
    outer loop
      vertex -4.181982e+01  1.670600e+03  4.986678e+01
      vertex -4.158980e+01  1.447000e+03  5.109732e+01
      vertex -4.278709e+01  1.447000e+03  4.733673e+01
    endloop
  endfacet
  facet normal  6.347944e-01  4.208727e-04 -7.726811e-01
    outer loop
      vertex -4.672647e+01  1.670600e+03  4.313697e+01
      vertex -4.443546e+01  1.670600e+03  4.501914e+01
      vertex -4.523465e+01  1.447000e+03  4.424078e+01
    endloop
  endfacet
  facet normal  5.150781e-01 -7.948024e-04 -8.571429e-01
    outer loop
      vertex -4.523465e+01  1.447000e+03  4.424078e+01
      vertex -4.861744e+01  1.447000e+03  4.220798e+01
      vertex -4.672647e+01  1.670600e+03  4.313697e+01
    endloop
  endfacet
  facet normal  9.934840e-01  -0.000000e+00  1.139706e-01
    outer loop
      vertex -4.179691e+01  1.670600e+03  5.503846e+01
      vertex -4.179691e+01  1.447000e+03  5.503846e+01
      vertex -4.150011e+01  1.670600e+03  5.245126e+01
    endloop
  endfacet
  facet normal  9.986218e-01 -7.183335e-04  5.247770e-02
    outer loop
      vertex -4.150011e+01  1.670600e+03  5.245126e+01
      vertex -4.179691e+01  1.447000e+03  5.503846e+01
      vertex -4.158980e+01  1.447000e+03  5.109732e+01
    endloop
  endfacet
  facet normal  9.924350e-01  3.453131e-04 -1.227708e-01
    outer loop
      vertex -4.150011e+01  1.670600e+03  5.245126e+01
      vertex -4.158980e+01  1.447000e+03  5.109732e+01
      vertex -4.181982e+01  1.670600e+03  4.986678e+01
    endloop
  endfacet
  facet normal  7.844644e-01 -6.449666e-04 -6.201734e-01
    outer loop
      vertex -4.523465e+01  1.447000e+03  4.424078e+01
      vertex -4.443546e+01  1.670600e+03  4.501914e+01
      vertex -4.278709e+01  1.447000e+03  4.733673e+01
    endloop
  endfacet
  facet normal  8.021470e-01 -2.757331e-04 -5.971266e-01
    outer loop
      vertex -4.278709e+01  1.447000e+03  4.733673e+01
      vertex -4.443546e+01  1.670600e+03  4.501914e+01
      vertex -4.302004e+01  1.670600e+03  4.692054e+01
    endloop
  endfacet
  facet normal  9.261035e-01  2.626347e-04 -3.772695e-01
    outer loop
      vertex -4.278709e+01  1.447000e+03  4.733673e+01
      vertex -4.302004e+01  1.670600e+03  4.692054e+01
      vertex -4.181982e+01  1.670600e+03  4.986678e+01
    endloop
  endfacet
  facet normal -1.161709e-01  -0.000000e+00 -9.932293e-01
    outer loop
      vertex -5.503846e+01  1.447000e+03  4.179691e+01
      vertex -5.503846e+01  1.670600e+03  4.179691e+01
      vertex -5.250000e+01  1.447000e+03  4.150000e+01
    endloop
  endfacet
  facet normal -1.076163e-01  9.839673e-05 -9.941925e-01
    outer loop
      vertex -5.250000e+01  1.447000e+03  4.150000e+01
      vertex -5.503846e+01  1.670600e+03  4.179691e+01
      vertex -5.231060e+01  1.670600e+03  4.150163e+01
    endloop
  endfacet
  facet normal  1.793900e-01 -1.447821e-04 -9.837781e-01
    outer loop
      vertex -5.250000e+01  1.447000e+03  4.150000e+01
      vertex -5.231060e+01  1.670600e+03  4.150163e+01
      vertex -4.861744e+01  1.447000e+03  4.220798e+01
    endloop
  endfacet
  facet normal  1.481046e-01 -6.779240e-04 -9.889715e-01
    outer loop
      vertex -4.861744e+01  1.447000e+03  4.220798e+01
      vertex -5.231060e+01  1.670600e+03  4.150163e+01
      vertex -4.945921e+01  1.670600e+03  4.192864e+01
    endloop
  endfacet
  facet normal  4.043977e-01  3.798586e-04 -9.145833e-01
    outer loop
      vertex -4.861744e+01  1.447000e+03  4.220798e+01
      vertex -4.945921e+01  1.670600e+03  4.192864e+01
      vertex -4.672647e+01  1.670600e+03  4.313697e+01
    endloop
  endfacet
  facet normal  7.514690e-01 -1.240654e-04 -6.597685e-01
    outer loop
      vertex -5.674401e+01  1.670600e+03  4.141691e+01
      vertex -5.691422e+01  1.447000e+03  4.126510e+01
      vertex -5.721384e+01  1.670600e+03  4.088179e+01
    endloop
  endfacet
  facet normal  9.238796e-01  5.819642e-04 -3.826831e-01
    outer loop
      vertex -5.721384e+01  1.670600e+03  4.088179e+01
      vertex -5.691422e+01  1.447000e+03  4.126510e+01
      vertex -5.750000e+01  1.447000e+03  3.985089e+01
    endloop
  endfacet
  facet normal  9.635656e-01  0.000000e+00 -2.674725e-01
    outer loop
      vertex -5.721384e+01  1.670600e+03  4.088179e+01
      vertex -5.750000e+01  1.447000e+03  3.985089e+01
      vertex -5.750000e+01  1.670600e+03  3.985089e+01
    endloop
  endfacet
  facet normal  4.704415e-01  2.410211e-04 -8.824311e-01
    outer loop
      vertex -5.674401e+01  1.670600e+03  4.141691e+01
      vertex -5.610685e+01  1.670600e+03  4.175660e+01
      vertex -5.691422e+01  1.447000e+03  4.126510e+01
    endloop
  endfacet
  facet normal  3.826843e-01  6.489995e-04 -9.238790e-01
    outer loop
      vertex -5.691422e+01  1.447000e+03  4.126510e+01
      vertex -5.610685e+01  1.670600e+03  4.175660e+01
      vertex -5.550000e+01  1.447000e+03  4.185089e+01
    endloop
  endfacet
  facet normal  3.769933e-02 -3.190831e-04 -9.992892e-01
    outer loop
      vertex -5.610685e+01  1.670600e+03  4.175660e+01
      vertex -5.503846e+01  1.670600e+03  4.179691e+01
      vertex -5.550000e+01  1.447000e+03  4.185089e+01
    endloop
  endfacet
  facet normal -1.161763e-01  0.000000e+00 -9.932287e-01
    outer loop
      vertex -5.550000e+01  1.447000e+03  4.185089e+01
      vertex -5.503846e+01  1.670600e+03  4.179691e+01
      vertex -5.503846e+01  1.447000e+03  4.179691e+01
    endloop
  endfacet
  facet normal  1.000000e+00  0.000000e+00  0.000000e+00
    outer loop
      vertex -5.750000e+01  1.447000e+03  3.985089e+01
      vertex -5.750000e+01  1.447000e+03 -3.985089e+01
      vertex -5.750000e+01  1.637000e+03 -3.000000e+01
    endloop
  endfacet
  facet normal  9.999999e-01  0.000000e+00  -0.000000e+00
    outer loop
      vertex -5.750000e+01  1.447000e+03  3.985089e+01
      vertex -5.750000e+01  1.637000e+03 -3.000000e+01
      vertex -5.750000e+01  1.637000e+03 -2.500000e+01
    endloop
  endfacet
  facet normal  1.000000e+00  0.000000e+00  -0.000000e+00
    outer loop
      vertex -5.750000e+01  1.447000e+03  3.985089e+01
      vertex -5.750000e+01  1.637000e+03 -2.500000e+01
      vertex -5.750000e+01  1.642000e+03 -2.500000e+01
    endloop
  endfacet
  facet normal  1.000000e+00  0.000000e+00  -0.000000e+00
    outer loop
      vertex -5.750000e+01  1.447000e+03  3.985089e+01
      vertex -5.750000e+01  1.642000e+03 -2.500000e+01
      vertex -5.750000e+01  1.670600e+03  3.985089e+01
    endloop
  endfacet
  facet normal  1.000000e+00  0.000000e+00  0.000000e+00
    outer loop
      vertex -5.750000e+01  1.637000e+03 -3.000000e+01
      vertex -5.750000e+01  1.447000e+03 -3.985089e+01
      vertex -5.750000e+01  1.642000e+03 -3.000000e+01
    endloop
  endfacet
  facet normal  1.000000e+00  0.000000e+00  0.000000e+00
    outer loop
      vertex -5.750000e+01  1.642000e+03 -3.000000e+01
      vertex -5.750000e+01  1.447000e+03 -3.985089e+01
      vertex -5.750000e+01  1.670600e+03 -3.985089e+01
    endloop
  endfacet
  facet normal  1.000000e+00  0.000000e+00  0.000000e+00
    outer loop
      vertex -5.750000e+01  1.642000e+03 -3.000000e+01
      vertex -5.750000e+01  1.670600e+03 -3.985089e+01
      vertex -5.750000e+01  1.642000e+03 -2.500000e+01
    endloop
  endfacet
  facet normal  1.000000e+00  -0.000000e+00  0.000000e+00
    outer loop
      vertex -5.750000e+01  1.642000e+03 -2.500000e+01
      vertex -5.750000e+01  1.670600e+03 -3.985089e+01
      vertex -5.750000e+01  1.670600e+03  3.985089e+01
    endloop
  endfacet
  facet normal  0.000000e+00  1.000000e+00  0.000000e+00
    outer loop
      vertex -6.250000e+01  1.670600e+03  1.467160e+01
      vertex -5.750000e+01  1.670600e+03  3.985089e+01
      vertex -6.250000e+01  1.670600e+03 -1.467160e+01
    endloop
  endfacet
  facet normal  -0.000000e+00  1.000000e+00  0.000000e+00
    outer loop
      vertex -6.250000e+01  1.670600e+03  1.467160e+01
      vertex -6.250309e+01  1.670600e+03  1.475019e+01
      vertex -5.750000e+01  1.670600e+03  3.985089e+01
    endloop
  endfacet
  facet normal  0.000000e+00  1.000000e+00  0.000000e+00
    outer loop
      vertex -6.279290e+01  1.670600e+03  1.537871e+01
      vertex -5.750000e+01  1.670600e+03  3.985089e+01
      vertex -6.250309e+01  1.670600e+03  1.475019e+01
    endloop
  endfacet
  facet normal  -0.000000e+00  1.000000e+00  0.000000e+00
    outer loop
      vertex -6.279290e+01  1.670600e+03  1.537871e+01
      vertex -6.420710e+01  1.670600e+03  1.679289e+01
      vertex -5.750000e+01  1.670600e+03  3.985089e+01
    endloop
  endfacet
  facet normal  0.000000e+00  1.000000e+00  0.000000e+00
    outer loop
      vertex -6.450000e+01  1.670600e+03  1.750000e+01
      vertex -6.449691e+01  1.670600e+03  4.897707e+01
      vertex -6.426048e+01  1.670600e+03  1.685064e+01
    endloop
  endfacet
  facet normal  -0.000000e+00  1.000000e+00  0.000000e+00
    outer loop
      vertex -6.450000e+01  1.670600e+03  1.750000e+01
      vertex -6.450000e+01  1.670600e+03  4.889849e+01
      vertex -6.449691e+01  1.670600e+03  4.897707e+01
    endloop
  endfacet
  facet normal  0.000000e+00  1.000000e+00  0.000000e+00
    outer loop
      vertex  1.673693e+01  1.670600e+03  6.415114e+01
      vertex  1.750000e+01  1.670600e+03  6.450000e+01
      vertex  1.537871e+01  1.670600e+03  6.279290e+01
    endloop
  endfacet
  facet normal  -0.000000e+00  1.000000e+00  0.000000e+00
    outer loop
      vertex  1.673693e+01  1.670600e+03  6.415114e+01
      vertex  1.685832e+01  1.670600e+03  6.426698e+01
      vertex  1.750000e+01  1.670600e+03  6.450000e+01
    endloop
  endfacet
  facet normal  -0.000000e+00  1.000000e+00  -0.000000e+00
    outer loop
      vertex  1.750000e+01  1.670600e+03 -6.450000e+01
      vertex  1.671670e+01  1.670600e+03 -6.413091e+01
      vertex  1.537871e+01  1.670600e+03 -6.279290e+01
    endloop
  endfacet
  facet normal  -0.000000e+00  1.000000e+00  -0.000000e+00
    outer loop
      vertex  1.750000e+01  1.670600e+03 -6.450000e+01
      vertex  1.683758e+01  1.670600e+03 -6.424913e+01
      vertex  1.671670e+01  1.670600e+03 -6.413091e+01
    endloop
  endfacet
  facet normal  0.000000e+00  1.000000e+00  0.000000e+00
    outer loop
      vertex -5.750000e+01  1.670600e+03  3.985089e+01
      vertex -6.420710e+01  1.670600e+03  1.679289e+01
      vertex -5.721384e+01  1.670600e+03  4.088179e+01
    endloop
  endfacet
  facet normal  -0.000000e+00  1.000000e+00  -0.000000e+00
    outer loop
      vertex  6.420711e+01  1.670600e+03  4.960559e+01
      vertex  5.512500e+01  1.670600e+03  5.050000e+01
      vertex  5.450537e+01  1.670600e+03  5.281250e+01
    endloop
  endfacet
  facet normal  0.000000e+00  1.000000e+00  0.000000e+00
    outer loop
      vertex -6.450000e+01  1.670600e+03 -1.750000e+01
      vertex -6.426049e+01  1.670600e+03 -4.954784e+01
      vertex -6.450000e+01  1.670600e+03 -4.889849e+01
    endloop
  endfacet
  facet normal  0.000000e+00  1.000000e+00  0.000000e+00
    outer loop
      vertex  6.450000e+01  1.670600e+03 -4.889849e+01
      vertex  6.449691e+01  1.670600e+03 -4.897707e+01
      vertex  6.450000e+01  1.670600e+03 -1.750000e+01
    endloop
  endfacet
  facet normal  0.000000e+00  1.000000e+00  0.000000e+00
    outer loop
      vertex -5.503846e+01  1.670600e+03  4.179691e+01
      vertex -5.610685e+01  1.670600e+03  4.175660e+01
      vertex -5.512500e+01  1.670600e+03  5.050000e+01
    endloop
  endfacet
  facet normal  0.000000e+00  1.000000e+00  0.000000e+00
    outer loop
      vertex -5.503846e+01  1.670600e+03  4.179691e+01
      vertex -5.512500e+01  1.670600e+03  5.050000e+01
      vertex -5.450537e+01  1.670600e+03  4.818750e+01
    endloop
  endfacet
  facet normal  0.000000e+00  9.999999e-01  0.000000e+00
    outer loop
      vertex -5.503846e+01  1.670600e+03  4.179691e+01
      vertex -5.450537e+01  1.670600e+03  4.818750e+01
      vertex -5.281250e+01  1.670600e+03  4.649463e+01
    endloop
  endfacet
  facet normal  0.000000e+00  1.000000e+00  0.000000e+00
    outer loop
      vertex -5.503846e+01  1.670600e+03  4.179691e+01
      vertex -5.281250e+01  1.670600e+03  4.649463e+01
      vertex -5.231060e+01  1.670600e+03  4.150163e+01
    endloop
  endfacet
  facet normal  0.000000e+00  1.000000e+00  0.000000e+00
    outer loop
      vertex  5.503846e+01  1.670600e+03  4.179691e+01
      vertex  5.245703e+01  1.670600e+03  4.150008e+01
      vertex  5.281250e+01  1.670600e+03  4.649463e+01
    endloop
  endfacet
  facet normal  -0.000000e+00  9.999999e-01  0.000000e+00
    outer loop
      vertex  5.503846e+01  1.670600e+03  4.179691e+01
      vertex  5.281250e+01  1.670600e+03  4.649463e+01
      vertex  5.450537e+01  1.670600e+03  4.818750e+01
    endloop
  endfacet
  facet normal  -0.000000e+00  1.000000e+00  0.000000e+00
    outer loop
      vertex  5.503846e+01  1.670600e+03  4.179691e+01
      vertex  5.450537e+01  1.670600e+03  4.818750e+01
      vertex  5.512500e+01  1.670600e+03  5.050000e+01
    endloop
  endfacet
  facet normal  0.000000e+00  1.000000e+00  0.000000e+00
    outer loop
      vertex  5.503846e+01  1.670600e+03  4.179691e+01
      vertex  5.512500e+01  1.670600e+03  5.050000e+01
      vertex  5.610769e+01  1.670600e+03  4.175633e+01
    endloop
  endfacet
  facet normal  0.000000e+00  1.000000e+00  0.000000e+00
    outer loop
      vertex  5.503846e+01  1.670600e+03 -4.179691e+01
      vertex  5.610685e+01  1.670600e+03 -4.175660e+01
      vertex  5.512500e+01  1.670600e+03 -5.050000e+01
    endloop
  endfacet
  facet normal  0.000000e+00  1.000000e+00  0.000000e+00
    outer loop
      vertex  5.503846e+01  1.670600e+03 -4.179691e+01
      vertex  5.512500e+01  1.670600e+03 -5.050000e+01
      vertex  5.450537e+01  1.670600e+03 -4.818750e+01
    endloop
  endfacet
  facet normal  0.000000e+00  9.999999e-01  -0.000000e+00
    outer loop
      vertex  5.503846e+01  1.670600e+03 -4.179691e+01
      vertex  5.450537e+01  1.670600e+03 -4.818750e+01
      vertex  5.281250e+01  1.670600e+03 -4.649463e+01
    endloop
  endfacet
  facet normal  0.000000e+00  1.000000e+00  -0.000000e+00
    outer loop
      vertex  5.503846e+01  1.670600e+03 -4.179691e+01
      vertex  5.281250e+01  1.670600e+03 -4.649463e+01
      vertex  5.231165e+01  1.670600e+03 -4.150161e+01
    endloop
  endfacet
  facet normal  0.000000e+00  1.000000e+00  0.000000e+00
    outer loop
      vertex  4.889849e+01  1.670600e+03 -6.450000e+01
      vertex  1.750000e+01  1.670600e+03 -6.450000e+01
      vertex  4.088114e+01  1.670600e+03 -5.721423e+01
    endloop
  endfacet
  facet normal  -0.000000e+00  1.000000e+00  0.000000e+00
    outer loop
      vertex  4.889849e+01  1.670600e+03 -6.450000e+01
      vertex  4.088114e+01  1.670600e+03 -5.721423e+01
      vertex  4.818750e+01  1.670600e+03 -5.450537e+01
    endloop
  endfacet
  facet normal  0.000000e+00  1.000000e+00  0.000000e+00
    outer loop
      vertex  4.889849e+01  1.670600e+03 -6.450000e+01
      vertex  4.818750e+01  1.670600e+03 -5.450537e+01
      vertex  4.954784e+01  1.670600e+03 -6.426049e+01
    endloop
  endfacet
  facet normal  0.000000e+00  1.000000e+00  -0.000000e+00
    outer loop
      vertex  4.960559e+01  1.670600e+03 -6.420711e+01
      vertex  4.954784e+01  1.670600e+03 -6.426049e+01
      vertex  4.818750e+01  1.670600e+03 -5.450537e+01
    endloop
  endfacet
  facet normal  0.000000e+00  1.000000e+00  0.000000e+00
    outer loop
      vertex  4.960559e+01  1.670600e+03 -6.420711e+01
      vertex  4.818750e+01  1.670600e+03 -5.450537e+01
      vertex  5.050000e+01  1.670600e+03 -5.512500e+01
    endloop
  endfacet
  facet normal  -0.000000e+00  1.000000e+00  0.000000e+00
    outer loop
      vertex  4.960559e+01  1.670600e+03 -6.420711e+01
      vertex  5.050000e+01  1.670600e+03 -5.512500e+01
      vertex  5.281250e+01  1.670600e+03 -5.450537e+01
    endloop
  endfacet
  facet normal  -0.000000e+00  1.000000e+00  0.000000e+00
    outer loop
      vertex  4.960559e+01  1.670600e+03 -6.420711e+01
      vertex  5.281250e+01  1.670600e+03 -5.450537e+01
      vertex  5.450537e+01  1.670600e+03 -5.281250e+01
    endloop
  endfacet
  facet normal  0.000000e+00  1.000000e+00  0.000000e+00
    outer loop
      vertex  6.420711e+01  1.670600e+03 -4.960559e+01
      vertex  4.960559e+01  1.670600e+03 -6.420711e+01
      vertex  5.450537e+01  1.670600e+03 -5.281250e+01
    endloop
  endfacet
  facet normal  0.000000e+00  1.000000e+00  0.000000e+00
    outer loop
      vertex  6.420711e+01  1.670600e+03 -4.960559e+01
      vertex  5.450537e+01  1.670600e+03 -5.281250e+01
      vertex  5.512500e+01  1.670600e+03 -5.050000e+01
    endloop
  endfacet
  facet normal  0.000000e+00  1.000000e+00  0.000000e+00
    outer loop
      vertex  6.420711e+01  1.670600e+03 -4.960559e+01
      vertex  5.512500e+01  1.670600e+03 -5.050000e+01
      vertex  5.750000e+01  1.670600e+03 -3.985089e+01
    endloop
  endfacet
  facet normal  -0.000000e+00  9.999999e-01  0.000000e+00
    outer loop
      vertex  6.420711e+01  1.670600e+03 -4.960559e+01
      vertex  5.750000e+01  1.670600e+03 -3.985089e+01
      vertex  6.413644e+01  1.670600e+03 -1.672223e+01
    endloop
  endfacet
  facet normal  0.000000e+00  1.000000e+00  0.000000e+00
    outer loop
      vertex  6.420711e+01  1.670600e+03 -4.960559e+01
      vertex  6.413644e+01  1.670600e+03 -1.672223e+01
      vertex  6.425401e+01  1.670600e+03 -1.684315e+01
    endloop
  endfacet
  facet normal  0.000000e+00  1.000000e+00  0.000000e+00
    outer loop
      vertex  6.420711e+01  1.670600e+03 -4.960559e+01
      vertex  6.425401e+01  1.670600e+03 -1.684315e+01
      vertex  6.450000e+01  1.670600e+03 -1.750000e+01
    endloop
  endfacet
  facet normal  0.000000e+00  1.000000e+00  0.000000e+00
    outer loop
      vertex  6.420711e+01  1.670600e+03 -4.960559e+01
      vertex  6.450000e+01  1.670600e+03 -1.750000e+01
      vertex  6.449691e+01  1.670600e+03 -4.897707e+01
    endloop
  endfacet
  facet normal  0.000000e+00  1.000000e+00  0.000000e+00
    outer loop
      vertex  4.960559e+01  1.670600e+03  6.420711e+01
      vertex  6.420711e+01  1.670600e+03  4.960559e+01
      vertex  5.450537e+01  1.670600e+03  5.281250e+01
    endloop
  endfacet
  facet normal  0.000000e+00  1.000000e+00  0.000000e+00
    outer loop
      vertex  4.960559e+01  1.670600e+03  6.420711e+01
      vertex  5.450537e+01  1.670600e+03  5.281250e+01
      vertex  5.281250e+01  1.670600e+03  5.450537e+01
    endloop
  endfacet
  facet normal  0.000000e+00  1.000000e+00  0.000000e+00
    outer loop
      vertex  4.960559e+01  1.670600e+03  6.420711e+01
      vertex  5.281250e+01  1.670600e+03  5.450537e+01
      vertex  5.050000e+01  1.670600e+03  5.512500e+01
    endloop
  endfacet
  facet normal  0.000000e+00  1.000000e+00  0.000000e+00
    outer loop
      vertex -6.420711e+01  1.670600e+03  4.960559e+01
      vertex -4.960559e+01  1.670600e+03  6.420711e+01
      vertex -5.281250e+01  1.670600e+03  5.450537e+01
    endloop
  endfacet
  facet normal  0.000000e+00  1.000000e+00  0.000000e+00
    outer loop
      vertex -6.420711e+01  1.670600e+03  4.960559e+01
      vertex -5.281250e+01  1.670600e+03  5.450537e+01
      vertex -5.450537e+01  1.670600e+03  5.281250e+01
    endloop
  endfacet
  facet normal  0.000000e+00  1.000000e+00  0.000000e+00
    outer loop
      vertex -6.420711e+01  1.670600e+03  4.960559e+01
      vertex -5.450537e+01  1.670600e+03  5.281250e+01
      vertex -5.512500e+01  1.670600e+03  5.050000e+01
    endloop
  endfacet
  facet normal  0.000000e+00  1.000000e+00  0.000000e+00
    outer loop
      vertex -6.420711e+01  1.670600e+03  4.960559e+01
      vertex -5.512500e+01  1.670600e+03  5.050000e+01
      vertex -5.610685e+01  1.670600e+03  4.175660e+01
    endloop
  endfacet
  facet normal  0.000000e+00  1.000000e+00  0.000000e+00
    outer loop
      vertex -6.420711e+01  1.670600e+03  4.960559e+01
      vertex -5.610685e+01  1.670600e+03  4.175660e+01
      vertex -5.674401e+01  1.670600e+03  4.141691e+01
    endloop
  endfacet
  facet normal  0.000000e+00  1.000000e+00  0.000000e+00
    outer loop
      vertex -6.420711e+01  1.670600e+03  4.960559e+01
      vertex -5.674401e+01  1.670600e+03  4.141691e+01
      vertex -5.721384e+01  1.670600e+03  4.088179e+01
    endloop
  endfacet
  facet normal  0.000000e+00  1.000000e+00  0.000000e+00
    outer loop
      vertex -6.420711e+01  1.670600e+03  4.960559e+01
      vertex -5.721384e+01  1.670600e+03  4.088179e+01
      vertex -6.420710e+01  1.670600e+03  1.679289e+01
    endloop
  endfacet
  facet normal  0.000000e+00  9.999999e-01  0.000000e+00
    outer loop
      vertex -6.420711e+01  1.670600e+03  4.960559e+01
      vertex -6.420710e+01  1.670600e+03  1.679289e+01
      vertex -6.426048e+01  1.670600e+03  1.685064e+01
    endloop
  endfacet
  facet normal  0.000000e+00  1.000000e+00  -0.000000e+00
    outer loop
      vertex -6.420711e+01  1.670600e+03  4.960559e+01
      vertex -6.426048e+01  1.670600e+03  1.685064e+01
      vertex -6.449691e+01  1.670600e+03  4.897707e+01
    endloop
  endfacet
  facet normal  -0.000000e+00  1.000000e+00  -0.000000e+00
    outer loop
      vertex -6.420711e+01  1.670600e+03 -4.960559e+01
      vertex -6.426049e+01  1.670600e+03 -4.954784e+01
      vertex -6.450000e+01  1.670600e+03 -1.750000e+01
    endloop
  endfacet
  facet normal  -0.000000e+00  1.000000e+00  0.000000e+00
    outer loop
      vertex -6.420711e+01  1.670600e+03 -4.960559e+01
      vertex -6.450000e+01  1.670600e+03 -1.750000e+01
      vertex -6.423334e+01  1.670600e+03 -1.682014e+01
    endloop
  endfacet
  facet normal  -0.000000e+00  1.000000e+00  0.000000e+00
    outer loop
      vertex -6.420711e+01  1.670600e+03 -4.960559e+01
      vertex -6.423334e+01  1.670600e+03 -1.682014e+01
      vertex -6.413405e+01  1.670600e+03 -1.671984e+01
    endloop
  endfacet
  facet normal  0.000000e+00  1.000000e+00  0.000000e+00
    outer loop
      vertex -6.420711e+01  1.670600e+03 -4.960559e+01
      vertex -6.413405e+01  1.670600e+03 -1.671984e+01
      vertex -5.750000e+01  1.670600e+03 -3.985089e+01
    endloop
  endfacet
  facet normal  0.000000e+00  1.000000e+00  0.000000e+00
    outer loop
      vertex -6.420711e+01  1.670600e+03 -4.960559e+01
      vertex -5.750000e+01  1.670600e+03 -3.985089e+01
      vertex -5.721423e+01  1.670600e+03 -4.088114e+01
    endloop
  endfacet
  facet normal  0.000000e+00  9.999999e-01  0.000000e+00
    outer loop
      vertex -6.420711e+01  1.670600e+03 -4.960559e+01
      vertex -5.721423e+01  1.670600e+03 -4.088114e+01
      vertex -5.673679e+01  1.670600e+03 -4.142263e+01
    endloop
  endfacet
  facet normal  0.000000e+00  1.000000e+00  0.000000e+00
    outer loop
      vertex -6.420711e+01  1.670600e+03 -4.960559e+01
      vertex -5.673679e+01  1.670600e+03 -4.142263e+01
      vertex -5.610766e+01  1.670600e+03 -4.175634e+01
    endloop
  endfacet
  facet normal  0.000000e+00  1.000000e+00  0.000000e+00
    outer loop
      vertex -6.420711e+01  1.670600e+03 -4.960559e+01
      vertex -5.610766e+01  1.670600e+03 -4.175634e+01
      vertex -5.503846e+01  1.670600e+03 -4.179691e+01
    endloop
  endfacet
  facet normal  0.000000e+00  9.999999e-01  0.000000e+00
    outer loop
      vertex -6.420711e+01  1.670600e+03 -4.960559e+01
      vertex -5.503846e+01  1.670600e+03 -4.179691e+01
      vertex -5.512500e+01  1.670600e+03 -5.050000e+01
    endloop
  endfacet
  facet normal  0.000000e+00  1.000000e+00  0.000000e+00
    outer loop
      vertex -6.420711e+01  1.670600e+03 -4.960559e+01
      vertex -5.512500e+01  1.670600e+03 -5.050000e+01
      vertex -5.450537e+01  1.670600e+03 -5.281250e+01
    endloop
  endfacet
  facet normal  0.000000e+00  1.000000e+00  0.000000e+00
    outer loop
      vertex -6.420711e+01  1.670600e+03 -4.960559e+01
      vertex -5.450537e+01  1.670600e+03 -5.281250e+01
      vertex -5.281250e+01  1.670600e+03 -5.450537e+01
    endloop
  endfacet
  facet normal  0.000000e+00  1.000000e+00  0.000000e+00
    outer loop
      vertex -6.420711e+01  1.670600e+03 -4.960559e+01
      vertex -5.281250e+01  1.670600e+03 -5.450537e+01
      vertex -4.960559e+01  1.670600e+03 -6.420711e+01
    endloop
  endfacet
  facet normal  -0.000000e+00  1.000000e+00  0.000000e+00
    outer loop
      vertex -5.750000e+01  1.670600e+03 -3.985089e+01
      vertex -6.413405e+01  1.670600e+03 -1.671984e+01
      vertex -6.279290e+01  1.670600e+03 -1.537871e+01
    endloop
  endfacet
  facet normal  -0.000000e+00  1.000000e+00  0.000000e+00
    outer loop
      vertex -5.750000e+01  1.670600e+03 -3.985089e+01
      vertex -6.279290e+01  1.670600e+03 -1.537871e+01
      vertex -6.273952e+01  1.670600e+03 -1.532096e+01
    endloop
  endfacet
  facet normal  -0.000000e+00  1.000000e+00  0.000000e+00
    outer loop
      vertex -5.750000e+01  1.670600e+03 -3.985089e+01
      vertex -6.273952e+01  1.670600e+03 -1.532096e+01
      vertex -6.250000e+01  1.670600e+03 -1.467160e+01
    endloop
  endfacet
  facet normal  -0.000000e+00  1.000000e+00  0.000000e+00
    outer loop
      vertex -5.750000e+01  1.670600e+03 -3.985089e+01
      vertex -6.250000e+01  1.670600e+03 -1.467160e+01
      vertex -5.750000e+01  1.670600e+03  3.985089e+01
    endloop
  endfacet
  facet normal  0.000000e+00  1.000000e+00  0.000000e+00
    outer loop
      vertex -3.985089e+01  1.670600e+03 -5.750000e+01
      vertex  1.467160e+01  1.670600e+03 -6.250000e+01
      vertex -1.467160e+01  1.670600e+03 -6.250000e+01
    endloop
  endfacet
  facet normal  0.000000e+00  1.000000e+00  0.000000e+00
    outer loop
      vertex -3.985089e+01  1.670600e+03 -5.750000e+01
      vertex -1.467160e+01  1.670600e+03 -6.250000e+01
      vertex -1.475019e+01  1.670600e+03 -6.250309e+01
    endloop
  endfacet
  facet normal  0.000000e+00  1.000000e+00  0.000000e+00
    outer loop
      vertex -3.985089e+01  1.670600e+03 -5.750000e+01
      vertex -1.475019e+01  1.670600e+03 -6.250309e+01
      vertex -1.537871e+01  1.670600e+03 -6.279290e+01
    endloop
  endfacet
  facet normal  0.000000e+00  1.000000e+00  0.000000e+00
    outer loop
      vertex -3.985089e+01  1.670600e+03 -5.750000e+01
      vertex -1.537871e+01  1.670600e+03 -6.279290e+01
      vertex -1.671670e+01  1.670600e+03 -6.413091e+01
    endloop
  endfacet
  facet normal  0.000000e+00  1.000000e+00  0.000000e+00
    outer loop
      vertex -3.985089e+01  1.670600e+03 -5.750000e+01
      vertex -1.671670e+01  1.670600e+03 -6.413091e+01
      vertex -1.683758e+01  1.670600e+03 -6.424913e+01
    endloop
  endfacet
  facet normal  0.000000e+00  1.000000e+00  0.000000e+00
    outer loop
      vertex -3.985089e+01  1.670600e+03 -5.750000e+01
      vertex -1.683758e+01  1.670600e+03 -6.424913e+01
      vertex -1.750000e+01  1.670600e+03 -6.450000e+01
    endloop
  endfacet
  facet normal  0.000000e+00  1.000000e+00  0.000000e+00
    outer loop
      vertex  3.985089e+01  1.670600e+03 -5.750000e+01
      vertex  4.088114e+01  1.670600e+03 -5.721423e+01
      vertex  1.750000e+01  1.670600e+03 -6.450000e+01
    endloop
  endfacet
  facet normal  0.000000e+00  1.000000e+00  -0.000000e+00
    outer loop
      vertex  3.985089e+01  1.670600e+03 -5.750000e+01
      vertex  1.750000e+01  1.670600e+03 -6.450000e+01
      vertex  1.537871e+01  1.670600e+03 -6.279290e+01
    endloop
  endfacet
  facet normal  0.000000e+00  1.000000e+00  -0.000000e+00
    outer loop
      vertex  3.985089e+01  1.670600e+03 -5.750000e+01
      vertex  1.537871e+01  1.670600e+03 -6.279290e+01
      vertex  1.532096e+01  1.670600e+03 -6.273952e+01
    endloop
  endfacet
  facet normal  0.000000e+00  1.000000e+00  -0.000000e+00
    outer loop
      vertex  3.985089e+01  1.670600e+03 -5.750000e+01
      vertex  1.532096e+01  1.670600e+03 -6.273952e+01
      vertex  1.467160e+01  1.670600e+03 -6.250000e+01
    endloop
  endfacet
  facet normal  0.000000e+00  1.000000e+00  -0.000000e+00
    outer loop
      vertex  3.985089e+01  1.670600e+03 -5.750000e+01
      vertex  1.467160e+01  1.670600e+03 -6.250000e+01
      vertex -3.985089e+01  1.670600e+03 -5.750000e+01
    endloop
  endfacet
  facet normal  -0.000000e+00  9.999999e-01  -0.000000e+00
    outer loop
      vertex -4.889849e+01  1.670600e+03 -6.450000e+01
      vertex -4.897707e+01  1.670600e+03 -6.449691e+01
      vertex -5.050000e+01  1.670600e+03 -5.512500e+01
    endloop
  endfacet
  facet normal  -0.000000e+00  9.999999e-01  0.000000e+00
    outer loop
      vertex -4.889849e+01  1.670600e+03 -6.450000e+01
      vertex -5.050000e+01  1.670600e+03 -5.512500e+01
      vertex -4.818750e+01  1.670600e+03 -5.450537e+01
    endloop
  endfacet
  facet normal  -0.000000e+00  1.000000e+00  0.000000e+00
    outer loop
      vertex -4.889849e+01  1.670600e+03 -6.450000e+01
      vertex -4.818750e+01  1.670600e+03 -5.450537e+01
      vertex -4.649463e+01  1.670600e+03 -5.281250e+01
    endloop
  endfacet
  facet normal  -0.000000e+00  1.000000e+00  0.000000e+00
    outer loop
      vertex -4.889849e+01  1.670600e+03 -6.450000e+01
      vertex -4.649463e+01  1.670600e+03 -5.281250e+01
      vertex -4.587500e+01  1.670600e+03 -5.050000e+01
    endloop
  endfacet
  facet normal  0.000000e+00  1.000000e+00  0.000000e+00
    outer loop
      vertex -4.889849e+01  1.670600e+03 -6.450000e+01
      vertex -4.587500e+01  1.670600e+03 -5.050000e+01
      vertex -4.179691e+01  1.670600e+03 -5.503846e+01
    endloop
  endfacet
  facet normal  0.000000e+00  9.999999e-01  0.000000e+00
    outer loop
      vertex -4.889849e+01  1.670600e+03 -6.450000e+01
      vertex -4.179691e+01  1.670600e+03 -5.503846e+01
      vertex -4.175660e+01  1.670600e+03 -5.610685e+01
    endloop
  endfacet
  facet normal  0.000000e+00  1.000000e+00  0.000000e+00
    outer loop
      vertex -4.889849e+01  1.670600e+03 -6.450000e+01
      vertex -4.175660e+01  1.670600e+03 -5.610685e+01
      vertex -4.141647e+01  1.670600e+03 -5.674457e+01
    endloop
  endfacet
  facet normal  0.000000e+00  1.000000e+00  0.000000e+00
    outer loop
      vertex -4.889849e+01  1.670600e+03 -6.450000e+01
      vertex -4.141647e+01  1.670600e+03 -5.674457e+01
      vertex -4.088140e+01  1.670600e+03 -5.721407e+01
    endloop
  endfacet
  facet normal  0.000000e+00  1.000000e+00  0.000000e+00
    outer loop
      vertex -4.889849e+01  1.670600e+03 -6.450000e+01
      vertex -4.088140e+01  1.670600e+03 -5.721407e+01
      vertex -3.985089e+01  1.670600e+03 -5.750000e+01
    endloop
  endfacet
  facet normal  0.000000e+00  1.000000e+00  0.000000e+00
    outer loop
      vertex -4.889849e+01  1.670600e+03 -6.450000e+01
      vertex -3.985089e+01  1.670600e+03 -5.750000e+01
      vertex -1.750000e+01  1.670600e+03 -6.450000e+01
    endloop
  endfacet
  facet normal  0.000000e+00  1.000000e+00  0.000000e+00
    outer loop
      vertex  5.750000e+01  1.670600e+03  3.985089e+01
      vertex  5.512500e+01  1.670600e+03  5.050000e+01
      vertex  6.420711e+01  1.670600e+03  4.960559e+01
    endloop
  endfacet
  facet normal  0.000000e+00  9.999999e-01  0.000000e+00
    outer loop
      vertex  5.750000e+01  1.670600e+03  3.985089e+01
      vertex  6.420711e+01  1.670600e+03  4.960559e+01
      vertex  6.413644e+01  1.670600e+03  1.672223e+01
    endloop
  endfacet
  facet normal  0.000000e+00  1.000000e+00  0.000000e+00
    outer loop
      vertex  5.750000e+01  1.670600e+03  3.985089e+01
      vertex  6.413644e+01  1.670600e+03  1.672223e+01
      vertex  6.279290e+01  1.670600e+03  1.537871e+01
    endloop
  endfacet
  facet normal  0.000000e+00  1.000000e+00  0.000000e+00
    outer loop
      vertex  5.750000e+01  1.670600e+03  3.985089e+01
      vertex  6.279290e+01  1.670600e+03  1.537871e+01
      vertex  6.273952e+01  1.670600e+03  1.532096e+01
    endloop
  endfacet
  facet normal  0.000000e+00  1.000000e+00  0.000000e+00
    outer loop
      vertex  5.750000e+01  1.670600e+03  3.985089e+01
      vertex  6.273952e+01  1.670600e+03  1.532096e+01
      vertex  6.250000e+01  1.670600e+03  1.467160e+01
    endloop
  endfacet
  facet normal  0.000000e+00  1.000000e+00  0.000000e+00
    outer loop
      vertex  5.750000e+01  1.670600e+03  3.985089e+01
      vertex  6.250000e+01  1.670600e+03  1.467160e+01
      vertex  6.250000e+01  1.670600e+03 -1.467160e+01
    endloop
  endfacet
  facet normal  -0.000000e+00  1.000000e+00  0.000000e+00
    outer loop
      vertex  5.512500e+01  1.670600e+03 -5.050000e+01
      vertex  5.610685e+01  1.670600e+03 -4.175660e+01
      vertex  5.674381e+01  1.670600e+03 -4.141708e+01
    endloop
  endfacet
  facet normal  -0.000000e+00  1.000000e+00  0.000000e+00
    outer loop
      vertex  5.512500e+01  1.670600e+03 -5.050000e+01
      vertex  5.674381e+01  1.670600e+03 -4.141708e+01
      vertex  5.721375e+01  1.670600e+03 -4.088194e+01
    endloop
  endfacet
  facet normal  -0.000000e+00  1.000000e+00  0.000000e+00
    outer loop
      vertex  5.512500e+01  1.670600e+03 -5.050000e+01
      vertex  5.721375e+01  1.670600e+03 -4.088194e+01
      vertex  5.750000e+01  1.670600e+03 -3.985089e+01
    endloop
  endfacet
  facet normal  0.000000e+00  1.000000e+00  0.000000e+00
    outer loop
      vertex  5.750000e+01  1.670600e+03 -3.985089e+01
      vertex  5.750000e+01  1.670600e+03  3.985089e+01
      vertex  6.250000e+01  1.670600e+03 -1.467160e+01
    endloop
  endfacet
  facet normal  0.000000e+00  1.000000e+00  0.000000e+00
    outer loop
      vertex  5.750000e+01  1.670600e+03 -3.985089e+01
      vertex  6.250000e+01  1.670600e+03 -1.467160e+01
      vertex  6.250309e+01  1.670600e+03 -1.475019e+01
    endloop
  endfacet
  facet normal  0.000000e+00  1.000000e+00  0.000000e+00
    outer loop
      vertex  5.750000e+01  1.670600e+03 -3.985089e+01
      vertex  6.250309e+01  1.670600e+03 -1.475019e+01
      vertex  6.279290e+01  1.670600e+03 -1.537871e+01
    endloop
  endfacet
  facet normal  0.000000e+00  1.000000e+00  0.000000e+00
    outer loop
      vertex  5.750000e+01  1.670600e+03 -3.985089e+01
      vertex  6.279290e+01  1.670600e+03 -1.537871e+01
      vertex  6.413644e+01  1.670600e+03 -1.672223e+01
    endloop
  endfacet
  facet normal  0.000000e+00  1.000000e+00  0.000000e+00
    outer loop
      vertex  5.512500e+01  1.670600e+03  5.050000e+01
      vertex  5.750000e+01  1.670600e+03  3.985089e+01
      vertex  5.721423e+01  1.670600e+03  4.088114e+01
    endloop
  endfacet
  facet normal  0.000000e+00  1.000000e+00  0.000000e+00
    outer loop
      vertex  5.512500e+01  1.670600e+03  5.050000e+01
      vertex  5.721423e+01  1.670600e+03  4.088114e+01
      vertex  5.673681e+01  1.670600e+03  4.142260e+01
    endloop
  endfacet
  facet normal  0.000000e+00  9.999999e-01  0.000000e+00
    outer loop
      vertex  5.512500e+01  1.670600e+03  5.050000e+01
      vertex  5.673681e+01  1.670600e+03  4.142260e+01
      vertex  5.610769e+01  1.670600e+03  4.175633e+01
    endloop
  endfacet
  facet normal  -0.000000e+00  1.000000e+00  0.000000e+00
    outer loop
      vertex  4.818750e+01  1.670600e+03  5.450537e+01
      vertex  4.088180e+01  1.670600e+03  5.721383e+01
      vertex  4.889849e+01  1.670600e+03  6.450000e+01
    endloop
  endfacet
  facet normal  0.000000e+00  9.999999e-01  0.000000e+00
    outer loop
      vertex  4.818750e+01  1.670600e+03  5.450537e+01
      vertex  4.889849e+01  1.670600e+03  6.450000e+01
      vertex  4.897707e+01  1.670600e+03  6.449691e+01
    endloop
  endfacet
  facet normal  0.000000e+00  1.000000e+00  0.000000e+00
    outer loop
      vertex  4.818750e+01  1.670600e+03  5.450537e+01
      vertex  4.897707e+01  1.670600e+03  6.449691e+01
      vertex  4.960559e+01  1.670600e+03  6.420711e+01
    endloop
  endfacet
  facet normal  0.000000e+00  1.000000e+00  0.000000e+00
    outer loop
      vertex  4.818750e+01  1.670600e+03  5.450537e+01
      vertex  4.960559e+01  1.670600e+03  6.420711e+01
      vertex  5.050000e+01  1.670600e+03  5.512500e+01
    endloop
  endfacet
  facet normal  -0.000000e+00  1.000000e+00  0.000000e+00
    outer loop
      vertex -3.985089e+01  1.670600e+03  5.750000e+01
      vertex -4.889849e+01  1.670600e+03  6.450000e+01
      vertex -1.750000e+01  1.670600e+03  6.450000e+01
    endloop
  endfacet
  facet normal  0.000000e+00  1.000000e+00  0.000000e+00
    outer loop
      vertex -3.985089e+01  1.670600e+03  5.750000e+01
      vertex -1.750000e+01  1.670600e+03  6.450000e+01
      vertex -1.685832e+01  1.670600e+03  6.426698e+01
    endloop
  endfacet
  facet normal  0.000000e+00  1.000000e+00  0.000000e+00
    outer loop
      vertex -3.985089e+01  1.670600e+03  5.750000e+01
      vertex -1.685832e+01  1.670600e+03  6.426698e+01
      vertex -1.673693e+01  1.670600e+03  6.415114e+01
    endloop
  endfacet
  facet normal  0.000000e+00  1.000000e+00  0.000000e+00
    outer loop
      vertex -3.985089e+01  1.670600e+03  5.750000e+01
      vertex -1.673693e+01  1.670600e+03  6.415114e+01
      vertex -1.537871e+01  1.670600e+03  6.279290e+01
    endloop
  endfacet
  facet normal  0.000000e+00  1.000000e+00  0.000000e+00
    outer loop
      vertex -3.985089e+01  1.670600e+03  5.750000e+01
      vertex -1.537871e+01  1.670600e+03  6.279290e+01
      vertex -1.532096e+01  1.670600e+03  6.273952e+01
    endloop
  endfacet
  facet normal  0.000000e+00  1.000000e+00  0.000000e+00
    outer loop
      vertex -3.985089e+01  1.670600e+03  5.750000e+01
      vertex -1.532096e+01  1.670600e+03  6.273952e+01
      vertex -1.467160e+01  1.670600e+03  6.250000e+01
    endloop
  endfacet
  facet normal  -0.000000e+00  1.000000e+00  0.000000e+00
    outer loop
      vertex -3.985089e+01  1.670600e+03  5.750000e+01
      vertex -1.467160e+01  1.670600e+03  6.250000e+01
      vertex  1.467160e+01  1.670600e+03  6.250000e+01
    endloop
  endfacet
  facet normal  0.000000e+00  1.000000e+00  0.000000e+00
    outer loop
      vertex  3.985089e+01  1.670600e+03  5.750000e+01
      vertex -3.985089e+01  1.670600e+03  5.750000e+01
      vertex  1.467160e+01  1.670600e+03  6.250000e+01
    endloop
  endfacet
  facet normal  -0.000000e+00  1.000000e+00  0.000000e+00
    outer loop
      vertex  3.985089e+01  1.670600e+03  5.750000e+01
      vertex  1.467160e+01  1.670600e+03  6.250000e+01
      vertex  1.475019e+01  1.670600e+03  6.250309e+01
    endloop
  endfacet
  facet normal  -0.000000e+00  1.000000e+00  0.000000e+00
    outer loop
      vertex  3.985089e+01  1.670600e+03  5.750000e+01
      vertex  1.475019e+01  1.670600e+03  6.250309e+01
      vertex  1.537871e+01  1.670600e+03  6.279290e+01
    endloop
  endfacet
  facet normal  -0.000000e+00  1.000000e+00  0.000000e+00
    outer loop
      vertex  3.985089e+01  1.670600e+03  5.750000e+01
      vertex  1.537871e+01  1.670600e+03  6.279290e+01
      vertex  1.750000e+01  1.670600e+03  6.450000e+01
    endloop
  endfacet
  facet normal  -0.000000e+00  1.000000e+00  0.000000e+00
    outer loop
      vertex  3.985089e+01  1.670600e+03  5.750000e+01
      vertex  1.750000e+01  1.670600e+03  6.450000e+01
      vertex  4.889849e+01  1.670600e+03  6.450000e+01
    endloop
  endfacet
  facet normal  0.000000e+00  1.000000e+00  0.000000e+00
    outer loop
      vertex  3.985089e+01  1.670600e+03  5.750000e+01
      vertex  4.889849e+01  1.670600e+03  6.450000e+01
      vertex  4.088180e+01  1.670600e+03  5.721383e+01
    endloop
  endfacet
  facet normal  0.000000e+00  1.000000e+00  0.000000e+00
    outer loop
      vertex -4.889849e+01  1.670600e+03  6.450000e+01
      vertex -3.985089e+01  1.670600e+03  5.750000e+01
      vertex -4.088114e+01  1.670600e+03  5.721423e+01
    endloop
  endfacet
  facet normal  0.000000e+00  1.000000e+00  0.000000e+00
    outer loop
      vertex -4.889849e+01  1.670600e+03  6.450000e+01
      vertex -4.088114e+01  1.670600e+03  5.721423e+01
      vertex -4.142284e+01  1.670600e+03  5.673652e+01
    endloop
  endfacet
  facet normal  0.000000e+00  1.000000e+00  0.000000e+00
    outer loop
      vertex -4.889849e+01  1.670600e+03  6.450000e+01
      vertex -4.142284e+01  1.670600e+03  5.673652e+01
      vertex -4.175640e+01  1.670600e+03  5.610746e+01
    endloop
  endfacet
  facet normal  0.000000e+00  1.000000e+00  0.000000e+00
    outer loop
      vertex -4.889849e+01  1.670600e+03  6.450000e+01
      vertex -4.175640e+01  1.670600e+03  5.610746e+01
      vertex -4.179691e+01  1.670600e+03  5.503846e+01
    endloop
  endfacet
  facet normal  0.000000e+00  1.000000e+00  0.000000e+00
    outer loop
      vertex -4.889849e+01  1.670600e+03  6.450000e+01
      vertex -4.179691e+01  1.670600e+03  5.503846e+01
      vertex -4.587500e+01  1.670600e+03  5.050000e+01
    endloop
  endfacet
  facet normal  0.000000e+00  1.000000e+00  0.000000e+00
    outer loop
      vertex -4.889849e+01  1.670600e+03  6.450000e+01
      vertex -4.587500e+01  1.670600e+03  5.050000e+01
      vertex -4.649463e+01  1.670600e+03  5.281250e+01
    endloop
  endfacet
  facet normal  0.000000e+00  1.000000e+00  0.000000e+00
    outer loop
      vertex -4.889849e+01  1.670600e+03  6.450000e+01
      vertex -4.649463e+01  1.670600e+03  5.281250e+01
      vertex -4.818750e+01  1.670600e+03  5.450537e+01
    endloop
  endfacet
  facet normal  0.000000e+00  1.000000e+00  0.000000e+00
    outer loop
      vertex -5.050000e+01  1.670600e+03  5.512500e+01
      vertex -5.281250e+01  1.670600e+03  5.450537e+01
      vertex -4.960559e+01  1.670600e+03  6.420711e+01
    endloop
  endfacet
  facet normal  -0.000000e+00  9.999999e-01  0.000000e+00
    outer loop
      vertex -5.050000e+01  1.670600e+03  5.512500e+01
      vertex -4.960559e+01  1.670600e+03  6.420711e+01
      vertex -4.954784e+01  1.670600e+03  6.426049e+01
    endloop
  endfacet
  facet normal  -0.000000e+00  1.000000e+00  0.000000e+00
    outer loop
      vertex -5.050000e+01  1.670600e+03  5.512500e+01
      vertex -4.954784e+01  1.670600e+03  6.426049e+01
      vertex -4.889849e+01  1.670600e+03  6.450000e+01
    endloop
  endfacet
  facet normal  0.000000e+00  9.999999e-01  0.000000e+00
    outer loop
      vertex -5.050000e+01  1.670600e+03  5.512500e+01
      vertex -4.889849e+01  1.670600e+03  6.450000e+01
      vertex -4.818750e+01  1.670600e+03  5.450537e+01
    endloop
  endfacet
  facet normal  -0.000000e+00  1.000000e+00  -0.000000e+00
    outer loop
      vertex -4.897707e+01  1.670600e+03 -6.449691e+01
      vertex -4.960559e+01  1.670600e+03 -6.420711e+01
      vertex -5.050000e+01  1.670600e+03 -5.512500e+01
    endloop
  endfacet
  facet normal  0.000000e+00  1.000000e+00  0.000000e+00
    outer loop
      vertex -5.050000e+01  1.670600e+03 -5.512500e+01
      vertex -4.960559e+01  1.670600e+03 -6.420711e+01
      vertex -5.281250e+01  1.670600e+03 -5.450537e+01
    endloop
  endfacet
  facet normal  0.000000e+00  9.999999e-01  0.000000e+00
    outer loop
      vertex -4.179691e+01  1.670600e+03  5.503846e+01
      vertex -4.150011e+01  1.670600e+03  5.245126e+01
      vertex -4.587500e+01  1.670600e+03  5.050000e+01
    endloop
  endfacet
  facet normal  -0.000000e+00  1.000000e+00  0.000000e+00
    outer loop
      vertex -4.587500e+01  1.670600e+03  5.050000e+01
      vertex -4.150011e+01  1.670600e+03  5.245126e+01
      vertex -4.181982e+01  1.670600e+03  4.986678e+01
    endloop
  endfacet
  facet normal  0.000000e+00  1.000000e+00  0.000000e+00
    outer loop
      vertex -4.587500e+01  1.670600e+03  5.050000e+01
      vertex -4.181982e+01  1.670600e+03  4.986678e+01
      vertex -4.443546e+01  1.670600e+03  4.501914e+01
    endloop
  endfacet
  facet normal  0.000000e+00  9.999999e-01  0.000000e+00
    outer loop
      vertex -4.443546e+01  1.670600e+03  4.501914e+01
      vertex -4.181982e+01  1.670600e+03  4.986678e+01
      vertex -4.302004e+01  1.670600e+03  4.692054e+01
    endloop
  endfacet
  facet normal  0.000000e+00  1.000000e+00  0.000000e+00
    outer loop
      vertex  4.150164e+01  1.670600e+03  5.231005e+01
      vertex  4.179691e+01  1.670600e+03  5.503846e+01
      vertex  4.192951e+01  1.670600e+03  4.945619e+01
    endloop
  endfacet
  facet normal  0.000000e+00  9.999999e-01  -0.000000e+00
    outer loop
      vertex  4.192951e+01  1.670600e+03  4.945619e+01
      vertex  4.179691e+01  1.670600e+03  5.503846e+01
      vertex  4.587500e+01  1.670600e+03  5.050000e+01
    endloop
  endfacet
  facet normal  0.000000e+00  1.000000e+00  0.000000e+00
    outer loop
      vertex  4.192951e+01  1.670600e+03  4.945619e+01
      vertex  4.587500e+01  1.670600e+03  5.050000e+01
      vertex  4.314069e+01  1.670600e+03  4.672045e+01
    endloop
  endfacet
  facet normal  -0.000000e+00  1.000000e+00  0.000000e+00
    outer loop
      vertex  4.314069e+01  1.670600e+03  4.672045e+01
      vertex  4.587500e+01  1.670600e+03  5.050000e+01
      vertex  4.502675e+01  1.670600e+03  4.442841e+01
    endloop
  endfacet
  facet normal  0.000000e+00  1.000000e+00  0.000000e+00
    outer loop
      vertex -4.502076e+01  1.670600e+03 -4.443396e+01
      vertex -4.313776e+01  1.670600e+03 -4.672519e+01
      vertex -4.587500e+01  1.670600e+03 -5.050000e+01
    endloop
  endfacet
  facet normal  0.000000e+00  9.999999e-01  0.000000e+00
    outer loop
      vertex -4.587500e+01  1.670600e+03 -5.050000e+01
      vertex -4.313776e+01  1.670600e+03 -4.672519e+01
      vertex -4.192883e+01  1.670600e+03 -4.945857e+01
    endloop
  endfacet
  facet normal  0.000000e+00  1.000000e+00  0.000000e+00
    outer loop
      vertex -4.587500e+01  1.670600e+03 -5.050000e+01
      vertex -4.192883e+01  1.670600e+03 -4.945857e+01
      vertex -4.179691e+01  1.670600e+03 -5.503846e+01
    endloop
  endfacet
  facet normal  0.000000e+00  1.000000e+00  -0.000000e+00
    outer loop
      vertex -4.179691e+01  1.670600e+03 -5.503846e+01
      vertex -4.192883e+01  1.670600e+03 -4.945857e+01
      vertex -4.150163e+01  1.670600e+03 -5.231049e+01
    endloop
  endfacet
  facet normal  0.000000e+00  9.999999e-01  0.000000e+00
    outer loop
      vertex  4.302542e+01  1.670600e+03 -4.691140e+01
      vertex  4.444883e+01  1.670600e+03 -4.500475e+01
      vertex  4.182509e+01  1.670600e+03 -4.984552e+01
    endloop
  endfacet
  facet normal  -0.000000e+00  1.000000e+00  0.000000e+00
    outer loop
      vertex  4.182509e+01  1.670600e+03 -4.984552e+01
      vertex  4.444883e+01  1.670600e+03 -4.500475e+01
      vertex  4.587500e+01  1.670600e+03 -5.050000e+01
    endloop
  endfacet
  facet normal  0.000000e+00  1.000000e+00  0.000000e+00
    outer loop
      vertex  4.182509e+01  1.670600e+03 -4.984552e+01
      vertex  4.587500e+01  1.670600e+03 -5.050000e+01
      vertex  4.150016e+01  1.670600e+03 -5.244031e+01
    endloop
  endfacet
  facet normal  -0.000000e+00  9.999999e-01  0.000000e+00
    outer loop
      vertex  4.150016e+01  1.670600e+03 -5.244031e+01
      vertex  4.587500e+01  1.670600e+03 -5.050000e+01
      vertex  4.179691e+01  1.670600e+03 -5.503846e+01
    endloop
  endfacet
  facet normal  0.000000e+00  1.000000e+00  0.000000e+00
    outer loop
      vertex -4.587500e+01  1.670600e+03  5.050000e+01
      vertex -4.443546e+01  1.670600e+03  4.501914e+01
      vertex -4.649463e+01  1.670600e+03  4.818750e+01
    endloop
  endfacet
  facet normal  0.000000e+00  1.000000e+00  0.000000e+00
    outer loop
      vertex -4.649463e+01  1.670600e+03  4.818750e+01
      vertex -4.443546e+01  1.670600e+03  4.501914e+01
      vertex -4.672647e+01  1.670600e+03  4.313697e+01
    endloop
  endfacet
  facet normal  0.000000e+00  1.000000e+00  -0.000000e+00
    outer loop
      vertex -4.649463e+01  1.670600e+03  4.818750e+01
      vertex -4.672647e+01  1.670600e+03  4.313697e+01
      vertex -4.818750e+01  1.670600e+03  4.649463e+01
    endloop
  endfacet
  facet normal  0.000000e+00  9.999999e-01  0.000000e+00
    outer loop
      vertex -4.818750e+01  1.670600e+03  4.649463e+01
      vertex -4.672647e+01  1.670600e+03  4.313697e+01
      vertex -4.945921e+01  1.670600e+03  4.192864e+01
    endloop
  endfacet
  facet normal  0.000000e+00  1.000000e+00  -0.000000e+00
    outer loop
      vertex -4.818750e+01  1.670600e+03  4.649463e+01
      vertex -4.945921e+01  1.670600e+03  4.192864e+01
      vertex -5.050000e+01  1.670600e+03  4.587500e+01
    endloop
  endfacet
  facet normal  0.000000e+00  1.000000e+00  0.000000e+00
    outer loop
      vertex -5.231060e+01  1.670600e+03  4.150163e+01
      vertex -5.281250e+01  1.670600e+03  4.649463e+01
      vertex -4.945921e+01  1.670600e+03  4.192864e+01
    endloop
  endfacet
  facet normal  0.000000e+00  1.000000e+00  0.000000e+00
    outer loop
      vertex -4.945921e+01  1.670600e+03  4.192864e+01
      vertex -5.281250e+01  1.670600e+03  4.649463e+01
      vertex -5.050000e+01  1.670600e+03  4.587500e+01
    endloop
  endfacet
  facet normal  0.000000e+00  9.999999e-01  -0.000000e+00
    outer loop
      vertex -4.502076e+01  1.670600e+03 -4.443396e+01
      vertex -4.587500e+01  1.670600e+03 -5.050000e+01
      vertex -4.692156e+01  1.670600e+03 -4.301944e+01
    endloop
  endfacet
  facet normal  0.000000e+00  1.000000e+00  0.000000e+00
    outer loop
      vertex -4.692156e+01  1.670600e+03 -4.301944e+01
      vertex -4.587500e+01  1.670600e+03 -5.050000e+01
      vertex -4.649463e+01  1.670600e+03 -4.818750e+01
    endloop
  endfacet
  facet normal  0.000000e+00  9.999999e-01  0.000000e+00
    outer loop
      vertex -4.692156e+01  1.670600e+03 -4.301944e+01
      vertex -4.649463e+01  1.670600e+03 -4.818750e+01
      vertex -4.986916e+01  1.670600e+03 -4.181924e+01
    endloop
  endfacet
  facet normal  0.000000e+00  1.000000e+00  0.000000e+00
    outer loop
      vertex -4.986916e+01  1.670600e+03 -4.181924e+01
      vertex -4.649463e+01  1.670600e+03 -4.818750e+01
      vertex -4.818750e+01  1.670600e+03 -4.649463e+01
    endloop
  endfacet
  facet normal  0.000000e+00  1.000000e+00  0.000000e+00
    outer loop
      vertex -4.986916e+01  1.670600e+03 -4.181924e+01
      vertex -4.818750e+01  1.670600e+03 -4.649463e+01
      vertex -5.050000e+01  1.670600e+03 -4.587500e+01
    endloop
  endfacet
  facet normal  0.000000e+00  1.000000e+00  -0.000000e+00
    outer loop
      vertex -4.986916e+01  1.670600e+03 -4.181924e+01
      vertex -5.050000e+01  1.670600e+03 -4.587500e+01
      vertex -5.245248e+01  1.670600e+03 -4.150010e+01
    endloop
  endfacet
  facet normal  0.000000e+00  1.000000e+00  0.000000e+00
    outer loop
      vertex -5.245248e+01  1.670600e+03 -4.150010e+01
      vertex -5.050000e+01  1.670600e+03 -4.587500e+01
      vertex -5.281250e+01  1.670600e+03 -4.649463e+01
    endloop
  endfacet
  facet normal  0.000000e+00  9.999999e-01  -0.000000e+00
    outer loop
      vertex -5.245248e+01  1.670600e+03 -4.150010e+01
      vertex -5.281250e+01  1.670600e+03 -4.649463e+01
      vertex -5.503846e+01  1.670600e+03 -4.179691e+01
    endloop
  endfacet
  facet normal  0.000000e+00  9.999999e-01  0.000000e+00
    outer loop
      vertex -5.503846e+01  1.670600e+03 -4.179691e+01
      vertex -5.281250e+01  1.670600e+03 -4.649463e+01
      vertex -5.450537e+01  1.670600e+03 -4.818750e+01
    endloop
  endfacet
  facet normal  0.000000e+00  1.000000e+00  0.000000e+00
    outer loop
      vertex -5.503846e+01  1.670600e+03 -4.179691e+01
      vertex -5.450537e+01  1.670600e+03 -4.818750e+01
      vertex -5.512500e+01  1.670600e+03 -5.050000e+01
    endloop
  endfacet
  facet normal  0.000000e+00  1.000000e+00  0.000000e+00
    outer loop
      vertex  4.818750e+01  1.670600e+03 -5.450537e+01
      vertex  4.088114e+01  1.670600e+03 -5.721423e+01
      vertex  4.649463e+01  1.670600e+03 -5.281250e+01
    endloop
  endfacet
  facet normal  0.000000e+00  1.000000e+00  0.000000e+00
    outer loop
      vertex  4.649463e+01  1.670600e+03 -5.281250e+01
      vertex  4.088114e+01  1.670600e+03 -5.721423e+01
      vertex  4.142265e+01  1.670600e+03 -5.673676e+01
    endloop
  endfacet
  facet normal  0.000000e+00  1.000000e+00  0.000000e+00
    outer loop
      vertex  4.649463e+01  1.670600e+03 -5.281250e+01
      vertex  4.142265e+01  1.670600e+03 -5.673676e+01
      vertex  4.587500e+01  1.670600e+03 -5.050000e+01
    endloop
  endfacet
  facet normal  0.000000e+00  9.999999e-01  0.000000e+00
    outer loop
      vertex  4.587500e+01  1.670600e+03 -5.050000e+01
      vertex  4.142265e+01  1.670600e+03 -5.673676e+01
      vertex  4.175635e+01  1.670600e+03 -5.610764e+01
    endloop
  endfacet
  facet normal  0.000000e+00  1.000000e+00  0.000000e+00
    outer loop
      vertex  4.587500e+01  1.670600e+03 -5.050000e+01
      vertex  4.175635e+01  1.670600e+03 -5.610764e+01
      vertex  4.179691e+01  1.670600e+03 -5.503846e+01
    endloop
  endfacet
  facet normal  0.000000e+00  1.000000e+00  -0.000000e+00
    outer loop
      vertex  6.450000e+01  1.670600e+03  4.889849e+01
      vertex  6.450000e+01  1.670600e+03  1.750000e+01
      vertex  6.426049e+01  1.670600e+03  4.954784e+01
    endloop
  endfacet
  facet normal  0.000000e+00  1.000000e+00  0.000000e+00
    outer loop
      vertex  6.426049e+01  1.670600e+03  4.954784e+01
      vertex  6.450000e+01  1.670600e+03  1.750000e+01
      vertex  6.425401e+01  1.670600e+03  1.684315e+01
    endloop
  endfacet
  facet normal  0.000000e+00  1.000000e+00  -0.000000e+00
    outer loop
      vertex  6.426049e+01  1.670600e+03  4.954784e+01
      vertex  6.425401e+01  1.670600e+03  1.684315e+01
      vertex  6.420711e+01  1.670600e+03  4.960559e+01
    endloop
  endfacet
  facet normal  0.000000e+00  1.000000e+00  0.000000e+00
    outer loop
      vertex  6.420711e+01  1.670600e+03  4.960559e+01
      vertex  6.425401e+01  1.670600e+03  1.684315e+01
      vertex  6.413644e+01  1.670600e+03  1.672223e+01
    endloop
  endfacet
  facet normal  0.000000e+00  1.000000e+00  0.000000e+00
    outer loop
      vertex  5.231165e+01  1.670600e+03 -4.150161e+01
      vertex  5.281250e+01  1.670600e+03 -4.649463e+01
      vertex  4.946492e+01  1.670600e+03 -4.192700e+01
    endloop
  endfacet
  facet normal  0.000000e+00  1.000000e+00  0.000000e+00
    outer loop
      vertex  4.946492e+01  1.670600e+03 -4.192700e+01
      vertex  5.281250e+01  1.670600e+03 -4.649463e+01
      vertex  5.050000e+01  1.670600e+03 -4.587500e+01
    endloop
  endfacet
  facet normal  0.000000e+00  1.000000e+00  0.000000e+00
    outer loop
      vertex  4.946492e+01  1.670600e+03 -4.192700e+01
      vertex  5.050000e+01  1.670600e+03 -4.587500e+01
      vertex  4.673788e+01  1.670600e+03 -4.312994e+01
    endloop
  endfacet
  facet normal  0.000000e+00  1.000000e+00  0.000000e+00
    outer loop
      vertex  4.673788e+01  1.670600e+03 -4.312994e+01
      vertex  5.050000e+01  1.670600e+03 -4.587500e+01
      vertex  4.818750e+01  1.670600e+03 -4.649463e+01
    endloop
  endfacet
  facet normal  0.000000e+00  1.000000e+00  0.000000e+00
    outer loop
      vertex  4.673788e+01  1.670600e+03 -4.312994e+01
      vertex  4.818750e+01  1.670600e+03 -4.649463e+01
      vertex  4.649463e+01  1.670600e+03 -4.818750e+01
    endloop
  endfacet
  facet normal  0.000000e+00  1.000000e+00  0.000000e+00
    outer loop
      vertex  4.649463e+01  1.670600e+03 -4.818750e+01
      vertex  4.587500e+01  1.670600e+03 -5.050000e+01
      vertex  4.673788e+01  1.670600e+03 -4.312994e+01
    endloop
  endfacet
  facet normal  0.000000e+00  1.000000e+00  0.000000e+00
    outer loop
      vertex  4.673788e+01  1.670600e+03 -4.312994e+01
      vertex  4.587500e+01  1.670600e+03 -5.050000e+01
      vertex  4.444883e+01  1.670600e+03 -4.500475e+01
    endloop
  endfacet
  facet normal  0.000000e+00  1.000000e+00  -0.000000e+00
    outer loop
      vertex  5.281250e+01  1.670600e+03  4.649463e+01
      vertex  5.245703e+01  1.670600e+03  4.150008e+01
      vertex  5.050000e+01  1.670600e+03  4.587500e+01
    endloop
  endfacet
  facet normal  0.000000e+00  9.999999e-01  0.000000e+00
    outer loop
      vertex  5.050000e+01  1.670600e+03  4.587500e+01
      vertex  5.245703e+01  1.670600e+03  4.150008e+01
      vertex  4.987798e+01  1.670600e+03  4.181707e+01
    endloop
  endfacet
  facet normal  0.000000e+00  1.000000e+00  -0.000000e+00
    outer loop
      vertex  5.050000e+01  1.670600e+03  4.587500e+01
      vertex  4.987798e+01  1.670600e+03  4.181707e+01
      vertex  4.818750e+01  1.670600e+03  4.649463e+01
    endloop
  endfacet
  facet normal  0.000000e+00  1.000000e+00  0.000000e+00
    outer loop
      vertex  4.818750e+01  1.670600e+03  4.649463e+01
      vertex  4.987798e+01  1.670600e+03  4.181707e+01
      vertex  4.692536e+01  1.670600e+03  4.301720e+01
    endloop
  endfacet
  facet normal  0.000000e+00  1.000000e+00  -0.000000e+00
    outer loop
      vertex  4.818750e+01  1.670600e+03  4.649463e+01
      vertex  4.692536e+01  1.670600e+03  4.301720e+01
      vertex  4.649463e+01  1.670600e+03  4.818750e+01
    endloop
  endfacet
  facet normal  0.000000e+00  1.000000e+00  0.000000e+00
    outer loop
      vertex  4.502675e+01  1.670600e+03  4.442841e+01
      vertex  4.587500e+01  1.670600e+03  5.050000e+01
      vertex  4.692536e+01  1.670600e+03  4.301720e+01
    endloop
  endfacet
  facet normal  0.000000e+00  1.000000e+00  0.000000e+00
    outer loop
      vertex  4.692536e+01  1.670600e+03  4.301720e+01
      vertex  4.587500e+01  1.670600e+03  5.050000e+01
      vertex  4.649463e+01  1.670600e+03  4.818750e+01
    endloop
  endfacet
  facet normal  0.000000e+00  1.000000e+00  0.000000e+00
    outer loop
      vertex  4.088180e+01  1.670600e+03  5.721383e+01
      vertex  4.818750e+01  1.670600e+03  5.450537e+01
      vertex  4.141692e+01  1.670600e+03  5.674400e+01
    endloop
  endfacet
  facet normal  0.000000e+00  9.999999e-01  0.000000e+00
    outer loop
      vertex  4.141692e+01  1.670600e+03  5.674400e+01
      vertex  4.818750e+01  1.670600e+03  5.450537e+01
      vertex  4.649463e+01  1.670600e+03  5.281250e+01
    endloop
  endfacet
  facet normal  0.000000e+00  1.000000e+00  0.000000e+00
    outer loop
      vertex  4.141692e+01  1.670600e+03  5.674400e+01
      vertex  4.649463e+01  1.670600e+03  5.281250e+01
      vertex  4.175660e+01  1.670600e+03  5.610685e+01
    endloop
  endfacet
  facet normal  0.000000e+00  9.999999e-01  0.000000e+00
    outer loop
      vertex  4.175660e+01  1.670600e+03  5.610685e+01
      vertex  4.649463e+01  1.670600e+03  5.281250e+01
      vertex  4.587500e+01  1.670600e+03  5.050000e+01
    endloop
  endfacet
  facet normal  0.000000e+00  9.999999e-01  0.000000e+00
    outer loop
      vertex  4.175660e+01  1.670600e+03  5.610685e+01
      vertex  4.587500e+01  1.670600e+03  5.050000e+01
      vertex  4.179691e+01  1.670600e+03  5.503846e+01
    endloop
  endfacet
  facet normal -8.090177e-01  0.000000e+00 -5.877842e-01
    outer loop
      vertex  6.448918e+01  1.664600e+03 -6.099248e+01
      vertex  6.348111e+01  9.376000e+02 -5.960498e+01
      vertex  6.348111e+01  1.664600e+03 -5.960498e+01
    endloop
  endfacet
  facet normal -3.090154e-01  -0.000000e+00 -9.510570e-01
    outer loop
      vertex  6.348111e+01  1.664600e+03 -5.960498e+01
      vertex  6.348111e+01  9.376000e+02 -5.960498e+01
      vertex  6.185000e+01  9.376000e+02 -5.907500e+01
    endloop
  endfacet
  facet normal -3.090154e-01  0.000000e+00 -9.510570e-01
    outer loop
      vertex  6.348111e+01  1.664600e+03 -5.960498e+01
      vertex  6.185000e+01  9.376000e+02 -5.907500e+01
      vertex  6.185000e+01  1.664600e+03 -5.907500e+01
    endloop
  endfacet
  facet normal -8.090177e-01  -0.000000e+00 -5.877842e-01
    outer loop
      vertex  6.348111e+01  9.376000e+02 -5.960498e+01
      vertex  6.448918e+01  1.664600e+03 -6.099248e+01
      vertex  6.448918e+01  9.376000e+02 -6.099248e+01
    endloop
  endfacet
  facet normal -1.000000e+00  0.000000e+00  0.000000e+00
    outer loop
      vertex  6.448918e+01  9.376000e+02 -6.099248e+01
      vertex  6.448918e+01  1.664600e+03 -6.099248e+01
      vertex  6.448918e+01  1.664600e+03 -6.270752e+01
    endloop
  endfacet
  facet normal -1.000000e+00  0.000000e+00  0.000000e+00
    outer loop
      vertex  6.448918e+01  9.376000e+02 -6.099248e+01
      vertex  6.448918e+01  1.664600e+03 -6.270752e+01
      vertex  6.448918e+01  9.376000e+02 -6.270752e+01
    endloop
  endfacet
  facet normal -8.090177e-01  0.000000e+00  5.877842e-01
    outer loop
      vertex  6.448918e+01  9.376000e+02 -6.270752e+01
      vertex  6.448918e+01  1.664600e+03 -6.270752e+01
      vertex  6.348111e+01  1.664600e+03 -6.409502e+01
    endloop
  endfacet
  facet normal -8.090177e-01  0.000000e+00  5.877842e-01
    outer loop
      vertex  6.448918e+01  9.376000e+02 -6.270752e+01
      vertex  6.348111e+01  1.664600e+03 -6.409502e+01
      vertex  6.348111e+01  9.376000e+02 -6.409502e+01
    endloop
  endfacet
  facet normal -3.090154e-01  0.000000e+00  9.510570e-01
    outer loop
      vertex  6.348111e+01  9.376000e+02 -6.409502e+01
      vertex  6.348111e+01  1.664600e+03 -6.409502e+01
      vertex  6.185000e+01  1.664600e+03 -6.462500e+01
    endloop
  endfacet
  facet normal -3.090154e-01  0.000000e+00  9.510570e-01
    outer loop
      vertex  6.348111e+01  9.376000e+02 -6.409502e+01
      vertex  6.185000e+01  1.664600e+03 -6.462500e+01
      vertex  6.185000e+01  9.376000e+02 -6.462500e+01
    endloop
  endfacet
  facet normal  8.090177e-01  -0.000000e+00  5.877842e-01
    outer loop
      vertex  5.921082e+01  1.664600e+03 -6.270752e+01
      vertex  6.021889e+01  9.376000e+02 -6.409502e+01
      vertex  6.021889e+01  1.664600e+03 -6.409502e+01
    endloop
  endfacet
  facet normal  3.090160e-01  0.000000e+00  9.510568e-01
    outer loop
      vertex  6.021889e+01  1.664600e+03 -6.409502e+01
      vertex  6.021889e+01  9.376000e+02 -6.409502e+01
      vertex  6.185000e+01  9.376000e+02 -6.462500e+01
    endloop
  endfacet
  facet normal  3.090160e-01  -0.000000e+00  9.510568e-01
    outer loop
      vertex  6.021889e+01  1.664600e+03 -6.409502e+01
      vertex  6.185000e+01  9.376000e+02 -6.462500e+01
      vertex  6.185000e+01  1.664600e+03 -6.462500e+01
    endloop
  endfacet
  facet normal  8.090177e-01  0.000000e+00  5.877842e-01
    outer loop
      vertex  6.021889e+01  9.376000e+02 -6.409502e+01
      vertex  5.921082e+01  1.664600e+03 -6.270752e+01
      vertex  5.921082e+01  9.376000e+02 -6.270752e+01
    endloop
  endfacet
  facet normal  1.000000e+00  0.000000e+00  0.000000e+00
    outer loop
      vertex  5.921082e+01  9.376000e+02 -6.270752e+01
      vertex  5.921082e+01  1.664600e+03 -6.270752e+01
      vertex  5.921082e+01  1.664600e+03 -6.099248e+01
    endloop
  endfacet
  facet normal  1.000000e+00  0.000000e+00  0.000000e+00
    outer loop
      vertex  5.921082e+01  9.376000e+02 -6.270752e+01
      vertex  5.921082e+01  1.664600e+03 -6.099248e+01
      vertex  5.921082e+01  9.376000e+02 -6.099248e+01
    endloop
  endfacet
  facet normal  8.090177e-01  0.000000e+00 -5.877842e-01
    outer loop
      vertex  5.921082e+01  9.376000e+02 -6.099248e+01
      vertex  5.921082e+01  1.664600e+03 -6.099248e+01
      vertex  6.021889e+01  1.664600e+03 -5.960498e+01
    endloop
  endfacet
  facet normal  8.090177e-01  0.000000e+00 -5.877842e-01
    outer loop
      vertex  5.921082e+01  9.376000e+02 -6.099248e+01
      vertex  6.021889e+01  1.664600e+03 -5.960498e+01
      vertex  6.021889e+01  9.376000e+02 -5.960498e+01
    endloop
  endfacet
  facet normal  3.090160e-01  0.000000e+00 -9.510568e-01
    outer loop
      vertex  6.021889e+01  9.376000e+02 -5.960498e+01
      vertex  6.021889e+01  1.664600e+03 -5.960498e+01
      vertex  6.185000e+01  1.664600e+03 -5.907500e+01
    endloop
  endfacet
  facet normal  3.090160e-01  0.000000e+00 -9.510568e-01
    outer loop
      vertex  6.021889e+01  9.376000e+02 -5.960498e+01
      vertex  6.185000e+01  1.664600e+03 -5.907500e+01
      vertex  6.185000e+01  9.376000e+02 -5.907500e+01
    endloop
  endfacet
  facet normal -9.238793e-01  0.000000e+00  3.826840e-01
    outer loop
      vertex -7.270711e+01  9.376000e+02  5.807609e+01
      vertex -7.270711e+01  1.664600e+03  5.807609e+01
      vertex -7.300000e+01  9.376000e+02  5.736899e+01
    endloop
  endfacet
  facet normal -9.238793e-01  0.000000e+00  3.826840e-01
    outer loop
      vertex -7.300000e+01  9.376000e+02  5.736899e+01
      vertex -7.270711e+01  1.664600e+03  5.807609e+01
      vertex -7.300000e+01  1.664600e+03  5.736899e+01
    endloop
  endfacet
  facet normal -7.071068e-01  0.000000e+00  7.071068e-01
    outer loop
      vertex -5.807609e+01  9.376000e+02  7.270711e+01
      vertex -5.807609e+01  1.664600e+03  7.270711e+01
      vertex -7.270711e+01  9.376000e+02  5.807609e+01
    endloop
  endfacet
  facet normal -7.071068e-01  0.000000e+00  7.071068e-01
    outer loop
      vertex -7.270711e+01  9.376000e+02  5.807609e+01
      vertex -5.807609e+01  1.664600e+03  7.270711e+01
      vertex -7.270711e+01  1.664600e+03  5.807609e+01
    endloop
  endfacet
  facet normal -3.826840e-01  0.000000e+00  9.238793e-01
    outer loop
      vertex -5.736899e+01  9.376000e+02  7.300000e+01
      vertex -5.736899e+01  1.664600e+03  7.300000e+01
      vertex -5.807609e+01  9.376000e+02  7.270711e+01
    endloop
  endfacet
  facet normal -3.826840e-01  0.000000e+00  9.238793e-01
    outer loop
      vertex -5.807609e+01  9.376000e+02  7.270711e+01
      vertex -5.736899e+01  1.664600e+03  7.300000e+01
      vertex -5.807609e+01  1.664600e+03  7.270711e+01
    endloop
  endfacet
  facet normal  -0.000000e+00  0.000000e+00  1.000000e+00
    outer loop
      vertex -1.791420e+01  1.664600e+03  7.300000e+01
      vertex -5.736899e+01  1.664600e+03  7.300000e+01
      vertex -3.550000e+01  1.652900e+03  7.300000e+01
    endloop
  endfacet
  facet normal  0.000000e+00  0.000000e+00  1.000000e+00
    outer loop
      vertex -1.791420e+01  1.664600e+03  7.300000e+01
      vertex -3.550000e+01  1.652900e+03  7.300000e+01
      vertex -3.350000e+01  1.652900e+03  7.300000e+01
    endloop
  endfacet
  facet normal  -0.000000e+00  0.000000e+00  1.000000e+00
    outer loop
      vertex -1.791420e+01  1.664600e+03  7.300000e+01
      vertex -3.350000e+01  1.652900e+03  7.300000e+01
      vertex -3.205000e+01  1.652511e+03  7.300000e+01
    endloop
  endfacet
  facet normal  -0.000000e+00  0.000000e+00  1.000000e+00
    outer loop
      vertex -1.791420e+01  1.664600e+03  7.300000e+01
      vertex -3.205000e+01  1.652511e+03  7.300000e+01
      vertex -3.098853e+01  1.651450e+03  7.300000e+01
    endloop
  endfacet
  facet normal  -0.000000e+00  0.000000e+00  1.000000e+00
    outer loop
      vertex -1.791420e+01  1.664600e+03  7.300000e+01
      vertex -3.098853e+01  1.651450e+03  7.300000e+01
      vertex -3.060000e+01  1.650000e+03  7.300000e+01
    endloop
  endfacet
  facet normal  -0.000000e+00  0.000000e+00  1.000000e+00
    outer loop
      vertex -1.791420e+01  1.664600e+03  7.300000e+01
      vertex -3.060000e+01  1.650000e+03  7.300000e+01
      vertex -1.791420e+01  9.376000e+02  7.300000e+01
    endloop
  endfacet
  facet normal  0.000000e+00  0.000000e+00  1.000000e+00
    outer loop
      vertex -1.791420e+01  9.376000e+02  7.300000e+01
      vertex -3.060000e+01  1.650000e+03  7.300000e+01
      vertex -3.060000e+01  1.645000e+03  7.300000e+01
    endloop
  endfacet
  facet normal  0.000000e+00  0.000000e+00  1.000000e+00
    outer loop
      vertex -1.791420e+01  9.376000e+02  7.300000e+01
      vertex -3.060000e+01  1.645000e+03  7.300000e+01
      vertex -3.098853e+01  1.643550e+03  7.300000e+01
    endloop
  endfacet
  facet normal  0.000000e+00  0.000000e+00  1.000000e+00
    outer loop
      vertex -1.791420e+01  9.376000e+02  7.300000e+01
      vertex -3.098853e+01  1.643550e+03  7.300000e+01
      vertex -3.205000e+01  1.642489e+03  7.300000e+01
    endloop
  endfacet
  facet normal  0.000000e+00  0.000000e+00  1.000000e+00
    outer loop
      vertex -1.791420e+01  9.376000e+02  7.300000e+01
      vertex -3.205000e+01  1.642489e+03  7.300000e+01
      vertex -3.350000e+01  1.642100e+03  7.300000e+01
    endloop
  endfacet
  facet normal  0.000000e+00  0.000000e+00  1.000000e+00
    outer loop
      vertex -1.791420e+01  9.376000e+02  7.300000e+01
      vertex -3.350000e+01  1.642100e+03  7.300000e+01
      vertex -3.550000e+01  1.642100e+03  7.300000e+01
    endloop
  endfacet
  facet normal  0.000000e+00  0.000000e+00  1.000000e+00
    outer loop
      vertex -1.791420e+01  9.376000e+02  7.300000e+01
      vertex -3.550000e+01  1.642100e+03  7.300000e+01
      vertex -5.736899e+01  9.376000e+02  7.300000e+01
    endloop
  endfacet
  facet normal  0.000000e+00  0.000000e+00  9.999999e-01
    outer loop
      vertex -5.736899e+01  9.376000e+02  7.300000e+01
      vertex -3.550000e+01  1.642100e+03  7.300000e+01
      vertex -3.668273e+01  1.642352e+03  7.300000e+01
    endloop
  endfacet
  facet normal  0.000000e+00  0.000000e+00  1.000000e+00
    outer loop
      vertex -5.736899e+01  9.376000e+02  7.300000e+01
      vertex -3.668273e+01  1.642352e+03  7.300000e+01
      vertex -3.793310e+01  1.643422e+03  7.300000e+01
    endloop
  endfacet
  facet normal  0.000000e+00  0.000000e+00  1.000000e+00
    outer loop
      vertex -5.736899e+01  9.376000e+02  7.300000e+01
      vertex -3.793310e+01  1.643422e+03  7.300000e+01
      vertex -3.840000e+01  1.645000e+03  7.300000e+01
    endloop
  endfacet
  facet normal  0.000000e+00  -0.000000e+00  1.000000e+00
    outer loop
      vertex -5.736899e+01  9.376000e+02  7.300000e+01
      vertex -3.840000e+01  1.645000e+03  7.300000e+01
      vertex -3.840000e+01  1.650000e+03  7.300000e+01
    endloop
  endfacet
  facet normal  0.000000e+00  0.000000e+00  1.000000e+00
    outer loop
      vertex -5.736899e+01  1.664600e+03  7.300000e+01
      vertex -5.736899e+01  9.376000e+02  7.300000e+01
      vertex -3.840000e+01  1.650000e+03  7.300000e+01
    endloop
  endfacet
  facet normal  0.000000e+00  -0.000000e+00  1.000000e+00
    outer loop
      vertex -5.736899e+01  1.664600e+03  7.300000e+01
      vertex -3.840000e+01  1.650000e+03  7.300000e+01
      vertex -3.814786e+01  1.651183e+03  7.300000e+01
    endloop
  endfacet
  facet normal  0.000000e+00  -0.000000e+00  1.000000e+00
    outer loop
      vertex -5.736899e+01  1.664600e+03  7.300000e+01
      vertex -3.814786e+01  1.651183e+03  7.300000e+01
      vertex -3.707799e+01  1.652433e+03  7.300000e+01
    endloop
  endfacet
  facet normal  0.000000e+00  -0.000000e+00  1.000000e+00
    outer loop
      vertex -5.736899e+01  1.664600e+03  7.300000e+01
      vertex -3.707799e+01  1.652433e+03  7.300000e+01
      vertex -3.550000e+01  1.652900e+03  7.300000e+01
    endloop
  endfacet
  facet normal  1.951017e-01  -0.000000e+00  9.807830e-01
    outer loop
      vertex -1.791420e+01  1.664600e+03  7.300000e+01
      vertex -1.791420e+01  9.376000e+02  7.300000e+01
      vertex -1.753151e+01  1.664600e+03  7.292387e+01
    endloop
  endfacet
  facet normal  1.951017e-01  0.000000e+00  9.807830e-01
    outer loop
      vertex -1.753151e+01  1.664600e+03  7.292387e+01
      vertex -1.791420e+01  9.376000e+02  7.300000e+01
      vertex -1.753151e+01  9.376000e+02  7.292387e+01
    endloop
  endfacet
  facet normal  5.555708e-01  -0.000000e+00  8.314692e-01
    outer loop
      vertex -1.753151e+01  1.664600e+03  7.292387e+01
      vertex -1.753151e+01  9.376000e+02  7.292387e+01
      vertex -1.720709e+01  1.664600e+03  7.270710e+01
    endloop
  endfacet
  facet normal  5.555708e-01  0.000000e+00  8.314692e-01
    outer loop
      vertex -1.720709e+01  1.664600e+03  7.270710e+01
      vertex -1.753151e+01  9.376000e+02  7.292387e+01
      vertex -1.720709e+01  9.376000e+02  7.270710e+01
    endloop
  endfacet
  facet normal  7.071134e-01  0.000000e+00  7.071001e-01
    outer loop
      vertex -1.579291e+01  9.376000e+02  7.129290e+01
      vertex -1.579291e+01  1.664600e+03  7.129290e+01
      vertex -1.720709e+01  9.376000e+02  7.270710e+01
    endloop
  endfacet
  facet normal  7.071134e-01  -0.000000e+00  7.071001e-01
    outer loop
      vertex -1.720709e+01  9.376000e+02  7.270710e+01
      vertex -1.579291e+01  1.664600e+03  7.129290e+01
      vertex -1.720709e+01  1.664600e+03  7.270710e+01
    endloop
  endfacet
  facet normal  0.000000e+00  0.000000e+00  1.000000e+00
    outer loop
      vertex  1.508580e+01  9.376000e+02  7.100000e+01
      vertex  1.508580e+01  1.664600e+03  7.100000e+01
      vertex -1.508580e+01  9.376000e+02  7.100000e+01
    endloop
  endfacet
  facet normal  0.000000e+00  0.000000e+00  1.000000e+00
    outer loop
      vertex -1.508580e+01  9.376000e+02  7.100000e+01
      vertex  1.508580e+01  1.664600e+03  7.100000e+01
      vertex -1.508580e+01  1.664600e+03  7.100000e+01
    endloop
  endfacet
  facet normal -7.071134e-01  0.000000e+00  7.071001e-01
    outer loop
      vertex  1.720709e+01  9.376000e+02  7.270710e+01
      vertex  1.720709e+01  1.664600e+03  7.270710e+01
      vertex  1.579291e+01  9.376000e+02  7.129290e+01
    endloop
  endfacet
  facet normal -7.071134e-01  0.000000e+00  7.071001e-01
    outer loop
      vertex  1.579291e+01  9.376000e+02  7.129290e+01
      vertex  1.720709e+01  1.664600e+03  7.270710e+01
      vertex  1.579291e+01  1.664600e+03  7.129290e+01
    endloop
  endfacet
  facet normal -5.555708e-01  0.000000e+00  8.314692e-01
    outer loop
      vertex  1.720709e+01  1.664600e+03  7.270710e+01
      vertex  1.720709e+01  9.376000e+02  7.270710e+01
      vertex  1.753151e+01  1.664600e+03  7.292387e+01
    endloop
  endfacet
  facet normal -5.555708e-01  0.000000e+00  8.314692e-01
    outer loop
      vertex  1.753151e+01  1.664600e+03  7.292387e+01
      vertex  1.720709e+01  9.376000e+02  7.270710e+01
      vertex  1.753151e+01  9.376000e+02  7.292387e+01
    endloop
  endfacet
  facet normal -1.951017e-01  0.000000e+00  9.807830e-01
    outer loop
      vertex  1.753151e+01  1.664600e+03  7.292387e+01
      vertex  1.753151e+01  9.376000e+02  7.292387e+01
      vertex  1.791420e+01  1.664600e+03  7.300000e+01
    endloop
  endfacet
  facet normal -1.951017e-01  0.000000e+00  9.807830e-01
    outer loop
      vertex  1.791420e+01  1.664600e+03  7.300000e+01
      vertex  1.753151e+01  9.376000e+02  7.292387e+01
      vertex  1.791420e+01  9.376000e+02  7.300000e+01
    endloop
  endfacet
  facet normal  -0.000000e+00  0.000000e+00  1.000000e+00
    outer loop
      vertex  5.736899e+01  1.664600e+03  7.300000e+01
      vertex  1.791420e+01  1.664600e+03  7.300000e+01
      vertex  4.130000e+01  1.652900e+03  7.300000e+01
    endloop
  endfacet
  facet normal  0.000000e+00  0.000000e+00  1.000000e+00
    outer loop
      vertex  5.736899e+01  1.664600e+03  7.300000e+01
      vertex  4.130000e+01  1.652900e+03  7.300000e+01
      vertex  4.330000e+01  1.652900e+03  7.300000e+01
    endloop
  endfacet
  facet normal  -0.000000e+00  0.000000e+00  1.000000e+00
    outer loop
      vertex  5.736899e+01  1.664600e+03  7.300000e+01
      vertex  4.330000e+01  1.652900e+03  7.300000e+01
      vertex  4.475000e+01  1.652511e+03  7.300000e+01
    endloop
  endfacet
  facet normal  -0.000000e+00  0.000000e+00  1.000000e+00
    outer loop
      vertex  5.736899e+01  1.664600e+03  7.300000e+01
      vertex  4.475000e+01  1.652511e+03  7.300000e+01
      vertex  4.581147e+01  1.651450e+03  7.300000e+01
    endloop
  endfacet
  facet normal  -0.000000e+00  0.000000e+00  9.999999e-01
    outer loop
      vertex  5.736899e+01  1.664600e+03  7.300000e+01
      vertex  4.581147e+01  1.651450e+03  7.300000e+01
      vertex  4.620000e+01  1.650000e+03  7.300000e+01
    endloop
  endfacet
  facet normal  -0.000000e+00  0.000000e+00  9.999999e-01
    outer loop
      vertex  5.736899e+01  1.664600e+03  7.300000e+01
      vertex  4.620000e+01  1.650000e+03  7.300000e+01
      vertex  5.736899e+01  9.376000e+02  7.300000e+01
    endloop
  endfacet
  facet normal  0.000000e+00  0.000000e+00  1.000000e+00
    outer loop
      vertex  5.736899e+01  9.376000e+02  7.300000e+01
      vertex  4.620000e+01  1.650000e+03  7.300000e+01
      vertex  4.620000e+01  1.645000e+03  7.300000e+01
    endloop
  endfacet
  facet normal  0.000000e+00  0.000000e+00  1.000000e+00
    outer loop
      vertex  5.736899e+01  9.376000e+02  7.300000e+01
      vertex  4.620000e+01  1.645000e+03  7.300000e+01
      vertex  4.581147e+01  1.643550e+03  7.300000e+01
    endloop
  endfacet
  facet normal  0.000000e+00  0.000000e+00  9.999999e-01
    outer loop
      vertex  5.736899e+01  9.376000e+02  7.300000e+01
      vertex  4.581147e+01  1.643550e+03  7.300000e+01
      vertex  4.475000e+01  1.642489e+03  7.300000e+01
    endloop
  endfacet
  facet normal  0.000000e+00  0.000000e+00  1.000000e+00
    outer loop
      vertex  5.736899e+01  9.376000e+02  7.300000e+01
      vertex  4.475000e+01  1.642489e+03  7.300000e+01
      vertex  4.330000e+01  1.642100e+03  7.300000e+01
    endloop
  endfacet
  facet normal  0.000000e+00  0.000000e+00  1.000000e+00
    outer loop
      vertex  5.736899e+01  9.376000e+02  7.300000e+01
      vertex  4.330000e+01  1.642100e+03  7.300000e+01
      vertex  4.130000e+01  1.642100e+03  7.300000e+01
    endloop
  endfacet
  facet normal  0.000000e+00  0.000000e+00  1.000000e+00
    outer loop
      vertex  5.736899e+01  9.376000e+02  7.300000e+01
      vertex  4.130000e+01  1.642100e+03  7.300000e+01
      vertex  1.791420e+01  9.376000e+02  7.300000e+01
    endloop
  endfacet
  facet normal  0.000000e+00  0.000000e+00  1.000000e+00
    outer loop
      vertex  1.791420e+01  9.376000e+02  7.300000e+01
      vertex  4.130000e+01  1.642100e+03  7.300000e+01
      vertex  4.011727e+01  1.642352e+03  7.300000e+01
    endloop
  endfacet
  facet normal  0.000000e+00  0.000000e+00  1.000000e+00
    outer loop
      vertex  1.791420e+01  9.376000e+02  7.300000e+01
      vertex  4.011727e+01  1.642352e+03  7.300000e+01
      vertex  3.886691e+01  1.643422e+03  7.300000e+01
    endloop
  endfacet
  facet normal  0.000000e+00  0.000000e+00  1.000000e+00
    outer loop
      vertex  1.791420e+01  9.376000e+02  7.300000e+01
      vertex  3.886691e+01  1.643422e+03  7.300000e+01
      vertex  3.840000e+01  1.645000e+03  7.300000e+01
    endloop
  endfacet
  facet normal  0.000000e+00  -0.000000e+00  9.999999e-01
    outer loop
      vertex  1.791420e+01  9.376000e+02  7.300000e+01
      vertex  3.840000e+01  1.645000e+03  7.300000e+01
      vertex  3.840000e+01  1.650000e+03  7.300000e+01
    endloop
  endfacet
  facet normal  0.000000e+00  0.000000e+00  1.000000e+00
    outer loop
      vertex  1.791420e+01  1.664600e+03  7.300000e+01
      vertex  1.791420e+01  9.376000e+02  7.300000e+01
      vertex  3.840000e+01  1.650000e+03  7.300000e+01
    endloop
  endfacet
  facet normal  0.000000e+00  -0.000000e+00  1.000000e+00
    outer loop
      vertex  1.791420e+01  1.664600e+03  7.300000e+01
      vertex  3.840000e+01  1.650000e+03  7.300000e+01
      vertex  3.865214e+01  1.651183e+03  7.300000e+01
    endloop
  endfacet
  facet normal  0.000000e+00  -0.000000e+00  1.000000e+00
    outer loop
      vertex  1.791420e+01  1.664600e+03  7.300000e+01
      vertex  3.865214e+01  1.651183e+03  7.300000e+01
      vertex  3.972201e+01  1.652433e+03  7.300000e+01
    endloop
  endfacet
  facet normal  0.000000e+00  -0.000000e+00  1.000000e+00
    outer loop
      vertex  1.791420e+01  1.664600e+03  7.300000e+01
      vertex  3.972201e+01  1.652433e+03  7.300000e+01
      vertex  4.130000e+01  1.652900e+03  7.300000e+01
    endloop
  endfacet
  facet normal  3.826840e-01  0.000000e+00  9.238793e-01
    outer loop
      vertex  5.807609e+01  9.376000e+02  7.270711e+01
      vertex  5.807609e+01  1.664600e+03  7.270711e+01
      vertex  5.736899e+01  9.376000e+02  7.300000e+01
    endloop
  endfacet
  facet normal  3.826840e-01  -0.000000e+00  9.238793e-01
    outer loop
      vertex  5.736899e+01  9.376000e+02  7.300000e+01
      vertex  5.807609e+01  1.664600e+03  7.270711e+01
      vertex  5.736899e+01  1.664600e+03  7.300000e+01
    endloop
  endfacet
  facet normal  7.071068e-01  0.000000e+00  7.071068e-01
    outer loop
      vertex  7.270711e+01  9.376000e+02  5.807609e+01
      vertex  7.270711e+01  1.664600e+03  5.807609e+01
      vertex  5.807609e+01  9.376000e+02  7.270711e+01
    endloop
  endfacet
  facet normal  7.071068e-01  -0.000000e+00  7.071068e-01
    outer loop
      vertex  5.807609e+01  9.376000e+02  7.270711e+01
      vertex  7.270711e+01  1.664600e+03  5.807609e+01
      vertex  5.807609e+01  1.664600e+03  7.270711e+01
    endloop
  endfacet
  facet normal  9.238793e-01  0.000000e+00  3.826840e-01
    outer loop
      vertex  7.300000e+01  9.376000e+02  5.736899e+01
      vertex  7.300000e+01  1.664600e+03  5.736899e+01
      vertex  7.270711e+01  9.376000e+02  5.807609e+01
    endloop
  endfacet
  facet normal  9.238793e-01  -0.000000e+00  3.826840e-01
    outer loop
      vertex  7.270711e+01  9.376000e+02  5.807609e+01
      vertex  7.300000e+01  1.664600e+03  5.736899e+01
      vertex  7.270711e+01  1.664600e+03  5.807609e+01
    endloop
  endfacet
  facet normal  1.000000e+00  0.000000e+00  0.000000e+00
    outer loop
      vertex  7.300000e+01  1.664600e+03  1.791420e+01
      vertex  7.300000e+01  1.664600e+03  5.736899e+01
      vertex  7.300000e+01  1.652900e+03  3.550000e+01
    endloop
  endfacet
  facet normal  1.000000e+00  0.000000e+00  0.000000e+00
    outer loop
      vertex  7.300000e+01  1.664600e+03  1.791420e+01
      vertex  7.300000e+01  1.652900e+03  3.550000e+01
      vertex  7.300000e+01  1.652900e+03  3.350000e+01
    endloop
  endfacet
  facet normal  1.000000e+00  0.000000e+00  0.000000e+00
    outer loop
      vertex  7.300000e+01  1.664600e+03  1.791420e+01
      vertex  7.300000e+01  1.652900e+03  3.350000e+01
      vertex  7.300000e+01  1.652511e+03  3.205000e+01
    endloop
  endfacet
  facet normal  1.000000e+00  0.000000e+00  0.000000e+00
    outer loop
      vertex  7.300000e+01  1.664600e+03  1.791420e+01
      vertex  7.300000e+01  1.652511e+03  3.205000e+01
      vertex  7.300000e+01  1.651450e+03  3.098853e+01
    endloop
  endfacet
  facet normal  1.000000e+00  0.000000e+00  0.000000e+00
    outer loop
      vertex  7.300000e+01  1.664600e+03  1.791420e+01
      vertex  7.300000e+01  1.651450e+03  3.098853e+01
      vertex  7.300000e+01  1.650000e+03  3.060000e+01
    endloop
  endfacet
  facet normal  1.000000e+00  0.000000e+00  0.000000e+00
    outer loop
      vertex  7.300000e+01  1.664600e+03  1.791420e+01
      vertex  7.300000e+01  1.650000e+03  3.060000e+01
      vertex  7.300000e+01  9.376000e+02  1.791420e+01
    endloop
  endfacet
  facet normal  1.000000e+00  0.000000e+00  0.000000e+00
    outer loop
      vertex  7.300000e+01  9.376000e+02  1.791420e+01
      vertex  7.300000e+01  1.650000e+03  3.060000e+01
      vertex  7.300000e+01  1.645000e+03  3.060000e+01
    endloop
  endfacet
  facet normal  1.000000e+00  0.000000e+00  0.000000e+00
    outer loop
      vertex  7.300000e+01  9.376000e+02  1.791420e+01
      vertex  7.300000e+01  1.645000e+03  3.060000e+01
      vertex  7.300000e+01  1.643550e+03  3.098853e+01
    endloop
  endfacet
  facet normal  1.000000e+00  0.000000e+00  0.000000e+00
    outer loop
      vertex  7.300000e+01  9.376000e+02  1.791420e+01
      vertex  7.300000e+01  1.643550e+03  3.098853e+01
      vertex  7.300000e+01  1.642489e+03  3.205000e+01
    endloop
  endfacet
  facet normal  1.000000e+00  0.000000e+00  0.000000e+00
    outer loop
      vertex  7.300000e+01  9.376000e+02  1.791420e+01
      vertex  7.300000e+01  1.642489e+03  3.205000e+01
      vertex  7.300000e+01  1.642100e+03  3.350000e+01
    endloop
  endfacet
  facet normal  1.000000e+00  0.000000e+00  -0.000000e+00
    outer loop
      vertex  7.300000e+01  9.376000e+02  1.791420e+01
      vertex  7.300000e+01  1.642100e+03  3.350000e+01
      vertex  7.300000e+01  1.642100e+03  3.550000e+01
    endloop
  endfacet
  facet normal  1.000000e+00  0.000000e+00  0.000000e+00
    outer loop
      vertex  7.300000e+01  9.376000e+02  1.791420e+01
      vertex  7.300000e+01  1.642100e+03  3.550000e+01
      vertex  7.300000e+01  9.376000e+02  5.736899e+01
    endloop
  endfacet
  facet normal  9.999999e-01  0.000000e+00  -0.000000e+00
    outer loop
      vertex  7.300000e+01  9.376000e+02  5.736899e+01
      vertex  7.300000e+01  1.642100e+03  3.550000e+01
      vertex  7.300000e+01  1.642352e+03  3.668273e+01
    endloop
  endfacet
  facet normal  1.000000e+00  0.000000e+00  -0.000000e+00
    outer loop
      vertex  7.300000e+01  9.376000e+02  5.736899e+01
      vertex  7.300000e+01  1.642352e+03  3.668273e+01
      vertex  7.300000e+01  1.643422e+03  3.793310e+01
    endloop
  endfacet
  facet normal  1.000000e+00  0.000000e+00  -0.000000e+00
    outer loop
      vertex  7.300000e+01  9.376000e+02  5.736899e+01
      vertex  7.300000e+01  1.643422e+03  3.793310e+01
      vertex  7.300000e+01  1.645000e+03  3.840000e+01
    endloop
  endfacet
  facet normal  1.000000e+00  0.000000e+00  -0.000000e+00
    outer loop
      vertex  7.300000e+01  9.376000e+02  5.736899e+01
      vertex  7.300000e+01  1.645000e+03  3.840000e+01
      vertex  7.300000e+01  1.650000e+03  3.840000e+01
    endloop
  endfacet
  facet normal  1.000000e+00  -0.000000e+00  0.000000e+00
    outer loop
      vertex  7.300000e+01  1.664600e+03  5.736899e+01
      vertex  7.300000e+01  9.376000e+02  5.736899e+01
      vertex  7.300000e+01  1.650000e+03  3.840000e+01
    endloop
  endfacet
  facet normal  1.000000e+00  -0.000000e+00  0.000000e+00
    outer loop
      vertex  7.300000e+01  1.664600e+03  5.736899e+01
      vertex  7.300000e+01  1.650000e+03  3.840000e+01
      vertex  7.300000e+01  1.651183e+03  3.814786e+01
    endloop
  endfacet
  facet normal  1.000000e+00  -0.000000e+00  0.000000e+00
    outer loop
      vertex  7.300000e+01  1.664600e+03  5.736899e+01
      vertex  7.300000e+01  1.651183e+03  3.814786e+01
      vertex  7.300000e+01  1.652433e+03  3.707799e+01
    endloop
  endfacet
  facet normal  1.000000e+00  -0.000000e+00  0.000000e+00
    outer loop
      vertex  7.300000e+01  1.664600e+03  5.736899e+01
      vertex  7.300000e+01  1.652433e+03  3.707799e+01
      vertex  7.300000e+01  1.652900e+03  3.550000e+01
    endloop
  endfacet
  facet normal  9.330475e-01  0.000000e+00 -3.597533e-01
    outer loop
      vertex  7.274116e+01  9.376000e+02  1.724287e+01
      vertex  7.274116e+01  1.664600e+03  1.724287e+01
      vertex  7.300000e+01  9.376000e+02  1.791420e+01
    endloop
  endfacet
  facet normal  9.330475e-01  0.000000e+00 -3.597533e-01
    outer loop
      vertex  7.300000e+01  9.376000e+02  1.791420e+01
      vertex  7.274116e+01  1.664600e+03  1.724287e+01
      vertex  7.300000e+01  1.664600e+03  1.791420e+01
    endloop
  endfacet
  facet normal  7.124106e-01  0.000000e+00 -7.017629e-01
    outer loop
      vertex  7.262752e+01  9.376000e+02  1.712751e+01
      vertex  7.262752e+01  1.664600e+03  1.712751e+01
      vertex  7.274116e+01  9.376000e+02  1.724287e+01
    endloop
  endfacet
  facet normal  7.124106e-01  0.000000e+00 -7.017629e-01
    outer loop
      vertex  7.274116e+01  9.376000e+02  1.724287e+01
      vertex  7.262752e+01  1.664600e+03  1.712751e+01
      vertex  7.274116e+01  1.664600e+03  1.724287e+01
    endloop
  endfacet
  facet normal  7.071007e-01  0.000000e+00 -7.071129e-01
    outer loop
      vertex  7.129290e+01  9.376000e+02  1.579291e+01
      vertex  7.129290e+01  1.664600e+03  1.579291e+01
      vertex  7.262752e+01  9.376000e+02  1.712751e+01
    endloop
  endfacet
  facet normal  7.071007e-01  0.000000e+00 -7.071129e-01
    outer loop
      vertex  7.262752e+01  9.376000e+02  1.712751e+01
      vertex  7.129290e+01  1.664600e+03  1.579291e+01
      vertex  7.262752e+01  1.664600e+03  1.712751e+01
    endloop
  endfacet
  facet normal  1.000000e+00  0.000000e+00  0.000000e+00
    outer loop
      vertex  7.100000e+01  9.376000e+02 -1.508580e+01
      vertex  7.100000e+01  1.664600e+03 -1.508580e+01
      vertex  7.100000e+01  9.376000e+02  1.508580e+01
    endloop
  endfacet
  facet normal  1.000000e+00  -0.000000e+00  0.000000e+00
    outer loop
      vertex  7.100000e+01  9.376000e+02  1.508580e+01
      vertex  7.100000e+01  1.664600e+03 -1.508580e+01
      vertex  7.100000e+01  1.664600e+03  1.508580e+01
    endloop
  endfacet
  facet normal  7.071007e-01  0.000000e+00  7.071129e-01
    outer loop
      vertex  7.262752e+01  9.376000e+02 -1.712751e+01
      vertex  7.262752e+01  1.664600e+03 -1.712751e+01
      vertex  7.129290e+01  9.376000e+02 -1.579291e+01
    endloop
  endfacet
  facet normal  7.071007e-01  -0.000000e+00  7.071129e-01
    outer loop
      vertex  7.129290e+01  9.376000e+02 -1.579291e+01
      vertex  7.262752e+01  1.664600e+03 -1.712751e+01
      vertex  7.129290e+01  1.664600e+03 -1.579291e+01
    endloop
  endfacet
  facet normal  7.124106e-01  0.000000e+00  7.017629e-01
    outer loop
      vertex  7.274116e+01  9.376000e+02 -1.724287e+01
      vertex  7.274116e+01  1.664600e+03 -1.724287e+01
      vertex  7.262752e+01  9.376000e+02 -1.712751e+01
    endloop
  endfacet
  facet normal  7.124106e-01  -0.000000e+00  7.017629e-01
    outer loop
      vertex  7.262752e+01  9.376000e+02 -1.712751e+01
      vertex  7.274116e+01  1.664600e+03 -1.724287e+01
      vertex  7.262752e+01  1.664600e+03 -1.712751e+01
    endloop
  endfacet
  facet normal  9.330475e-01  0.000000e+00  3.597533e-01
    outer loop
      vertex  7.300000e+01  9.376000e+02 -1.791420e+01
      vertex  7.300000e+01  1.664600e+03 -1.791420e+01
      vertex  7.274116e+01  9.376000e+02 -1.724287e+01
    endloop
  endfacet
  facet normal  9.330475e-01  -0.000000e+00  3.597533e-01
    outer loop
      vertex  7.274116e+01  9.376000e+02 -1.724287e+01
      vertex  7.300000e+01  1.664600e+03 -1.791420e+01
      vertex  7.274116e+01  1.664600e+03 -1.724287e+01
    endloop
  endfacet
  facet normal  1.000000e+00  0.000000e+00  0.000000e+00
    outer loop
      vertex  7.300000e+01  1.664600e+03 -5.736899e+01
      vertex  7.300000e+01  1.664600e+03 -1.791420e+01
      vertex  7.300000e+01  1.652900e+03 -4.130000e+01
    endloop
  endfacet
  facet normal  1.000000e+00  0.000000e+00  0.000000e+00
    outer loop
      vertex  7.300000e+01  1.664600e+03 -5.736899e+01
      vertex  7.300000e+01  1.652900e+03 -4.130000e+01
      vertex  7.300000e+01  1.652900e+03 -4.330000e+01
    endloop
  endfacet
  facet normal  1.000000e+00  0.000000e+00  0.000000e+00
    outer loop
      vertex  7.300000e+01  1.664600e+03 -5.736899e+01
      vertex  7.300000e+01  1.652900e+03 -4.330000e+01
      vertex  7.300000e+01  1.652511e+03 -4.475000e+01
    endloop
  endfacet
  facet normal  1.000000e+00  0.000000e+00  0.000000e+00
    outer loop
      vertex  7.300000e+01  1.664600e+03 -5.736899e+01
      vertex  7.300000e+01  1.652511e+03 -4.475000e+01
      vertex  7.300000e+01  1.651450e+03 -4.581147e+01
    endloop
  endfacet
  facet normal  9.999999e-01  0.000000e+00  0.000000e+00
    outer loop
      vertex  7.300000e+01  1.664600e+03 -5.736899e+01
      vertex  7.300000e+01  1.651450e+03 -4.581147e+01
      vertex  7.300000e+01  1.650000e+03 -4.620000e+01
    endloop
  endfacet
  facet normal  9.999999e-01  0.000000e+00  0.000000e+00
    outer loop
      vertex  7.300000e+01  1.664600e+03 -5.736899e+01
      vertex  7.300000e+01  1.650000e+03 -4.620000e+01
      vertex  7.300000e+01  9.376000e+02 -5.736899e+01
    endloop
  endfacet
  facet normal  1.000000e+00  0.000000e+00  0.000000e+00
    outer loop
      vertex  7.300000e+01  9.376000e+02 -5.736899e+01
      vertex  7.300000e+01  1.650000e+03 -4.620000e+01
      vertex  7.300000e+01  1.645000e+03 -4.620000e+01
    endloop
  endfacet
  facet normal  1.000000e+00  0.000000e+00  0.000000e+00
    outer loop
      vertex  7.300000e+01  9.376000e+02 -5.736899e+01
      vertex  7.300000e+01  1.645000e+03 -4.620000e+01
      vertex  7.300000e+01  1.643550e+03 -4.581147e+01
    endloop
  endfacet
  facet normal  9.999999e-01  0.000000e+00  0.000000e+00
    outer loop
      vertex  7.300000e+01  9.376000e+02 -5.736899e+01
      vertex  7.300000e+01  1.643550e+03 -4.581147e+01
      vertex  7.300000e+01  1.642489e+03 -4.475000e+01
    endloop
  endfacet
  facet normal  1.000000e+00  0.000000e+00  0.000000e+00
    outer loop
      vertex  7.300000e+01  9.376000e+02 -5.736899e+01
      vertex  7.300000e+01  1.642489e+03 -4.475000e+01
      vertex  7.300000e+01  1.642100e+03 -4.330000e+01
    endloop
  endfacet
  facet normal  1.000000e+00  0.000000e+00  -0.000000e+00
    outer loop
      vertex  7.300000e+01  9.376000e+02 -5.736899e+01
      vertex  7.300000e+01  1.642100e+03 -4.330000e+01
      vertex  7.300000e+01  1.642100e+03 -4.130000e+01
    endloop
  endfacet
  facet normal  1.000000e+00  0.000000e+00  0.000000e+00
    outer loop
      vertex  7.300000e+01  9.376000e+02 -5.736899e+01
      vertex  7.300000e+01  1.642100e+03 -4.130000e+01
      vertex  7.300000e+01  9.376000e+02 -1.791420e+01
    endloop
  endfacet
  facet normal  1.000000e+00  0.000000e+00  -0.000000e+00
    outer loop
      vertex  7.300000e+01  9.376000e+02 -1.791420e+01
      vertex  7.300000e+01  1.642100e+03 -4.130000e+01
      vertex  7.300000e+01  1.642352e+03 -4.011727e+01
    endloop
  endfacet
  facet normal  1.000000e+00  0.000000e+00  -0.000000e+00
    outer loop
      vertex  7.300000e+01  9.376000e+02 -1.791420e+01
      vertex  7.300000e+01  1.642352e+03 -4.011727e+01
      vertex  7.300000e+01  1.643422e+03 -3.886691e+01
    endloop
  endfacet
  facet normal  1.000000e+00  0.000000e+00  -0.000000e+00
    outer loop
      vertex  7.300000e+01  9.376000e+02 -1.791420e+01
      vertex  7.300000e+01  1.643422e+03 -3.886691e+01
      vertex  7.300000e+01  1.645000e+03 -3.840000e+01
    endloop
  endfacet
  facet normal  9.999999e-01  0.000000e+00  -0.000000e+00
    outer loop
      vertex  7.300000e+01  9.376000e+02 -1.791420e+01
      vertex  7.300000e+01  1.645000e+03 -3.840000e+01
      vertex  7.300000e+01  1.650000e+03 -3.840000e+01
    endloop
  endfacet
  facet normal  1.000000e+00  -0.000000e+00  0.000000e+00
    outer loop
      vertex  7.300000e+01  1.664600e+03 -1.791420e+01
      vertex  7.300000e+01  9.376000e+02 -1.791420e+01
      vertex  7.300000e+01  1.650000e+03 -3.840000e+01
    endloop
  endfacet
  facet normal  1.000000e+00  -0.000000e+00  0.000000e+00
    outer loop
      vertex  7.300000e+01  1.664600e+03 -1.791420e+01
      vertex  7.300000e+01  1.650000e+03 -3.840000e+01
      vertex  7.300000e+01  1.651183e+03 -3.865214e+01
    endloop
  endfacet
  facet normal  1.000000e+00  -0.000000e+00  0.000000e+00
    outer loop
      vertex  7.300000e+01  1.664600e+03 -1.791420e+01
      vertex  7.300000e+01  1.651183e+03 -3.865214e+01
      vertex  7.300000e+01  1.652433e+03 -3.972201e+01
    endloop
  endfacet
  facet normal  1.000000e+00  -0.000000e+00  0.000000e+00
    outer loop
      vertex  7.300000e+01  1.664600e+03 -1.791420e+01
      vertex  7.300000e+01  1.652433e+03 -3.972201e+01
      vertex  7.300000e+01  1.652900e+03 -4.130000e+01
    endloop
  endfacet
  facet normal  9.238793e-01  0.000000e+00 -3.826840e-01
    outer loop
      vertex  7.270711e+01  9.376000e+02 -5.807609e+01
      vertex  7.270711e+01  1.664600e+03 -5.807609e+01
      vertex  7.300000e+01  9.376000e+02 -5.736899e+01
    endloop
  endfacet
  facet normal  9.238793e-01  0.000000e+00 -3.826840e-01
    outer loop
      vertex  7.300000e+01  9.376000e+02 -5.736899e+01
      vertex  7.270711e+01  1.664600e+03 -5.807609e+01
      vertex  7.300000e+01  1.664600e+03 -5.736899e+01
    endloop
  endfacet
  facet normal  7.071068e-01  0.000000e+00 -7.071068e-01
    outer loop
      vertex  5.807609e+01  9.376000e+02 -7.270711e+01
      vertex  5.807609e+01  1.664600e+03 -7.270711e+01
      vertex  7.270711e+01  9.376000e+02 -5.807609e+01
    endloop
  endfacet
  facet normal  7.071068e-01  0.000000e+00 -7.071068e-01
    outer loop
      vertex  7.270711e+01  9.376000e+02 -5.807609e+01
      vertex  5.807609e+01  1.664600e+03 -7.270711e+01
      vertex  7.270711e+01  1.664600e+03 -5.807609e+01
    endloop
  endfacet
  facet normal  3.826840e-01  0.000000e+00 -9.238793e-01
    outer loop
      vertex  5.736899e+01  9.376000e+02 -7.300000e+01
      vertex  5.736899e+01  1.664600e+03 -7.300000e+01
      vertex  5.807609e+01  9.376000e+02 -7.270711e+01
    endloop
  endfacet
  facet normal  3.826840e-01  0.000000e+00 -9.238793e-01
    outer loop
      vertex  5.807609e+01  9.376000e+02 -7.270711e+01
      vertex  5.736899e+01  1.664600e+03 -7.300000e+01
      vertex  5.807609e+01  1.664600e+03 -7.270711e+01
    endloop
  endfacet
  facet normal  -0.000000e+00  0.000000e+00 -1.000000e+00
    outer loop
      vertex  1.791420e+01  1.664600e+03 -7.300000e+01
      vertex  5.736899e+01  1.664600e+03 -7.300000e+01
      vertex  4.330000e+01  1.652900e+03 -7.300000e+01
    endloop
  endfacet
  facet normal  0.000000e+00  0.000000e+00 -1.000000e+00
    outer loop
      vertex  1.791420e+01  1.664600e+03 -7.300000e+01
      vertex  4.330000e+01  1.652900e+03 -7.300000e+01
      vertex  4.130000e+01  1.652900e+03 -7.300000e+01
    endloop
  endfacet
  facet normal  -0.000000e+00  0.000000e+00 -1.000000e+00
    outer loop
      vertex  1.791420e+01  1.664600e+03 -7.300000e+01
      vertex  4.130000e+01  1.652900e+03 -7.300000e+01
      vertex  3.985000e+01  1.652511e+03 -7.300000e+01
    endloop
  endfacet
  facet normal  -0.000000e+00  0.000000e+00 -1.000000e+00
    outer loop
      vertex  1.791420e+01  1.664600e+03 -7.300000e+01
      vertex  3.985000e+01  1.652511e+03 -7.300000e+01
      vertex  3.878852e+01  1.651450e+03 -7.300000e+01
    endloop
  endfacet
  facet normal  -0.000000e+00  0.000000e+00 -1.000000e+00
    outer loop
      vertex  1.791420e+01  1.664600e+03 -7.300000e+01
      vertex  3.878852e+01  1.651450e+03 -7.300000e+01
      vertex  3.840000e+01  1.650000e+03 -7.300000e+01
    endloop
  endfacet
  facet normal  -0.000000e+00  0.000000e+00 -1.000000e+00
    outer loop
      vertex  1.791420e+01  1.664600e+03 -7.300000e+01
      vertex  3.840000e+01  1.650000e+03 -7.300000e+01
      vertex  1.791420e+01  9.376000e+02 -7.300000e+01
    endloop
  endfacet
  facet normal  0.000000e+00  -0.000000e+00 -9.999999e-01
    outer loop
      vertex  1.791420e+01  9.376000e+02 -7.300000e+01
      vertex  3.840000e+01  1.650000e+03 -7.300000e+01
      vertex  3.840000e+01  1.645000e+03 -7.300000e+01
    endloop
  endfacet
  facet normal  0.000000e+00  -0.000000e+00 -1.000000e+00
    outer loop
      vertex  1.791420e+01  9.376000e+02 -7.300000e+01
      vertex  3.840000e+01  1.645000e+03 -7.300000e+01
      vertex  3.878852e+01  1.643550e+03 -7.300000e+01
    endloop
  endfacet
  facet normal  0.000000e+00  -0.000000e+00 -9.999999e-01
    outer loop
      vertex  1.791420e+01  9.376000e+02 -7.300000e+01
      vertex  3.878852e+01  1.643550e+03 -7.300000e+01
      vertex  3.985000e+01  1.642489e+03 -7.300000e+01
    endloop
  endfacet
  facet normal  0.000000e+00  -0.000000e+00 -1.000000e+00
    outer loop
      vertex  1.791420e+01  9.376000e+02 -7.300000e+01
      vertex  3.985000e+01  1.642489e+03 -7.300000e+01
      vertex  4.130000e+01  1.642100e+03 -7.300000e+01
    endloop
  endfacet
  facet normal  0.000000e+00  -0.000000e+00 -1.000000e+00
    outer loop
      vertex  1.791420e+01  9.376000e+02 -7.300000e+01
      vertex  4.130000e+01  1.642100e+03 -7.300000e+01
      vertex  4.330000e+01  1.642100e+03 -7.300000e+01
    endloop
  endfacet
  facet normal  0.000000e+00  -0.000000e+00 -1.000000e+00
    outer loop
      vertex  1.791420e+01  9.376000e+02 -7.300000e+01
      vertex  4.330000e+01  1.642100e+03 -7.300000e+01
      vertex  5.736899e+01  9.376000e+02 -7.300000e+01
    endloop
  endfacet
  facet normal  0.000000e+00  0.000000e+00 -1.000000e+00
    outer loop
      vertex  5.736899e+01  9.376000e+02 -7.300000e+01
      vertex  4.330000e+01  1.642100e+03 -7.300000e+01
      vertex  4.475000e+01  1.642489e+03 -7.300000e+01
    endloop
  endfacet
  facet normal  0.000000e+00  0.000000e+00 -9.999999e-01
    outer loop
      vertex  5.736899e+01  9.376000e+02 -7.300000e+01
      vertex  4.475000e+01  1.642489e+03 -7.300000e+01
      vertex  4.581147e+01  1.643550e+03 -7.300000e+01
    endloop
  endfacet
  facet normal  0.000000e+00  0.000000e+00 -1.000000e+00
    outer loop
      vertex  5.736899e+01  9.376000e+02 -7.300000e+01
      vertex  4.581147e+01  1.643550e+03 -7.300000e+01
      vertex  4.620000e+01  1.645000e+03 -7.300000e+01
    endloop
  endfacet
  facet normal  0.000000e+00  0.000000e+00 -1.000000e+00
    outer loop
      vertex  5.736899e+01  9.376000e+02 -7.300000e+01
      vertex  4.620000e+01  1.645000e+03 -7.300000e+01
      vertex  4.620000e+01  1.650000e+03 -7.300000e+01
    endloop
  endfacet
  facet normal  0.000000e+00  0.000000e+00 -9.999999e-01
    outer loop
      vertex  5.736899e+01  1.664600e+03 -7.300000e+01
      vertex  5.736899e+01  9.376000e+02 -7.300000e+01
      vertex  4.620000e+01  1.650000e+03 -7.300000e+01
    endloop
  endfacet
  facet normal  0.000000e+00  0.000000e+00 -9.999999e-01
    outer loop
      vertex  5.736899e+01  1.664600e+03 -7.300000e+01
      vertex  4.620000e+01  1.650000e+03 -7.300000e+01
      vertex  4.581147e+01  1.651450e+03 -7.300000e+01
    endloop
  endfacet
  facet normal  0.000000e+00  0.000000e+00 -1.000000e+00
    outer loop
      vertex  5.736899e+01  1.664600e+03 -7.300000e+01
      vertex  4.581147e+01  1.651450e+03 -7.300000e+01
      vertex  4.475000e+01  1.652511e+03 -7.300000e+01
    endloop
  endfacet
  facet normal  0.000000e+00  0.000000e+00 -1.000000e+00
    outer loop
      vertex  5.736899e+01  1.664600e+03 -7.300000e+01
      vertex  4.475000e+01  1.652511e+03 -7.300000e+01
      vertex  4.330000e+01  1.652900e+03 -7.300000e+01
    endloop
  endfacet
  facet normal -1.951017e-01  0.000000e+00 -9.807830e-01
    outer loop
      vertex  1.791420e+01  1.664600e+03 -7.300000e+01
      vertex  1.791420e+01  9.376000e+02 -7.300000e+01
      vertex  1.753151e+01  1.664600e+03 -7.292387e+01
    endloop
  endfacet
  facet normal -1.951017e-01  -0.000000e+00 -9.807830e-01
    outer loop
      vertex  1.753151e+01  1.664600e+03 -7.292387e+01
      vertex  1.791420e+01  9.376000e+02 -7.300000e+01
      vertex  1.753151e+01  9.376000e+02 -7.292387e+01
    endloop
  endfacet
  facet normal -5.555708e-01  0.000000e+00 -8.314692e-01
    outer loop
      vertex  1.753151e+01  1.664600e+03 -7.292387e+01
      vertex  1.753151e+01  9.376000e+02 -7.292387e+01
      vertex  1.720709e+01  1.664600e+03 -7.270710e+01
    endloop
  endfacet
  facet normal -5.555708e-01  -0.000000e+00 -8.314692e-01
    outer loop
      vertex  1.720709e+01  1.664600e+03 -7.270710e+01
      vertex  1.753151e+01  9.376000e+02 -7.292387e+01
      vertex  1.720709e+01  9.376000e+02 -7.270710e+01
    endloop
  endfacet
  facet normal -7.071134e-01  -0.000000e+00 -7.071001e-01
    outer loop
      vertex  1.579291e+01  9.376000e+02 -7.129290e+01
      vertex  1.579291e+01  1.664600e+03 -7.129290e+01
      vertex  1.720709e+01  9.376000e+02 -7.270710e+01
    endloop
  endfacet
  facet normal -7.071134e-01  0.000000e+00 -7.071001e-01
    outer loop
      vertex  1.720709e+01  9.376000e+02 -7.270710e+01
      vertex  1.579291e+01  1.664600e+03 -7.129290e+01
      vertex  1.720709e+01  1.664600e+03 -7.270710e+01
    endloop
  endfacet
  facet normal  0.000000e+00  0.000000e+00 -1.000000e+00
    outer loop
      vertex -1.508580e+01  9.376000e+02 -7.100000e+01
      vertex -1.508580e+01  1.664600e+03 -7.100000e+01
      vertex  1.508580e+01  9.376000e+02 -7.100000e+01
    endloop
  endfacet
  facet normal  0.000000e+00  0.000000e+00 -1.000000e+00
    outer loop
      vertex  1.508580e+01  9.376000e+02 -7.100000e+01
      vertex -1.508580e+01  1.664600e+03 -7.100000e+01
      vertex  1.508580e+01  1.664600e+03 -7.100000e+01
    endloop
  endfacet
  facet normal  7.071134e-01  0.000000e+00 -7.071001e-01
    outer loop
      vertex -1.720709e+01  9.376000e+02 -7.270710e+01
      vertex -1.720709e+01  1.664600e+03 -7.270710e+01
      vertex -1.579291e+01  9.376000e+02 -7.129290e+01
    endloop
  endfacet
  facet normal  7.071134e-01  0.000000e+00 -7.071001e-01
    outer loop
      vertex -1.579291e+01  9.376000e+02 -7.129290e+01
      vertex -1.720709e+01  1.664600e+03 -7.270710e+01
      vertex -1.579291e+01  1.664600e+03 -7.129290e+01
    endloop
  endfacet
  facet normal  5.555708e-01  0.000000e+00 -8.314692e-01
    outer loop
      vertex -1.720709e+01  1.664600e+03 -7.270710e+01
      vertex -1.720709e+01  9.376000e+02 -7.270710e+01
      vertex -1.753151e+01  1.664600e+03 -7.292387e+01
    endloop
  endfacet
  facet normal  5.555708e-01  0.000000e+00 -8.314692e-01
    outer loop
      vertex -1.753151e+01  1.664600e+03 -7.292387e+01
      vertex -1.720709e+01  9.376000e+02 -7.270710e+01
      vertex -1.753151e+01  9.376000e+02 -7.292387e+01
    endloop
  endfacet
  facet normal  1.951017e-01  0.000000e+00 -9.807830e-01
    outer loop
      vertex -1.753151e+01  1.664600e+03 -7.292387e+01
      vertex -1.753151e+01  9.376000e+02 -7.292387e+01
      vertex -1.791420e+01  1.664600e+03 -7.300000e+01
    endloop
  endfacet
  facet normal  1.951017e-01  0.000000e+00 -9.807830e-01
    outer loop
      vertex -1.791420e+01  1.664600e+03 -7.300000e+01
      vertex -1.753151e+01  9.376000e+02 -7.292387e+01
      vertex -1.791420e+01  9.376000e+02 -7.300000e+01
    endloop
  endfacet
  facet normal  -0.000000e+00  0.000000e+00 -1.000000e+00
    outer loop
      vertex -5.736899e+01  1.664600e+03 -7.300000e+01
      vertex -1.791420e+01  1.664600e+03 -7.300000e+01
      vertex -3.350000e+01  1.652900e+03 -7.300000e+01
    endloop
  endfacet
  facet normal  0.000000e+00  0.000000e+00 -1.000000e+00
    outer loop
      vertex -5.736899e+01  1.664600e+03 -7.300000e+01
      vertex -3.350000e+01  1.652900e+03 -7.300000e+01
      vertex -3.550000e+01  1.652900e+03 -7.300000e+01
    endloop
  endfacet
  facet normal  -0.000000e+00  0.000000e+00 -1.000000e+00
    outer loop
      vertex -5.736899e+01  1.664600e+03 -7.300000e+01
      vertex -3.550000e+01  1.652900e+03 -7.300000e+01
      vertex -3.695000e+01  1.652511e+03 -7.300000e+01
    endloop
  endfacet
  facet normal  -0.000000e+00  0.000000e+00 -1.000000e+00
    outer loop
      vertex -5.736899e+01  1.664600e+03 -7.300000e+01
      vertex -3.695000e+01  1.652511e+03 -7.300000e+01
      vertex -3.801147e+01  1.651450e+03 -7.300000e+01
    endloop
  endfacet
  facet normal  -0.000000e+00  0.000000e+00 -1.000000e+00
    outer loop
      vertex -5.736899e+01  1.664600e+03 -7.300000e+01
      vertex -3.801147e+01  1.651450e+03 -7.300000e+01
      vertex -3.840000e+01  1.650000e+03 -7.300000e+01
    endloop
  endfacet
  facet normal  -0.000000e+00  0.000000e+00 -1.000000e+00
    outer loop
      vertex -5.736899e+01  1.664600e+03 -7.300000e+01
      vertex -3.840000e+01  1.650000e+03 -7.300000e+01
      vertex -5.736899e+01  9.376000e+02 -7.300000e+01
    endloop
  endfacet
  facet normal  0.000000e+00  -0.000000e+00 -1.000000e+00
    outer loop
      vertex -5.736899e+01  9.376000e+02 -7.300000e+01
      vertex -3.840000e+01  1.650000e+03 -7.300000e+01
      vertex -3.840000e+01  1.645000e+03 -7.300000e+01
    endloop
  endfacet
  facet normal  0.000000e+00  -0.000000e+00 -1.000000e+00
    outer loop
      vertex -5.736899e+01  9.376000e+02 -7.300000e+01
      vertex -3.840000e+01  1.645000e+03 -7.300000e+01
      vertex -3.801147e+01  1.643550e+03 -7.300000e+01
    endloop
  endfacet
  facet normal  0.000000e+00  -0.000000e+00 -1.000000e+00
    outer loop
      vertex -5.736899e+01  9.376000e+02 -7.300000e+01
      vertex -3.801147e+01  1.643550e+03 -7.300000e+01
      vertex -3.695000e+01  1.642489e+03 -7.300000e+01
    endloop
  endfacet
  facet normal  0.000000e+00  -0.000000e+00 -1.000000e+00
    outer loop
      vertex -5.736899e+01  9.376000e+02 -7.300000e+01
      vertex -3.695000e+01  1.642489e+03 -7.300000e+01
      vertex -3.550000e+01  1.642100e+03 -7.300000e+01
    endloop
  endfacet
  facet normal  0.000000e+00  -0.000000e+00 -1.000000e+00
    outer loop
      vertex -5.736899e+01  9.376000e+02 -7.300000e+01
      vertex -3.550000e+01  1.642100e+03 -7.300000e+01
      vertex -3.350000e+01  1.642100e+03 -7.300000e+01
    endloop
  endfacet
  facet normal  0.000000e+00  -0.000000e+00 -1.000000e+00
    outer loop
      vertex -5.736899e+01  9.376000e+02 -7.300000e+01
      vertex -3.350000e+01  1.642100e+03 -7.300000e+01
      vertex -1.791420e+01  9.376000e+02 -7.300000e+01
    endloop
  endfacet
  facet normal  0.000000e+00  0.000000e+00 -1.000000e+00
    outer loop
      vertex -1.791420e+01  9.376000e+02 -7.300000e+01
      vertex -3.350000e+01  1.642100e+03 -7.300000e+01
      vertex -3.205000e+01  1.642489e+03 -7.300000e+01
    endloop
  endfacet
  facet normal  0.000000e+00  0.000000e+00 -1.000000e+00
    outer loop
      vertex -1.791420e+01  9.376000e+02 -7.300000e+01
      vertex -3.205000e+01  1.642489e+03 -7.300000e+01
      vertex -3.098853e+01  1.643550e+03 -7.300000e+01
    endloop
  endfacet
  facet normal  0.000000e+00  0.000000e+00 -1.000000e+00
    outer loop
      vertex -1.791420e+01  9.376000e+02 -7.300000e+01
      vertex -3.098853e+01  1.643550e+03 -7.300000e+01
      vertex -3.060000e+01  1.645000e+03 -7.300000e+01
    endloop
  endfacet
  facet normal  0.000000e+00  0.000000e+00 -1.000000e+00
    outer loop
      vertex -1.791420e+01  9.376000e+02 -7.300000e+01
      vertex -3.060000e+01  1.645000e+03 -7.300000e+01
      vertex -3.060000e+01  1.650000e+03 -7.300000e+01
    endloop
  endfacet
  facet normal  0.000000e+00  0.000000e+00 -1.000000e+00
    outer loop
      vertex -1.791420e+01  1.664600e+03 -7.300000e+01
      vertex -1.791420e+01  9.376000e+02 -7.300000e+01
      vertex -3.060000e+01  1.650000e+03 -7.300000e+01
    endloop
  endfacet
  facet normal  0.000000e+00  0.000000e+00 -1.000000e+00
    outer loop
      vertex -1.791420e+01  1.664600e+03 -7.300000e+01
      vertex -3.060000e+01  1.650000e+03 -7.300000e+01
      vertex -3.098853e+01  1.651450e+03 -7.300000e+01
    endloop
  endfacet
  facet normal  0.000000e+00  0.000000e+00 -1.000000e+00
    outer loop
      vertex -1.791420e+01  1.664600e+03 -7.300000e+01
      vertex -3.098853e+01  1.651450e+03 -7.300000e+01
      vertex -3.205000e+01  1.652511e+03 -7.300000e+01
    endloop
  endfacet
  facet normal  0.000000e+00  0.000000e+00 -1.000000e+00
    outer loop
      vertex -1.791420e+01  1.664600e+03 -7.300000e+01
      vertex -3.205000e+01  1.652511e+03 -7.300000e+01
      vertex -3.350000e+01  1.652900e+03 -7.300000e+01
    endloop
  endfacet
  facet normal -3.826840e-01  -0.000000e+00 -9.238793e-01
    outer loop
      vertex -5.807609e+01  9.376000e+02 -7.270711e+01
      vertex -5.807609e+01  1.664600e+03 -7.270711e+01
      vertex -5.736899e+01  9.376000e+02 -7.300000e+01
    endloop
  endfacet
  facet normal -3.826840e-01  0.000000e+00 -9.238793e-01
    outer loop
      vertex -5.736899e+01  9.376000e+02 -7.300000e+01
      vertex -5.807609e+01  1.664600e+03 -7.270711e+01
      vertex -5.736899e+01  1.664600e+03 -7.300000e+01
    endloop
  endfacet
  facet normal -7.071068e-01  -0.000000e+00 -7.071068e-01
    outer loop
      vertex -7.270711e+01  9.376000e+02 -5.807609e+01
      vertex -7.270711e+01  1.664600e+03 -5.807609e+01
      vertex -5.807609e+01  9.376000e+02 -7.270711e+01
    endloop
  endfacet
  facet normal -7.071068e-01  0.000000e+00 -7.071068e-01
    outer loop
      vertex -5.807609e+01  9.376000e+02 -7.270711e+01
      vertex -7.270711e+01  1.664600e+03 -5.807609e+01
      vertex -5.807609e+01  1.664600e+03 -7.270711e+01
    endloop
  endfacet
  facet normal -9.238793e-01  -0.000000e+00 -3.826840e-01
    outer loop
      vertex -7.300000e+01  9.376000e+02 -5.736899e+01
      vertex -7.300000e+01  1.664600e+03 -5.736899e+01
      vertex -7.270711e+01  9.376000e+02 -5.807609e+01
    endloop
  endfacet
  facet normal -9.238793e-01  0.000000e+00 -3.826840e-01
    outer loop
      vertex -7.270711e+01  9.376000e+02 -5.807609e+01
      vertex -7.300000e+01  1.664600e+03 -5.736899e+01
      vertex -7.270711e+01  1.664600e+03 -5.807609e+01
    endloop
  endfacet
  facet normal -1.000000e+00  0.000000e+00  0.000000e+00
    outer loop
      vertex -7.300000e+01  1.664600e+03 -1.791420e+01
      vertex -7.300000e+01  1.664600e+03 -5.736899e+01
      vertex -7.300000e+01  1.652900e+03 -4.330000e+01
    endloop
  endfacet
  facet normal -1.000000e+00  0.000000e+00  0.000000e+00
    outer loop
      vertex -7.300000e+01  1.664600e+03 -1.791420e+01
      vertex -7.300000e+01  1.652900e+03 -4.330000e+01
      vertex -7.300000e+01  1.652900e+03 -4.130000e+01
    endloop
  endfacet
  facet normal -1.000000e+00  0.000000e+00  0.000000e+00
    outer loop
      vertex -7.300000e+01  1.664600e+03 -1.791420e+01
      vertex -7.300000e+01  1.652900e+03 -4.130000e+01
      vertex -7.300000e+01  1.652511e+03 -3.985000e+01
    endloop
  endfacet
  facet normal -1.000000e+00  0.000000e+00  0.000000e+00
    outer loop
      vertex -7.300000e+01  1.664600e+03 -1.791420e+01
      vertex -7.300000e+01  1.652511e+03 -3.985000e+01
      vertex -7.300000e+01  1.651450e+03 -3.878852e+01
    endloop
  endfacet
  facet normal -1.000000e+00  0.000000e+00  0.000000e+00
    outer loop
      vertex -7.300000e+01  1.664600e+03 -1.791420e+01
      vertex -7.300000e+01  1.651450e+03 -3.878852e+01
      vertex -7.300000e+01  1.650000e+03 -3.840000e+01
    endloop
  endfacet
  facet normal -1.000000e+00  0.000000e+00  0.000000e+00
    outer loop
      vertex -7.300000e+01  1.664600e+03 -1.791420e+01
      vertex -7.300000e+01  1.650000e+03 -3.840000e+01
      vertex -7.300000e+01  9.376000e+02 -1.791420e+01
    endloop
  endfacet
  facet normal -9.999999e-01  0.000000e+00  0.000000e+00
    outer loop
      vertex -7.300000e+01  9.376000e+02 -1.791420e+01
      vertex -7.300000e+01  1.650000e+03 -3.840000e+01
      vertex -7.300000e+01  1.645000e+03 -3.840000e+01
    endloop
  endfacet
  facet normal -1.000000e+00  -0.000000e+00  0.000000e+00
    outer loop
      vertex -7.300000e+01  9.376000e+02 -1.791420e+01
      vertex -7.300000e+01  1.645000e+03 -3.840000e+01
      vertex -7.300000e+01  1.643550e+03 -3.878852e+01
    endloop
  endfacet
  facet normal -9.999999e-01  -0.000000e+00  0.000000e+00
    outer loop
      vertex -7.300000e+01  9.376000e+02 -1.791420e+01
      vertex -7.300000e+01  1.643550e+03 -3.878852e+01
      vertex -7.300000e+01  1.642489e+03 -3.985000e+01
    endloop
  endfacet
  facet normal -1.000000e+00  -0.000000e+00  0.000000e+00
    outer loop
      vertex -7.300000e+01  9.376000e+02 -1.791420e+01
      vertex -7.300000e+01  1.642489e+03 -3.985000e+01
      vertex -7.300000e+01  1.642100e+03 -4.130000e+01
    endloop
  endfacet
  facet normal -1.000000e+00  -0.000000e+00  -0.000000e+00
    outer loop
      vertex -7.300000e+01  9.376000e+02 -1.791420e+01
      vertex -7.300000e+01  1.642100e+03 -4.130000e+01
      vertex -7.300000e+01  1.642100e+03 -4.330000e+01
    endloop
  endfacet
  facet normal -1.000000e+00  -0.000000e+00  0.000000e+00
    outer loop
      vertex -7.300000e+01  9.376000e+02 -1.791420e+01
      vertex -7.300000e+01  1.642100e+03 -4.330000e+01
      vertex -7.300000e+01  9.376000e+02 -5.736899e+01
    endloop
  endfacet
  facet normal -1.000000e+00  0.000000e+00  -0.000000e+00
    outer loop
      vertex -7.300000e+01  9.376000e+02 -5.736899e+01
      vertex -7.300000e+01  1.642100e+03 -4.330000e+01
      vertex -7.300000e+01  1.642489e+03 -4.475000e+01
    endloop
  endfacet
  facet normal -9.999999e-01  0.000000e+00  -0.000000e+00
    outer loop
      vertex -7.300000e+01  9.376000e+02 -5.736899e+01
      vertex -7.300000e+01  1.642489e+03 -4.475000e+01
      vertex -7.300000e+01  1.643550e+03 -4.581147e+01
    endloop
  endfacet
  facet normal -1.000000e+00  0.000000e+00  -0.000000e+00
    outer loop
      vertex -7.300000e+01  9.376000e+02 -5.736899e+01
      vertex -7.300000e+01  1.643550e+03 -4.581147e+01
      vertex -7.300000e+01  1.645000e+03 -4.620000e+01
    endloop
  endfacet
  facet normal -1.000000e+00  0.000000e+00  -0.000000e+00
    outer loop
      vertex -7.300000e+01  9.376000e+02 -5.736899e+01
      vertex -7.300000e+01  1.645000e+03 -4.620000e+01
      vertex -7.300000e+01  1.650000e+03 -4.620000e+01
    endloop
  endfacet
  facet normal -9.999999e-01  0.000000e+00  0.000000e+00
    outer loop
      vertex -7.300000e+01  1.664600e+03 -5.736899e+01
      vertex -7.300000e+01  9.376000e+02 -5.736899e+01
      vertex -7.300000e+01  1.650000e+03 -4.620000e+01
    endloop
  endfacet
  facet normal -9.999999e-01  0.000000e+00  0.000000e+00
    outer loop
      vertex -7.300000e+01  1.664600e+03 -5.736899e+01
      vertex -7.300000e+01  1.650000e+03 -4.620000e+01
      vertex -7.300000e+01  1.651450e+03 -4.581147e+01
    endloop
  endfacet
  facet normal -1.000000e+00  0.000000e+00  0.000000e+00
    outer loop
      vertex -7.300000e+01  1.664600e+03 -5.736899e+01
      vertex -7.300000e+01  1.651450e+03 -4.581147e+01
      vertex -7.300000e+01  1.652511e+03 -4.475000e+01
    endloop
  endfacet
  facet normal -1.000000e+00  0.000000e+00  0.000000e+00
    outer loop
      vertex -7.300000e+01  1.664600e+03 -5.736899e+01
      vertex -7.300000e+01  1.652511e+03 -4.475000e+01
      vertex -7.300000e+01  1.652900e+03 -4.330000e+01
    endloop
  endfacet
  facet normal -9.433395e-01  0.000000e+00  3.318292e-01
    outer loop
      vertex -7.277978e+01  9.376000e+02 -1.728814e+01
      vertex -7.277978e+01  1.664600e+03 -1.728814e+01
      vertex -7.300000e+01  9.376000e+02 -1.791420e+01
    endloop
  endfacet
  facet normal -9.433395e-01  0.000000e+00  3.318292e-01
    outer loop
      vertex -7.300000e+01  9.376000e+02 -1.791420e+01
      vertex -7.277978e+01  1.664600e+03 -1.728814e+01
      vertex -7.300000e+01  1.664600e+03 -1.791420e+01
    endloop
  endfacet
  facet normal -7.230015e-01  0.000000e+00  6.908465e-01
    outer loop
      vertex -7.259984e+01  9.376000e+02 -1.709983e+01
      vertex -7.259984e+01  1.664600e+03 -1.709983e+01
      vertex -7.277978e+01  9.376000e+02 -1.728814e+01
    endloop
  endfacet
  facet normal -7.230015e-01  0.000000e+00  6.908465e-01
    outer loop
      vertex -7.277978e+01  9.376000e+02 -1.728814e+01
      vertex -7.259984e+01  1.664600e+03 -1.709983e+01
      vertex -7.277978e+01  1.664600e+03 -1.728814e+01
    endloop
  endfacet
  facet normal -7.071001e-01  0.000000e+00  7.071135e-01
    outer loop
      vertex -7.129290e+01  9.376000e+02 -1.579291e+01
      vertex -7.129290e+01  1.664600e+03 -1.579291e+01
      vertex -7.259984e+01  9.376000e+02 -1.709983e+01
    endloop
  endfacet
  facet normal -7.071001e-01  0.000000e+00  7.071135e-01
    outer loop
      vertex -7.259984e+01  9.376000e+02 -1.709983e+01
      vertex -7.129290e+01  1.664600e+03 -1.579291e+01
      vertex -7.259984e+01  1.664600e+03 -1.709983e+01
    endloop
  endfacet
  facet normal -1.000000e+00  -0.000000e+00  0.000000e+00
    outer loop
      vertex -7.100000e+01  9.376000e+02  1.508580e+01
      vertex -7.100000e+01  1.664600e+03  1.508580e+01
      vertex -7.100000e+01  9.376000e+02 -1.508580e+01
    endloop
  endfacet
  facet normal -1.000000e+00  0.000000e+00  0.000000e+00
    outer loop
      vertex -7.100000e+01  9.376000e+02 -1.508580e+01
      vertex -7.100000e+01  1.664600e+03  1.508580e+01
      vertex -7.100000e+01  1.664600e+03 -1.508580e+01
    endloop
  endfacet
  facet normal -7.071001e-01  -0.000000e+00 -7.071135e-01
    outer loop
      vertex -7.259984e+01  9.376000e+02  1.709983e+01
      vertex -7.259984e+01  1.664600e+03  1.709983e+01
      vertex -7.129290e+01  9.376000e+02  1.579291e+01
    endloop
  endfacet
  facet normal -7.071001e-01  0.000000e+00 -7.071135e-01
    outer loop
      vertex -7.129290e+01  9.376000e+02  1.579291e+01
      vertex -7.259984e+01  1.664600e+03  1.709983e+01
      vertex -7.129290e+01  1.664600e+03  1.579291e+01
    endloop
  endfacet
  facet normal -7.230015e-01  -0.000000e+00 -6.908465e-01
    outer loop
      vertex -7.277978e+01  9.376000e+02  1.728814e+01
      vertex -7.277978e+01  1.664600e+03  1.728814e+01
      vertex -7.259984e+01  9.376000e+02  1.709983e+01
    endloop
  endfacet
  facet normal -7.230015e-01  0.000000e+00 -6.908465e-01
    outer loop
      vertex -7.259984e+01  9.376000e+02  1.709983e+01
      vertex -7.277978e+01  1.664600e+03  1.728814e+01
      vertex -7.259984e+01  1.664600e+03  1.709983e+01
    endloop
  endfacet
  facet normal -9.433395e-01  -0.000000e+00 -3.318292e-01
    outer loop
      vertex -7.300000e+01  9.376000e+02  1.791420e+01
      vertex -7.300000e+01  1.664600e+03  1.791420e+01
      vertex -7.277978e+01  9.376000e+02  1.728814e+01
    endloop
  endfacet
  facet normal -9.433395e-01  0.000000e+00 -3.318292e-01
    outer loop
      vertex -7.277978e+01  9.376000e+02  1.728814e+01
      vertex -7.300000e+01  1.664600e+03  1.791420e+01
      vertex -7.277978e+01  1.664600e+03  1.728814e+01
    endloop
  endfacet
  facet normal -1.000000e+00  0.000000e+00  0.000000e+00
    outer loop
      vertex -7.300000e+01  1.664600e+03  5.736899e+01
      vertex -7.300000e+01  1.664600e+03  1.791420e+01
      vertex -7.300000e+01  1.652900e+03  3.350000e+01
    endloop
  endfacet
  facet normal -1.000000e+00  0.000000e+00  0.000000e+00
    outer loop
      vertex -7.300000e+01  1.664600e+03  5.736899e+01
      vertex -7.300000e+01  1.652900e+03  3.350000e+01
      vertex -7.300000e+01  1.652900e+03  3.550000e+01
    endloop
  endfacet
  facet normal -1.000000e+00  0.000000e+00  0.000000e+00
    outer loop
      vertex -7.300000e+01  1.664600e+03  5.736899e+01
      vertex -7.300000e+01  1.652900e+03  3.550000e+01
      vertex -7.300000e+01  1.652511e+03  3.695000e+01
    endloop
  endfacet
  facet normal -1.000000e+00  0.000000e+00  0.000000e+00
    outer loop
      vertex -7.300000e+01  1.664600e+03  5.736899e+01
      vertex -7.300000e+01  1.652511e+03  3.695000e+01
      vertex -7.300000e+01  1.651450e+03  3.801147e+01
    endloop
  endfacet
  facet normal -1.000000e+00  0.000000e+00  0.000000e+00
    outer loop
      vertex -7.300000e+01  1.664600e+03  5.736899e+01
      vertex -7.300000e+01  1.651450e+03  3.801147e+01
      vertex -7.300000e+01  1.650000e+03  3.840000e+01
    endloop
  endfacet
  facet normal -1.000000e+00  0.000000e+00  0.000000e+00
    outer loop
      vertex -7.300000e+01  1.664600e+03  5.736899e+01
      vertex -7.300000e+01  1.650000e+03  3.840000e+01
      vertex -7.300000e+01  9.376000e+02  5.736899e+01
    endloop
  endfacet
  facet normal -1.000000e+00  0.000000e+00  0.000000e+00
    outer loop
      vertex -7.300000e+01  9.376000e+02  5.736899e+01
      vertex -7.300000e+01  1.650000e+03  3.840000e+01
      vertex -7.300000e+01  1.645000e+03  3.840000e+01
    endloop
  endfacet
  facet normal -1.000000e+00  -0.000000e+00  0.000000e+00
    outer loop
      vertex -7.300000e+01  9.376000e+02  5.736899e+01
      vertex -7.300000e+01  1.645000e+03  3.840000e+01
      vertex -7.300000e+01  1.643550e+03  3.801147e+01
    endloop
  endfacet
  facet normal -1.000000e+00  -0.000000e+00  0.000000e+00
    outer loop
      vertex -7.300000e+01  9.376000e+02  5.736899e+01
      vertex -7.300000e+01  1.643550e+03  3.801147e+01
      vertex -7.300000e+01  1.642489e+03  3.695000e+01
    endloop
  endfacet
  facet normal -1.000000e+00  -0.000000e+00  0.000000e+00
    outer loop
      vertex -7.300000e+01  9.376000e+02  5.736899e+01
      vertex -7.300000e+01  1.642489e+03  3.695000e+01
      vertex -7.300000e+01  1.642100e+03  3.550000e+01
    endloop
  endfacet
  facet normal -1.000000e+00  -0.000000e+00  -0.000000e+00
    outer loop
      vertex -7.300000e+01  9.376000e+02  5.736899e+01
      vertex -7.300000e+01  1.642100e+03  3.550000e+01
      vertex -7.300000e+01  1.642100e+03  3.350000e+01
    endloop
  endfacet
  facet normal -1.000000e+00  -0.000000e+00  0.000000e+00
    outer loop
      vertex -7.300000e+01  9.376000e+02  5.736899e+01
      vertex -7.300000e+01  1.642100e+03  3.350000e+01
      vertex -7.300000e+01  9.376000e+02  1.791420e+01
    endloop
  endfacet
  facet normal -1.000000e+00  0.000000e+00  -0.000000e+00
    outer loop
      vertex -7.300000e+01  9.376000e+02  1.791420e+01
      vertex -7.300000e+01  1.642100e+03  3.350000e+01
      vertex -7.300000e+01  1.642489e+03  3.205000e+01
    endloop
  endfacet
  facet normal -1.000000e+00  0.000000e+00  -0.000000e+00
    outer loop
      vertex -7.300000e+01  9.376000e+02  1.791420e+01
      vertex -7.300000e+01  1.642489e+03  3.205000e+01
      vertex -7.300000e+01  1.643550e+03  3.098853e+01
    endloop
  endfacet
  facet normal -1.000000e+00  0.000000e+00  -0.000000e+00
    outer loop
      vertex -7.300000e+01  9.376000e+02  1.791420e+01
      vertex -7.300000e+01  1.643550e+03  3.098853e+01
      vertex -7.300000e+01  1.645000e+03  3.060000e+01
    endloop
  endfacet
  facet normal -1.000000e+00  0.000000e+00  -0.000000e+00
    outer loop
      vertex -7.300000e+01  9.376000e+02  1.791420e+01
      vertex -7.300000e+01  1.645000e+03  3.060000e+01
      vertex -7.300000e+01  1.650000e+03  3.060000e+01
    endloop
  endfacet
  facet normal -1.000000e+00  0.000000e+00  0.000000e+00
    outer loop
      vertex -7.300000e+01  1.664600e+03  1.791420e+01
      vertex -7.300000e+01  9.376000e+02  1.791420e+01
      vertex -7.300000e+01  1.650000e+03  3.060000e+01
    endloop
  endfacet
  facet normal -1.000000e+00  0.000000e+00  0.000000e+00
    outer loop
      vertex -7.300000e+01  1.664600e+03  1.791420e+01
      vertex -7.300000e+01  1.650000e+03  3.060000e+01
      vertex -7.300000e+01  1.651450e+03  3.098853e+01
    endloop
  endfacet
  facet normal -1.000000e+00  0.000000e+00  0.000000e+00
    outer loop
      vertex -7.300000e+01  1.664600e+03  1.791420e+01
      vertex -7.300000e+01  1.651450e+03  3.098853e+01
      vertex -7.300000e+01  1.652511e+03  3.205000e+01
    endloop
  endfacet
  facet normal -1.000000e+00  0.000000e+00  0.000000e+00
    outer loop
      vertex -7.300000e+01  1.664600e+03  1.791420e+01
      vertex -7.300000e+01  1.652511e+03  3.205000e+01
      vertex -7.300000e+01  1.652900e+03  3.350000e+01
    endloop
  endfacet
  facet normal  1.000000e+00  0.000000e+00  0.000000e+00
    outer loop
      vertex -6.600000e+01  1.670600e+03 -4.984420e+01
      vertex -6.600000e+01  1.667000e+03 -4.978117e+01
      vertex -6.600000e+01  1.667000e+03 -4.984420e+01
    endloop
  endfacet
  facet normal  9.999999e-01  0.000000e+00  0.000000e+00
    outer loop
      vertex -6.600000e+01  1.670600e+03  1.751420e+01
      vertex -6.600000e+01  1.670600e+03  4.984420e+01
      vertex -6.600000e+01  1.667000e+03  4.984420e+01
    endloop
  endfacet
  facet normal  1.000000e+00  0.000000e+00  0.000000e+00
    outer loop
      vertex -6.600000e+01  1.670600e+03  1.751420e+01
      vertex -6.600000e+01  1.667000e+03  4.984420e+01
      vertex -6.600000e+01  1.667000e+03  4.978117e+01
    endloop
  endfacet
  facet normal  1.000000e+00  0.000000e+00  0.000000e+00
    outer loop
      vertex -6.600000e+01  1.670600e+03  1.751420e+01
      vertex -6.600000e+01  1.667000e+03  4.978117e+01
      vertex -6.600000e+01  1.664600e+03  1.751420e+01
    endloop
  endfacet
  facet normal  1.000000e+00  -0.000000e+00  0.000000e+00
    outer loop
      vertex -6.600000e+01  1.670600e+03 -1.751420e+01
      vertex -6.600000e+01  1.664600e+03 -1.751420e+01
      vertex -6.600000e+01  1.642000e+03 -2.500000e+01
    endloop
  endfacet
  facet normal  1.000000e+00  -0.000000e+00  0.000000e+00
    outer loop
      vertex -6.600000e+01  1.670600e+03 -1.751420e+01
      vertex -6.600000e+01  1.642000e+03 -2.500000e+01
      vertex -6.600000e+01  1.642000e+03 -3.000000e+01
    endloop
  endfacet
  facet normal  1.000000e+00  -0.000000e+00  0.000000e+00
    outer loop
      vertex -6.600000e+01  1.670600e+03 -1.751420e+01
      vertex -6.600000e+01  1.642000e+03 -3.000000e+01
      vertex -6.600000e+01  1.667000e+03 -4.978117e+01
    endloop
  endfacet
  facet normal  9.999999e-01  -0.000000e+00  0.000000e+00
    outer loop
      vertex -6.600000e+01  1.670600e+03 -1.751420e+01
      vertex -6.600000e+01  1.667000e+03 -4.978117e+01
      vertex -6.600000e+01  1.670600e+03 -4.984420e+01
    endloop
  endfacet
  facet normal  1.000000e+00  0.000000e+00  0.000000e+00
    outer loop
      vertex -6.600000e+01  9.376000e+02  4.978117e+01
      vertex -6.600000e+01  9.376000e+02 -4.978117e+01
      vertex -6.600000e+01  1.637000e+03 -3.000000e+01
    endloop
  endfacet
  facet normal  1.000000e+00  0.000000e+00  -0.000000e+00
    outer loop
      vertex -6.600000e+01  9.376000e+02  4.978117e+01
      vertex -6.600000e+01  1.637000e+03 -3.000000e+01
      vertex -6.600000e+01  1.637000e+03 -2.500000e+01
    endloop
  endfacet
  facet normal  9.999999e-01  0.000000e+00  -0.000000e+00
    outer loop
      vertex -6.600000e+01  9.376000e+02  4.978117e+01
      vertex -6.600000e+01  1.637000e+03 -2.500000e+01
      vertex -6.600000e+01  1.642000e+03 -2.500000e+01
    endloop
  endfacet
  facet normal  1.000000e+00  0.000000e+00  -0.000000e+00
    outer loop
      vertex -6.600000e+01  9.376000e+02  4.978117e+01
      vertex -6.600000e+01  1.642000e+03 -2.500000e+01
      vertex -6.600000e+01  1.664600e+03 -1.751420e+01
    endloop
  endfacet
  facet normal  9.999999e-01  0.000000e+00  -0.000000e+00
    outer loop
      vertex -6.600000e+01  9.376000e+02  4.978117e+01
      vertex -6.600000e+01  1.664600e+03 -1.751420e+01
      vertex -6.600000e+01  1.664600e+03  1.751420e+01
    endloop
  endfacet
  facet normal  1.000000e+00  0.000000e+00  -0.000000e+00
    outer loop
      vertex -6.600000e+01  9.376000e+02  4.978117e+01
      vertex -6.600000e+01  1.664600e+03  1.751420e+01
      vertex -6.600000e+01  1.667000e+03  4.978117e+01
    endloop
  endfacet
  facet normal  9.999999e-01  0.000000e+00  0.000000e+00
    outer loop
      vertex -6.600000e+01  1.637000e+03 -3.000000e+01
      vertex -6.600000e+01  9.376000e+02 -4.978117e+01
      vertex -6.600000e+01  1.642000e+03 -3.000000e+01
    endloop
  endfacet
  facet normal  1.000000e+00  0.000000e+00  0.000000e+00
    outer loop
      vertex -6.600000e+01  1.642000e+03 -3.000000e+01
      vertex -6.600000e+01  9.376000e+02 -4.978117e+01
      vertex -6.600000e+01  1.667000e+03 -4.978117e+01
    endloop
  endfacet
  facet normal  9.238797e-01  0.000000e+00 -3.826831e-01
    outer loop
      vertex -6.541422e+01  9.376000e+02  5.119538e+01
      vertex -6.600000e+01  9.376000e+02  4.978117e+01
      vertex -6.541422e+01  1.667000e+03  5.119538e+01
    endloop
  endfacet
  facet normal  9.238797e-01  0.000000e+00 -3.826831e-01
    outer loop
      vertex -6.541422e+01  1.667000e+03  5.119538e+01
      vertex -6.600000e+01  9.376000e+02  4.978117e+01
      vertex -6.600000e+01  1.667000e+03  4.978117e+01
    endloop
  endfacet
  facet normal  7.071068e-01  0.000000e+00 -7.071068e-01
    outer loop
      vertex -5.119538e+01  9.376000e+02  6.541422e+01
      vertex -6.541422e+01  9.376000e+02  5.119538e+01
      vertex -5.119538e+01  1.667000e+03  6.541422e+01
    endloop
  endfacet
  facet normal  7.071068e-01  0.000000e+00 -7.071068e-01
    outer loop
      vertex -5.119538e+01  1.667000e+03  6.541422e+01
      vertex -6.541422e+01  9.376000e+02  5.119538e+01
      vertex -6.541422e+01  1.667000e+03  5.119538e+01
    endloop
  endfacet
  facet normal  3.826831e-01  0.000000e+00 -9.238797e-01
    outer loop
      vertex -4.978117e+01  9.376000e+02  6.600000e+01
      vertex -5.119538e+01  9.376000e+02  6.541422e+01
      vertex -4.978117e+01  1.667000e+03  6.600000e+01
    endloop
  endfacet
  facet normal  3.826831e-01  0.000000e+00 -9.238797e-01
    outer loop
      vertex -4.978117e+01  1.667000e+03  6.600000e+01
      vertex -5.119538e+01  9.376000e+02  6.541422e+01
      vertex -5.119538e+01  1.667000e+03  6.541422e+01
    endloop
  endfacet
  facet normal  0.000000e+00  0.000000e+00 -1.000000e+00
    outer loop
      vertex -4.984420e+01  1.670600e+03  6.600000e+01
      vertex -4.978117e+01  1.667000e+03  6.600000e+01
      vertex -4.984420e+01  1.667000e+03  6.600000e+01
    endloop
  endfacet
  facet normal  0.000000e+00  0.000000e+00 -1.000000e+00
    outer loop
      vertex  1.751420e+01  1.664600e+03  6.600000e+01
      vertex  1.751420e+01  1.670600e+03  6.600000e+01
      vertex  4.978117e+01  1.667000e+03  6.600000e+01
    endloop
  endfacet
  facet normal  0.000000e+00  -0.000000e+00 -1.000000e+00
    outer loop
      vertex  1.751420e+01  1.664600e+03  6.600000e+01
      vertex  4.978117e+01  1.667000e+03  6.600000e+01
      vertex  4.978117e+01  9.376000e+02  6.600000e+01
    endloop
  endfacet
  facet normal  0.000000e+00  0.000000e+00 -1.000000e+00
    outer loop
      vertex  1.751420e+01  1.664600e+03  6.600000e+01
      vertex  4.978117e+01  9.376000e+02  6.600000e+01
      vertex -4.978117e+01  9.376000e+02  6.600000e+01
    endloop
  endfacet
  facet normal  0.000000e+00  0.000000e+00 -1.000000e+00
    outer loop
      vertex  1.751420e+01  1.664600e+03  6.600000e+01
      vertex -4.978117e+01  9.376000e+02  6.600000e+01
      vertex -1.751420e+01  1.664600e+03  6.600000e+01
    endloop
  endfacet
  facet normal  0.000000e+00  0.000000e+00 -1.000000e+00
    outer loop
      vertex  4.978117e+01  1.667000e+03  6.600000e+01
      vertex  1.751420e+01  1.670600e+03  6.600000e+01
      vertex  4.984420e+01  1.667000e+03  6.600000e+01
    endloop
  endfacet
  facet normal  0.000000e+00  0.000000e+00 -9.999999e-01
    outer loop
      vertex  4.984420e+01  1.667000e+03  6.600000e+01
      vertex  1.751420e+01  1.670600e+03  6.600000e+01
      vertex  4.984420e+01  1.670600e+03  6.600000e+01
    endloop
  endfacet
  facet normal  -0.000000e+00  0.000000e+00 -9.999999e-01
    outer loop
      vertex -4.984420e+01  1.670600e+03  6.600000e+01
      vertex -1.751420e+01  1.670600e+03  6.600000e+01
      vertex -4.978117e+01  1.667000e+03  6.600000e+01
    endloop
  endfacet
  facet normal  0.000000e+00  0.000000e+00 -1.000000e+00
    outer loop
      vertex -4.978117e+01  1.667000e+03  6.600000e+01
      vertex -1.751420e+01  1.670600e+03  6.600000e+01
      vertex -1.751420e+01  1.664600e+03  6.600000e+01
    endloop
  endfacet
  facet normal  -0.000000e+00  0.000000e+00 -1.000000e+00
    outer loop
      vertex -4.978117e+01  1.667000e+03  6.600000e+01
      vertex -1.751420e+01  1.664600e+03  6.600000e+01
      vertex -4.978117e+01  9.376000e+02  6.600000e+01
    endloop
  endfacet
  facet normal -3.826831e-01  0.000000e+00 -9.238797e-01
    outer loop
      vertex  5.119538e+01  9.376000e+02  6.541422e+01
      vertex  4.978117e+01  9.376000e+02  6.600000e+01
      vertex  5.119538e+01  1.667000e+03  6.541422e+01
    endloop
  endfacet
  facet normal -3.826831e-01  0.000000e+00 -9.238797e-01
    outer loop
      vertex  5.119538e+01  1.667000e+03  6.541422e+01
      vertex  4.978117e+01  9.376000e+02  6.600000e+01
      vertex  4.978117e+01  1.667000e+03  6.600000e+01
    endloop
  endfacet
  facet normal -7.071068e-01  0.000000e+00 -7.071068e-01
    outer loop
      vertex  6.541422e+01  9.376000e+02  5.119538e+01
      vertex  5.119538e+01  9.376000e+02  6.541422e+01
      vertex  6.541422e+01  1.667000e+03  5.119538e+01
    endloop
  endfacet
  facet normal -7.071068e-01  0.000000e+00 -7.071068e-01
    outer loop
      vertex  6.541422e+01  1.667000e+03  5.119538e+01
      vertex  5.119538e+01  9.376000e+02  6.541422e+01
      vertex  5.119538e+01  1.667000e+03  6.541422e+01
    endloop
  endfacet
  facet normal -9.238797e-01  0.000000e+00 -3.826831e-01
    outer loop
      vertex  6.600000e+01  9.376000e+02  4.978117e+01
      vertex  6.541422e+01  9.376000e+02  5.119538e+01
      vertex  6.600000e+01  1.667000e+03  4.978117e+01
    endloop
  endfacet
  facet normal -9.238797e-01  0.000000e+00 -3.826831e-01
    outer loop
      vertex  6.600000e+01  1.667000e+03  4.978117e+01
      vertex  6.541422e+01  9.376000e+02  5.119538e+01
      vertex  6.541422e+01  1.667000e+03  5.119538e+01
    endloop
  endfacet
  facet normal -1.000000e+00  0.000000e+00  0.000000e+00
    outer loop
      vertex  6.600000e+01  1.670600e+03  4.984420e+01
      vertex  6.600000e+01  1.667000e+03  4.978117e+01
      vertex  6.600000e+01  1.667000e+03  4.984420e+01
    endloop
  endfacet
  facet normal -1.000000e+00  -0.000000e+00  0.000000e+00
    outer loop
      vertex  6.600000e+01  1.664600e+03 -1.751420e+01
      vertex  6.600000e+01  1.670600e+03 -1.751420e+01
      vertex  6.600000e+01  1.667000e+03 -4.978117e+01
    endloop
  endfacet
  facet normal -1.000000e+00  0.000000e+00  0.000000e+00
    outer loop
      vertex  6.600000e+01  1.664600e+03 -1.751420e+01
      vertex  6.600000e+01  1.667000e+03 -4.978117e+01
      vertex  6.600000e+01  9.376000e+02 -4.978117e+01
    endloop
  endfacet
  facet normal -1.000000e+00  0.000000e+00  0.000000e+00
    outer loop
      vertex  6.600000e+01  1.664600e+03 -1.751420e+01
      vertex  6.600000e+01  9.376000e+02 -4.978117e+01
      vertex  6.600000e+01  9.376000e+02  4.978117e+01
    endloop
  endfacet
  facet normal -1.000000e+00  0.000000e+00  0.000000e+00
    outer loop
      vertex  6.600000e+01  1.664600e+03 -1.751420e+01
      vertex  6.600000e+01  9.376000e+02  4.978117e+01
      vertex  6.600000e+01  1.664600e+03  1.751420e+01
    endloop
  endfacet
  facet normal -1.000000e+00  0.000000e+00  0.000000e+00
    outer loop
      vertex  6.600000e+01  1.667000e+03 -4.978117e+01
      vertex  6.600000e+01  1.670600e+03 -1.751420e+01
      vertex  6.600000e+01  1.667000e+03 -4.984420e+01
    endloop
  endfacet
  facet normal -9.999999e-01  0.000000e+00  0.000000e+00
    outer loop
      vertex  6.600000e+01  1.667000e+03 -4.984420e+01
      vertex  6.600000e+01  1.670600e+03 -1.751420e+01
      vertex  6.600000e+01  1.670600e+03 -4.984420e+01
    endloop
  endfacet
  facet normal -9.999999e-01  0.000000e+00  0.000000e+00
    outer loop
      vertex  6.600000e+01  1.670600e+03  4.984420e+01
      vertex  6.600000e+01  1.670600e+03  1.751420e+01
      vertex  6.600000e+01  1.667000e+03  4.978117e+01
    endloop
  endfacet
  facet normal -1.000000e+00  0.000000e+00  -0.000000e+00
    outer loop
      vertex  6.600000e+01  1.667000e+03  4.978117e+01
      vertex  6.600000e+01  1.670600e+03  1.751420e+01
      vertex  6.600000e+01  1.664600e+03  1.751420e+01
    endloop
  endfacet
  facet normal -1.000000e+00  0.000000e+00  0.000000e+00
    outer loop
      vertex  6.600000e+01  1.667000e+03  4.978117e+01
      vertex  6.600000e+01  1.664600e+03  1.751420e+01
      vertex  6.600000e+01  9.376000e+02  4.978117e+01
    endloop
  endfacet
  facet normal -9.238797e-01  0.000000e+00  3.826831e-01
    outer loop
      vertex  6.541422e+01  9.376000e+02 -5.119538e+01
      vertex  6.600000e+01  9.376000e+02 -4.978117e+01
      vertex  6.541422e+01  1.667000e+03 -5.119538e+01
    endloop
  endfacet
  facet normal -9.238797e-01  0.000000e+00  3.826831e-01
    outer loop
      vertex  6.541422e+01  1.667000e+03 -5.119538e+01
      vertex  6.600000e+01  9.376000e+02 -4.978117e+01
      vertex  6.600000e+01  1.667000e+03 -4.978117e+01
    endloop
  endfacet
  facet normal -7.071068e-01  0.000000e+00  7.071068e-01
    outer loop
      vertex  5.119538e+01  9.376000e+02 -6.541422e+01
      vertex  6.541422e+01  9.376000e+02 -5.119538e+01
      vertex  5.119538e+01  1.667000e+03 -6.541422e+01
    endloop
  endfacet
  facet normal -7.071068e-01  0.000000e+00  7.071068e-01
    outer loop
      vertex  5.119538e+01  1.667000e+03 -6.541422e+01
      vertex  6.541422e+01  9.376000e+02 -5.119538e+01
      vertex  6.541422e+01  1.667000e+03 -5.119538e+01
    endloop
  endfacet
  facet normal -3.826831e-01  0.000000e+00  9.238797e-01
    outer loop
      vertex  4.978117e+01  9.376000e+02 -6.600000e+01
      vertex  5.119538e+01  9.376000e+02 -6.541422e+01
      vertex  4.978117e+01  1.667000e+03 -6.600000e+01
    endloop
  endfacet
  facet normal -3.826831e-01  0.000000e+00  9.238797e-01
    outer loop
      vertex  4.978117e+01  1.667000e+03 -6.600000e+01
      vertex  5.119538e+01  9.376000e+02 -6.541422e+01
      vertex  5.119538e+01  1.667000e+03 -6.541422e+01
    endloop
  endfacet
  facet normal  0.000000e+00  0.000000e+00  1.000000e+00
    outer loop
      vertex  4.984420e+01  1.670600e+03 -6.600000e+01
      vertex  4.978117e+01  1.667000e+03 -6.600000e+01
      vertex  4.984420e+01  1.667000e+03 -6.600000e+01
    endloop
  endfacet
  facet normal  0.000000e+00  0.000000e+00  1.000000e+00
    outer loop
      vertex -1.751420e+01  1.664600e+03 -6.600000e+01
      vertex -1.751420e+01  1.670600e+03 -6.600000e+01
      vertex -4.978117e+01  1.667000e+03 -6.600000e+01
    endloop
  endfacet
  facet normal  0.000000e+00  0.000000e+00  1.000000e+00
    outer loop
      vertex -1.751420e+01  1.664600e+03 -6.600000e+01
      vertex -4.978117e+01  1.667000e+03 -6.600000e+01
      vertex -4.978117e+01  9.376000e+02 -6.600000e+01
    endloop
  endfacet
  facet normal  0.000000e+00  0.000000e+00  1.000000e+00
    outer loop
      vertex -1.751420e+01  1.664600e+03 -6.600000e+01
      vertex -4.978117e+01  9.376000e+02 -6.600000e+01
      vertex  4.978117e+01  9.376000e+02 -6.600000e+01
    endloop
  endfacet
  facet normal  0.000000e+00  0.000000e+00  1.000000e+00
    outer loop
      vertex -1.751420e+01  1.664600e+03 -6.600000e+01
      vertex  4.978117e+01  9.376000e+02 -6.600000e+01
      vertex  1.751420e+01  1.664600e+03 -6.600000e+01
    endloop
  endfacet
  facet normal  0.000000e+00  0.000000e+00  1.000000e+00
    outer loop
      vertex -4.978117e+01  1.667000e+03 -6.600000e+01
      vertex -1.751420e+01  1.670600e+03 -6.600000e+01
      vertex -4.984420e+01  1.667000e+03 -6.600000e+01
    endloop
  endfacet
  facet normal  0.000000e+00  0.000000e+00  9.999999e-01
    outer loop
      vertex -4.984420e+01  1.667000e+03 -6.600000e+01
      vertex -1.751420e+01  1.670600e+03 -6.600000e+01
      vertex -4.984420e+01  1.670600e+03 -6.600000e+01
    endloop
  endfacet
  facet normal  -0.000000e+00  0.000000e+00  9.999999e-01
    outer loop
      vertex  4.984420e+01  1.670600e+03 -6.600000e+01
      vertex  1.751420e+01  1.670600e+03 -6.600000e+01
      vertex  4.978117e+01  1.667000e+03 -6.600000e+01
    endloop
  endfacet
  facet normal  0.000000e+00  0.000000e+00  1.000000e+00
    outer loop
      vertex  4.978117e+01  1.667000e+03 -6.600000e+01
      vertex  1.751420e+01  1.670600e+03 -6.600000e+01
      vertex  1.751420e+01  1.664600e+03 -6.600000e+01
    endloop
  endfacet
  facet normal  -0.000000e+00  0.000000e+00  1.000000e+00
    outer loop
      vertex  4.978117e+01  1.667000e+03 -6.600000e+01
      vertex  1.751420e+01  1.664600e+03 -6.600000e+01
      vertex  4.978117e+01  9.376000e+02 -6.600000e+01
    endloop
  endfacet
  facet normal  3.826831e-01  0.000000e+00  9.238797e-01
    outer loop
      vertex -5.119538e+01  9.376000e+02 -6.541422e+01
      vertex -4.978117e+01  9.376000e+02 -6.600000e+01
      vertex -5.119538e+01  1.667000e+03 -6.541422e+01
    endloop
  endfacet
  facet normal  3.826831e-01  0.000000e+00  9.238797e-01
    outer loop
      vertex -5.119538e+01  1.667000e+03 -6.541422e+01
      vertex -4.978117e+01  9.376000e+02 -6.600000e+01
      vertex -4.978117e+01  1.667000e+03 -6.600000e+01
    endloop
  endfacet
  facet normal  7.071068e-01  0.000000e+00  7.071068e-01
    outer loop
      vertex -6.541422e+01  9.376000e+02 -5.119538e+01
      vertex -5.119538e+01  9.376000e+02 -6.541422e+01
      vertex -6.541422e+01  1.667000e+03 -5.119538e+01
    endloop
  endfacet
  facet normal  7.071068e-01  0.000000e+00  7.071068e-01
    outer loop
      vertex -6.541422e+01  1.667000e+03 -5.119538e+01
      vertex -5.119538e+01  9.376000e+02 -6.541422e+01
      vertex -5.119538e+01  1.667000e+03 -6.541422e+01
    endloop
  endfacet
  facet normal  9.238797e-01  0.000000e+00  3.826831e-01
    outer loop
      vertex -6.600000e+01  9.376000e+02 -4.978117e+01
      vertex -6.541422e+01  9.376000e+02 -5.119538e+01
      vertex -6.600000e+01  1.667000e+03 -4.978117e+01
    endloop
  endfacet
  facet normal  9.238797e-01  0.000000e+00  3.826831e-01
    outer loop
      vertex -6.600000e+01  1.667000e+03 -4.978117e+01
      vertex -6.541422e+01  9.376000e+02 -5.119538e+01
      vertex -6.541422e+01  1.667000e+03 -5.119538e+01
    endloop
  endfacet
  facet normal  8.090177e-01  -0.000000e+00  5.877842e-01
    outer loop
      vertex -6.448918e+01  1.664600e+03  6.099248e+01
      vertex -6.348111e+01  9.376000e+02  5.960498e+01
      vertex -6.348111e+01  1.664600e+03  5.960498e+01
    endloop
  endfacet
  facet normal  3.090154e-01  0.000000e+00  9.510570e-01
    outer loop
      vertex -6.348111e+01  1.664600e+03  5.960498e+01
      vertex -6.348111e+01  9.376000e+02  5.960498e+01
      vertex -6.185000e+01  9.376000e+02  5.907500e+01
    endloop
  endfacet
  facet normal  3.090154e-01  -0.000000e+00  9.510570e-01
    outer loop
      vertex -6.348111e+01  1.664600e+03  5.960498e+01
      vertex -6.185000e+01  9.376000e+02  5.907500e+01
      vertex -6.185000e+01  1.664600e+03  5.907500e+01
    endloop
  endfacet
  facet normal  8.090177e-01  0.000000e+00  5.877842e-01
    outer loop
      vertex -6.348111e+01  9.376000e+02  5.960498e+01
      vertex -6.448918e+01  1.664600e+03  6.099248e+01
      vertex -6.448918e+01  9.376000e+02  6.099248e+01
    endloop
  endfacet
  facet normal  1.000000e+00  0.000000e+00  0.000000e+00
    outer loop
      vertex -6.448918e+01  9.376000e+02  6.099248e+01
      vertex -6.448918e+01  1.664600e+03  6.099248e+01
      vertex -6.448918e+01  1.664600e+03  6.270752e+01
    endloop
  endfacet
  facet normal  1.000000e+00  0.000000e+00  0.000000e+00
    outer loop
      vertex -6.448918e+01  9.376000e+02  6.099248e+01
      vertex -6.448918e+01  1.664600e+03  6.270752e+01
      vertex -6.448918e+01  9.376000e+02  6.270752e+01
    endloop
  endfacet
  facet normal  8.090177e-01  0.000000e+00 -5.877842e-01
    outer loop
      vertex -6.448918e+01  9.376000e+02  6.270752e+01
      vertex -6.448918e+01  1.664600e+03  6.270752e+01
      vertex -6.348111e+01  1.664600e+03  6.409502e+01
    endloop
  endfacet
  facet normal  8.090177e-01  0.000000e+00 -5.877842e-01
    outer loop
      vertex -6.448918e+01  9.376000e+02  6.270752e+01
      vertex -6.348111e+01  1.664600e+03  6.409502e+01
      vertex -6.348111e+01  9.376000e+02  6.409502e+01
    endloop
  endfacet
  facet normal  3.090154e-01  0.000000e+00 -9.510570e-01
    outer loop
      vertex -6.348111e+01  9.376000e+02  6.409502e+01
      vertex -6.348111e+01  1.664600e+03  6.409502e+01
      vertex -6.185000e+01  1.664600e+03  6.462500e+01
    endloop
  endfacet
  facet normal  3.090154e-01  0.000000e+00 -9.510570e-01
    outer loop
      vertex -6.348111e+01  9.376000e+02  6.409502e+01
      vertex -6.185000e+01  1.664600e+03  6.462500e+01
      vertex -6.185000e+01  9.376000e+02  6.462500e+01
    endloop
  endfacet
  facet normal -8.090177e-01  0.000000e+00 -5.877842e-01
    outer loop
      vertex -5.921082e+01  1.664600e+03  6.270752e+01
      vertex -6.021889e+01  9.376000e+02  6.409502e+01
      vertex -6.021889e+01  1.664600e+03  6.409502e+01
    endloop
  endfacet
  facet normal -3.090160e-01  -0.000000e+00 -9.510568e-01
    outer loop
      vertex -6.021889e+01  1.664600e+03  6.409502e+01
      vertex -6.021889e+01  9.376000e+02  6.409502e+01
      vertex -6.185000e+01  9.376000e+02  6.462500e+01
    endloop
  endfacet
  facet normal -3.090160e-01  0.000000e+00 -9.510568e-01
    outer loop
      vertex -6.021889e+01  1.664600e+03  6.409502e+01
      vertex -6.185000e+01  9.376000e+02  6.462500e+01
      vertex -6.185000e+01  1.664600e+03  6.462500e+01
    endloop
  endfacet
  facet normal -8.090177e-01  -0.000000e+00 -5.877842e-01
    outer loop
      vertex -6.021889e+01  9.376000e+02  6.409502e+01
      vertex -5.921082e+01  1.664600e+03  6.270752e+01
      vertex -5.921082e+01  9.376000e+02  6.270752e+01
    endloop
  endfacet
  facet normal -1.000000e+00  0.000000e+00  0.000000e+00
    outer loop
      vertex -5.921082e+01  9.376000e+02  6.270752e+01
      vertex -5.921082e+01  1.664600e+03  6.270752e+01
      vertex -5.921082e+01  1.664600e+03  6.099248e+01
    endloop
  endfacet
  facet normal -1.000000e+00  0.000000e+00  0.000000e+00
    outer loop
      vertex -5.921082e+01  9.376000e+02  6.270752e+01
      vertex -5.921082e+01  1.664600e+03  6.099248e+01
      vertex -5.921082e+01  9.376000e+02  6.099248e+01
    endloop
  endfacet
  facet normal -8.090177e-01  0.000000e+00  5.877842e-01
    outer loop
      vertex -5.921082e+01  9.376000e+02  6.099248e+01
      vertex -5.921082e+01  1.664600e+03  6.099248e+01
      vertex -6.021889e+01  1.664600e+03  5.960498e+01
    endloop
  endfacet
  facet normal -8.090177e-01  0.000000e+00  5.877842e-01
    outer loop
      vertex -5.921082e+01  9.376000e+02  6.099248e+01
      vertex -6.021889e+01  1.664600e+03  5.960498e+01
      vertex -6.021889e+01  9.376000e+02  5.960498e+01
    endloop
  endfacet
  facet normal -3.090160e-01  0.000000e+00  9.510568e-01
    outer loop
      vertex -6.021889e+01  9.376000e+02  5.960498e+01
      vertex -6.021889e+01  1.664600e+03  5.960498e+01
      vertex -6.185000e+01  1.664600e+03  5.907500e+01
    endloop
  endfacet
  facet normal -3.090160e-01  0.000000e+00  9.510568e-01
    outer loop
      vertex -6.021889e+01  9.376000e+02  5.960498e+01
      vertex -6.185000e+01  1.664600e+03  5.907500e+01
      vertex -6.185000e+01  9.376000e+02  5.907500e+01
    endloop
  endfacet
  facet normal  8.090177e-01  -0.000000e+00  5.877842e-01
    outer loop
      vertex -6.448918e+01  1.664600e+03 -6.270752e+01
      vertex -6.348111e+01  9.376000e+02 -6.409502e+01
      vertex -6.348111e+01  1.664600e+03 -6.409502e+01
    endloop
  endfacet
  facet normal  3.090154e-01  0.000000e+00  9.510570e-01
    outer loop
      vertex -6.348111e+01  1.664600e+03 -6.409502e+01
      vertex -6.348111e+01  9.376000e+02 -6.409502e+01
      vertex -6.185000e+01  9.376000e+02 -6.462500e+01
    endloop
  endfacet
  facet normal  3.090154e-01  -0.000000e+00  9.510570e-01
    outer loop
      vertex -6.348111e+01  1.664600e+03 -6.409502e+01
      vertex -6.185000e+01  9.376000e+02 -6.462500e+01
      vertex -6.185000e+01  1.664600e+03 -6.462500e+01
    endloop
  endfacet
  facet normal  8.090177e-01  0.000000e+00  5.877842e-01
    outer loop
      vertex -6.348111e+01  9.376000e+02 -6.409502e+01
      vertex -6.448918e+01  1.664600e+03 -6.270752e+01
      vertex -6.448918e+01  9.376000e+02 -6.270752e+01
    endloop
  endfacet
  facet normal  1.000000e+00  0.000000e+00  0.000000e+00
    outer loop
      vertex -6.448918e+01  9.376000e+02 -6.270752e+01
      vertex -6.448918e+01  1.664600e+03 -6.270752e+01
      vertex -6.448918e+01  1.664600e+03 -6.099248e+01
    endloop
  endfacet
  facet normal  1.000000e+00  0.000000e+00  0.000000e+00
    outer loop
      vertex -6.448918e+01  9.376000e+02 -6.270752e+01
      vertex -6.448918e+01  1.664600e+03 -6.099248e+01
      vertex -6.448918e+01  9.376000e+02 -6.099248e+01
    endloop
  endfacet
  facet normal  8.090177e-01  0.000000e+00 -5.877842e-01
    outer loop
      vertex -6.448918e+01  9.376000e+02 -6.099248e+01
      vertex -6.448918e+01  1.664600e+03 -6.099248e+01
      vertex -6.348111e+01  1.664600e+03 -5.960498e+01
    endloop
  endfacet
  facet normal  8.090177e-01  0.000000e+00 -5.877842e-01
    outer loop
      vertex -6.448918e+01  9.376000e+02 -6.099248e+01
      vertex -6.348111e+01  1.664600e+03 -5.960498e+01
      vertex -6.348111e+01  9.376000e+02 -5.960498e+01
    endloop
  endfacet
  facet normal  3.090154e-01  0.000000e+00 -9.510570e-01
    outer loop
      vertex -6.348111e+01  9.376000e+02 -5.960498e+01
      vertex -6.348111e+01  1.664600e+03 -5.960498e+01
      vertex -6.185000e+01  1.664600e+03 -5.907500e+01
    endloop
  endfacet
  facet normal  3.090154e-01  0.000000e+00 -9.510570e-01
    outer loop
      vertex -6.348111e+01  9.376000e+02 -5.960498e+01
      vertex -6.185000e+01  1.664600e+03 -5.907500e+01
      vertex -6.185000e+01  9.376000e+02 -5.907500e+01
    endloop
  endfacet
  facet normal -8.090177e-01  0.000000e+00 -5.877842e-01
    outer loop
      vertex -5.921082e+01  1.664600e+03 -6.099248e+01
      vertex -6.021889e+01  9.376000e+02 -5.960498e+01
      vertex -6.021889e+01  1.664600e+03 -5.960498e+01
    endloop
  endfacet
  facet normal -3.090160e-01  -0.000000e+00 -9.510568e-01
    outer loop
      vertex -6.021889e+01  1.664600e+03 -5.960498e+01
      vertex -6.021889e+01  9.376000e+02 -5.960498e+01
      vertex -6.185000e+01  9.376000e+02 -5.907500e+01
    endloop
  endfacet
  facet normal -3.090160e-01  0.000000e+00 -9.510568e-01
    outer loop
      vertex -6.021889e+01  1.664600e+03 -5.960498e+01
      vertex -6.185000e+01  9.376000e+02 -5.907500e+01
      vertex -6.185000e+01  1.664600e+03 -5.907500e+01
    endloop
  endfacet
  facet normal -8.090177e-01  -0.000000e+00 -5.877842e-01
    outer loop
      vertex -6.021889e+01  9.376000e+02 -5.960498e+01
      vertex -5.921082e+01  1.664600e+03 -6.099248e+01
      vertex -5.921082e+01  9.376000e+02 -6.099248e+01
    endloop
  endfacet
  facet normal -1.000000e+00  0.000000e+00  0.000000e+00
    outer loop
      vertex -5.921082e+01  9.376000e+02 -6.099248e+01
      vertex -5.921082e+01  1.664600e+03 -6.099248e+01
      vertex -5.921082e+01  1.664600e+03 -6.270752e+01
    endloop
  endfacet
  facet normal -1.000000e+00  0.000000e+00  0.000000e+00
    outer loop
      vertex -5.921082e+01  9.376000e+02 -6.099248e+01
      vertex -5.921082e+01  1.664600e+03 -6.270752e+01
      vertex -5.921082e+01  9.376000e+02 -6.270752e+01
    endloop
  endfacet
  facet normal -8.090177e-01  0.000000e+00  5.877842e-01
    outer loop
      vertex -5.921082e+01  9.376000e+02 -6.270752e+01
      vertex -5.921082e+01  1.664600e+03 -6.270752e+01
      vertex -6.021889e+01  1.664600e+03 -6.409502e+01
    endloop
  endfacet
  facet normal -8.090177e-01  0.000000e+00  5.877842e-01
    outer loop
      vertex -5.921082e+01  9.376000e+02 -6.270752e+01
      vertex -6.021889e+01  1.664600e+03 -6.409502e+01
      vertex -6.021889e+01  9.376000e+02 -6.409502e+01
    endloop
  endfacet
  facet normal -3.090160e-01  0.000000e+00  9.510568e-01
    outer loop
      vertex -6.021889e+01  9.376000e+02 -6.409502e+01
      vertex -6.021889e+01  1.664600e+03 -6.409502e+01
      vertex -6.185000e+01  1.664600e+03 -6.462500e+01
    endloop
  endfacet
  facet normal -3.090160e-01  0.000000e+00  9.510568e-01
    outer loop
      vertex -6.021889e+01  9.376000e+02 -6.409502e+01
      vertex -6.185000e+01  1.664600e+03 -6.462500e+01
      vertex -6.185000e+01  9.376000e+02 -6.462500e+01
    endloop
  endfacet
  facet normal  8.090177e-01  -0.000000e+00  5.877842e-01
    outer loop
      vertex  5.921082e+01  1.664600e+03  6.099248e+01
      vertex  6.021889e+01  9.376000e+02  5.960498e+01
      vertex  6.021889e+01  1.664600e+03  5.960498e+01
    endloop
  endfacet
  facet normal  3.090160e-01  0.000000e+00  9.510568e-01
    outer loop
      vertex  6.021889e+01  1.664600e+03  5.960498e+01
      vertex  6.021889e+01  9.376000e+02  5.960498e+01
      vertex  6.185000e+01  9.376000e+02  5.907500e+01
    endloop
  endfacet
  facet normal  3.090160e-01  -0.000000e+00  9.510568e-01
    outer loop
      vertex  6.021889e+01  1.664600e+03  5.960498e+01
      vertex  6.185000e+01  9.376000e+02  5.907500e+01
      vertex  6.185000e+01  1.664600e+03  5.907500e+01
    endloop
  endfacet
  facet normal  8.090177e-01  0.000000e+00  5.877842e-01
    outer loop
      vertex  6.021889e+01  9.376000e+02  5.960498e+01
      vertex  5.921082e+01  1.664600e+03  6.099248e+01
      vertex  5.921082e+01  9.376000e+02  6.099248e+01
    endloop
  endfacet
  facet normal  1.000000e+00  0.000000e+00  0.000000e+00
    outer loop
      vertex  5.921082e+01  9.376000e+02  6.099248e+01
      vertex  5.921082e+01  1.664600e+03  6.099248e+01
      vertex  5.921082e+01  1.664600e+03  6.270752e+01
    endloop
  endfacet
  facet normal  1.000000e+00  0.000000e+00  0.000000e+00
    outer loop
      vertex  5.921082e+01  9.376000e+02  6.099248e+01
      vertex  5.921082e+01  1.664600e+03  6.270752e+01
      vertex  5.921082e+01  9.376000e+02  6.270752e+01
    endloop
  endfacet
  facet normal  8.090177e-01  0.000000e+00 -5.877842e-01
    outer loop
      vertex  5.921082e+01  9.376000e+02  6.270752e+01
      vertex  5.921082e+01  1.664600e+03  6.270752e+01
      vertex  6.021889e+01  1.664600e+03  6.409502e+01
    endloop
  endfacet
  facet normal  8.090177e-01  0.000000e+00 -5.877842e-01
    outer loop
      vertex  5.921082e+01  9.376000e+02  6.270752e+01
      vertex  6.021889e+01  1.664600e+03  6.409502e+01
      vertex  6.021889e+01  9.376000e+02  6.409502e+01
    endloop
  endfacet
  facet normal  3.090160e-01  0.000000e+00 -9.510568e-01
    outer loop
      vertex  6.021889e+01  9.376000e+02  6.409502e+01
      vertex  6.021889e+01  1.664600e+03  6.409502e+01
      vertex  6.185000e+01  1.664600e+03  6.462500e+01
    endloop
  endfacet
  facet normal  3.090160e-01  0.000000e+00 -9.510568e-01
    outer loop
      vertex  6.021889e+01  9.376000e+02  6.409502e+01
      vertex  6.185000e+01  1.664600e+03  6.462500e+01
      vertex  6.185000e+01  9.376000e+02  6.462500e+01
    endloop
  endfacet
  facet normal -8.090177e-01  0.000000e+00 -5.877842e-01
    outer loop
      vertex  6.448918e+01  1.664600e+03  6.270752e+01
      vertex  6.348111e+01  9.376000e+02  6.409502e+01
      vertex  6.348111e+01  1.664600e+03  6.409502e+01
    endloop
  endfacet
  facet normal -3.090154e-01  -0.000000e+00 -9.510570e-01
    outer loop
      vertex  6.348111e+01  1.664600e+03  6.409502e+01
      vertex  6.348111e+01  9.376000e+02  6.409502e+01
      vertex  6.185000e+01  9.376000e+02  6.462500e+01
    endloop
  endfacet
  facet normal -3.090154e-01  0.000000e+00 -9.510570e-01
    outer loop
      vertex  6.348111e+01  1.664600e+03  6.409502e+01
      vertex  6.185000e+01  9.376000e+02  6.462500e+01
      vertex  6.185000e+01  1.664600e+03  6.462500e+01
    endloop
  endfacet
  facet normal -8.090177e-01  -0.000000e+00 -5.877842e-01
    outer loop
      vertex  6.348111e+01  9.376000e+02  6.409502e+01
      vertex  6.448918e+01  1.664600e+03  6.270752e+01
      vertex  6.448918e+01  9.376000e+02  6.270752e+01
    endloop
  endfacet
  facet normal -1.000000e+00  0.000000e+00  0.000000e+00
    outer loop
      vertex  6.448918e+01  9.376000e+02  6.270752e+01
      vertex  6.448918e+01  1.664600e+03  6.270752e+01
      vertex  6.448918e+01  1.664600e+03  6.099248e+01
    endloop
  endfacet
  facet normal -1.000000e+00  0.000000e+00  0.000000e+00
    outer loop
      vertex  6.448918e+01  9.376000e+02  6.270752e+01
      vertex  6.448918e+01  1.664600e+03  6.099248e+01
      vertex  6.448918e+01  9.376000e+02  6.099248e+01
    endloop
  endfacet
  facet normal -8.090177e-01  0.000000e+00  5.877842e-01
    outer loop
      vertex  6.448918e+01  9.376000e+02  6.099248e+01
      vertex  6.448918e+01  1.664600e+03  6.099248e+01
      vertex  6.348111e+01  1.664600e+03  5.960498e+01
    endloop
  endfacet
  facet normal -8.090177e-01  0.000000e+00  5.877842e-01
    outer loop
      vertex  6.448918e+01  9.376000e+02  6.099248e+01
      vertex  6.348111e+01  1.664600e+03  5.960498e+01
      vertex  6.348111e+01  9.376000e+02  5.960498e+01
    endloop
  endfacet
  facet normal -3.090154e-01  0.000000e+00  9.510570e-01
    outer loop
      vertex  6.348111e+01  9.376000e+02  5.960498e+01
      vertex  6.348111e+01  1.664600e+03  5.960498e+01
      vertex  6.185000e+01  1.664600e+03  5.907500e+01
    endloop
  endfacet
  facet normal -3.090154e-01  0.000000e+00  9.510570e-01
    outer loop
      vertex  6.348111e+01  9.376000e+02  5.960498e+01
      vertex  6.185000e+01  1.664600e+03  5.907500e+01
      vertex  6.185000e+01  9.376000e+02  5.907500e+01
    endloop
  endfacet
  facet normal -8.314700e-01  0.000000e+00 -5.555696e-01
    outer loop
      vertex -7.129290e+01  1.664600e+03  1.579291e+01
      vertex -7.107613e+01  1.664600e+03  1.546849e+01
      vertex -7.129290e+01  9.376000e+02  1.579291e+01
    endloop
  endfacet
  facet normal -8.314700e-01  0.000000e+00 -5.555696e-01
    outer loop
      vertex -7.129290e+01  9.376000e+02  1.579291e+01
      vertex -7.107613e+01  1.664600e+03  1.546849e+01
      vertex -7.107613e+01  9.376000e+02  1.546849e+01
    endloop
  endfacet
  facet normal -9.807830e-01  0.000000e+00 -1.951022e-01
    outer loop
      vertex -7.107613e+01  1.664600e+03  1.546849e+01
      vertex -7.100000e+01  1.664600e+03  1.508580e+01
      vertex -7.107613e+01  9.376000e+02  1.546849e+01
    endloop
  endfacet
  facet normal -9.807830e-01  0.000000e+00 -1.951022e-01
    outer loop
      vertex -7.107613e+01  9.376000e+02  1.546849e+01
      vertex -7.100000e+01  1.664600e+03  1.508580e+01
      vertex -7.100000e+01  9.376000e+02  1.508580e+01
    endloop
  endfacet
  facet normal -9.807830e-01  0.000000e+00  1.951022e-01
    outer loop
      vertex -7.100000e+01  1.664600e+03 -1.508580e+01
      vertex -7.107613e+01  1.664600e+03 -1.546849e+01
      vertex -7.100000e+01  9.376000e+02 -1.508580e+01
    endloop
  endfacet
  facet normal -9.807830e-01  0.000000e+00  1.951022e-01
    outer loop
      vertex -7.100000e+01  9.376000e+02 -1.508580e+01
      vertex -7.107613e+01  1.664600e+03 -1.546849e+01
      vertex -7.107613e+01  9.376000e+02 -1.546849e+01
    endloop
  endfacet
  facet normal -8.314700e-01  0.000000e+00  5.555696e-01
    outer loop
      vertex -7.107613e+01  1.664600e+03 -1.546849e+01
      vertex -7.129290e+01  1.664600e+03 -1.579291e+01
      vertex -7.107613e+01  9.376000e+02 -1.546849e+01
    endloop
  endfacet
  facet normal -8.314700e-01  0.000000e+00  5.555696e-01
    outer loop
      vertex -7.107613e+01  9.376000e+02 -1.546849e+01
      vertex -7.129290e+01  1.664600e+03 -1.579291e+01
      vertex -7.129290e+01  9.376000e+02 -1.579291e+01
    endloop
  endfacet
  facet normal  5.555696e-01  0.000000e+00 -8.314700e-01
    outer loop
      vertex -1.579291e+01  1.664600e+03 -7.129290e+01
      vertex -1.546849e+01  1.664600e+03 -7.107613e+01
      vertex -1.579291e+01  9.376000e+02 -7.129290e+01
    endloop
  endfacet
  facet normal  5.555696e-01  0.000000e+00 -8.314700e-01
    outer loop
      vertex -1.579291e+01  9.376000e+02 -7.129290e+01
      vertex -1.546849e+01  1.664600e+03 -7.107613e+01
      vertex -1.546849e+01  9.376000e+02 -7.107613e+01
    endloop
  endfacet
  facet normal  1.951022e-01  0.000000e+00 -9.807830e-01
    outer loop
      vertex -1.546849e+01  1.664600e+03 -7.107613e+01
      vertex -1.508580e+01  1.664600e+03 -7.100000e+01
      vertex -1.546849e+01  9.376000e+02 -7.107613e+01
    endloop
  endfacet
  facet normal  1.951022e-01  0.000000e+00 -9.807830e-01
    outer loop
      vertex -1.546849e+01  9.376000e+02 -7.107613e+01
      vertex -1.508580e+01  1.664600e+03 -7.100000e+01
      vertex -1.508580e+01  9.376000e+02 -7.100000e+01
    endloop
  endfacet
  facet normal -1.951022e-01  0.000000e+00 -9.807830e-01
    outer loop
      vertex  1.508580e+01  1.664600e+03 -7.100000e+01
      vertex  1.546849e+01  1.664600e+03 -7.107613e+01
      vertex  1.508580e+01  9.376000e+02 -7.100000e+01
    endloop
  endfacet
  facet normal -1.951022e-01  0.000000e+00 -9.807830e-01
    outer loop
      vertex  1.508580e+01  9.376000e+02 -7.100000e+01
      vertex  1.546849e+01  1.664600e+03 -7.107613e+01
      vertex  1.546849e+01  9.376000e+02 -7.107613e+01
    endloop
  endfacet
  facet normal -5.555696e-01  0.000000e+00 -8.314700e-01
    outer loop
      vertex  1.546849e+01  1.664600e+03 -7.107613e+01
      vertex  1.579291e+01  1.664600e+03 -7.129290e+01
      vertex  1.546849e+01  9.376000e+02 -7.107613e+01
    endloop
  endfacet
  facet normal -5.555696e-01  0.000000e+00 -8.314700e-01
    outer loop
      vertex  1.546849e+01  9.376000e+02 -7.107613e+01
      vertex  1.579291e+01  1.664600e+03 -7.129290e+01
      vertex  1.579291e+01  9.376000e+02 -7.129290e+01
    endloop
  endfacet
  facet normal  8.314700e-01  0.000000e+00  5.555696e-01
    outer loop
      vertex  7.129290e+01  1.664600e+03 -1.579291e+01
      vertex  7.107613e+01  1.664600e+03 -1.546849e+01
      vertex  7.129290e+01  9.376000e+02 -1.579291e+01
    endloop
  endfacet
  facet normal  8.314700e-01  0.000000e+00  5.555696e-01
    outer loop
      vertex  7.129290e+01  9.376000e+02 -1.579291e+01
      vertex  7.107613e+01  1.664600e+03 -1.546849e+01
      vertex  7.107613e+01  9.376000e+02 -1.546849e+01
    endloop
  endfacet
  facet normal  9.807830e-01  0.000000e+00  1.951022e-01
    outer loop
      vertex  7.107613e+01  1.664600e+03 -1.546849e+01
      vertex  7.100000e+01  1.664600e+03 -1.508580e+01
      vertex  7.107613e+01  9.376000e+02 -1.546849e+01
    endloop
  endfacet
  facet normal  9.807830e-01  0.000000e+00  1.951022e-01
    outer loop
      vertex  7.107613e+01  9.376000e+02 -1.546849e+01
      vertex  7.100000e+01  1.664600e+03 -1.508580e+01
      vertex  7.100000e+01  9.376000e+02 -1.508580e+01
    endloop
  endfacet
  facet normal  9.807830e-01  0.000000e+00 -1.951022e-01
    outer loop
      vertex  7.100000e+01  1.664600e+03  1.508580e+01
      vertex  7.107613e+01  1.664600e+03  1.546849e+01
      vertex  7.100000e+01  9.376000e+02  1.508580e+01
    endloop
  endfacet
  facet normal  9.807830e-01  0.000000e+00 -1.951022e-01
    outer loop
      vertex  7.100000e+01  9.376000e+02  1.508580e+01
      vertex  7.107613e+01  1.664600e+03  1.546849e+01
      vertex  7.107613e+01  9.376000e+02  1.546849e+01
    endloop
  endfacet
  facet normal  8.314700e-01  0.000000e+00 -5.555696e-01
    outer loop
      vertex  7.107613e+01  1.664600e+03  1.546849e+01
      vertex  7.129290e+01  1.664600e+03  1.579291e+01
      vertex  7.107613e+01  9.376000e+02  1.546849e+01
    endloop
  endfacet
  facet normal  8.314700e-01  0.000000e+00 -5.555696e-01
    outer loop
      vertex  7.107613e+01  9.376000e+02  1.546849e+01
      vertex  7.129290e+01  1.664600e+03  1.579291e+01
      vertex  7.129290e+01  9.376000e+02  1.579291e+01
    endloop
  endfacet
  facet normal -5.555696e-01  0.000000e+00  8.314700e-01
    outer loop
      vertex  1.579291e+01  1.664600e+03  7.129290e+01
      vertex  1.546849e+01  1.664600e+03  7.107613e+01
      vertex  1.579291e+01  9.376000e+02  7.129290e+01
    endloop
  endfacet
  facet normal -5.555696e-01  0.000000e+00  8.314700e-01
    outer loop
      vertex  1.579291e+01  9.376000e+02  7.129290e+01
      vertex  1.546849e+01  1.664600e+03  7.107613e+01
      vertex  1.546849e+01  9.376000e+02  7.107613e+01
    endloop
  endfacet
  facet normal -1.951022e-01  0.000000e+00  9.807830e-01
    outer loop
      vertex  1.546849e+01  1.664600e+03  7.107613e+01
      vertex  1.508580e+01  1.664600e+03  7.100000e+01
      vertex  1.546849e+01  9.376000e+02  7.107613e+01
    endloop
  endfacet
  facet normal -1.951022e-01  0.000000e+00  9.807830e-01
    outer loop
      vertex  1.546849e+01  9.376000e+02  7.107613e+01
      vertex  1.508580e+01  1.664600e+03  7.100000e+01
      vertex  1.508580e+01  9.376000e+02  7.100000e+01
    endloop
  endfacet
  facet normal  1.951022e-01  0.000000e+00  9.807830e-01
    outer loop
      vertex -1.508580e+01  1.664600e+03  7.100000e+01
      vertex -1.546849e+01  1.664600e+03  7.107613e+01
      vertex -1.508580e+01  9.376000e+02  7.100000e+01
    endloop
  endfacet
  facet normal  1.951022e-01  0.000000e+00  9.807830e-01
    outer loop
      vertex -1.508580e+01  9.376000e+02  7.100000e+01
      vertex -1.546849e+01  1.664600e+03  7.107613e+01
      vertex -1.546849e+01  9.376000e+02  7.107613e+01
    endloop
  endfacet
  facet normal  5.555696e-01  0.000000e+00  8.314700e-01
    outer loop
      vertex -1.546849e+01  1.664600e+03  7.107613e+01
      vertex -1.579291e+01  1.664600e+03  7.129290e+01
      vertex -1.546849e+01  9.376000e+02  7.107613e+01
    endloop
  endfacet
  facet normal  5.555696e-01  0.000000e+00  8.314700e-01
    outer loop
      vertex -1.546849e+01  9.376000e+02  7.107613e+01
      vertex -1.579291e+01  1.664600e+03  7.129290e+01
      vertex -1.579291e+01  9.376000e+02  7.129290e+01
    endloop
  endfacet
  facet normal  0.000000e+00  1.000000e+00  0.000000e+00
    outer loop
      vertex -6.185000e+01  1.671600e+03  5.835000e+01
      vertex -5.979275e+01  1.671600e+03  6.468156e+01
      vertex -5.979275e+01  1.671600e+03  5.901844e+01
    endloop
  endfacet
  facet normal  0.000000e+00  1.000000e+00  0.000000e+00
    outer loop
      vertex -5.979275e+01  1.671600e+03  5.901844e+01
      vertex -5.979275e+01  1.671600e+03  6.468156e+01
      vertex -5.852130e+01  1.671600e+03  6.293156e+01
    endloop
  endfacet
  facet normal  0.000000e+00  1.000000e+00  0.000000e+00
    outer loop
      vertex -5.979275e+01  1.671600e+03  5.901844e+01
      vertex -5.852130e+01  1.671600e+03  6.293156e+01
      vertex -5.852130e+01  1.671600e+03  6.076844e+01
    endloop
  endfacet
  facet normal  0.000000e+00  1.000000e+00  0.000000e+00
    outer loop
      vertex -5.979275e+01  1.671600e+03  6.468156e+01
      vertex -6.185000e+01  1.671600e+03  5.835000e+01
      vertex -6.185000e+01  1.671600e+03  6.535000e+01
    endloop
  endfacet
  facet normal  0.000000e+00  1.000000e+00  0.000000e+00
    outer loop
      vertex -6.185000e+01  1.671600e+03  6.535000e+01
      vertex -6.185000e+01  1.671600e+03  5.835000e+01
      vertex -6.390725e+01  1.671600e+03  5.901844e+01
    endloop
  endfacet
  facet normal  0.000000e+00  9.999999e-01  0.000000e+00
    outer loop
      vertex -6.185000e+01  1.671600e+03  6.535000e+01
      vertex -6.390725e+01  1.671600e+03  5.901844e+01
      vertex -6.390725e+01  1.671600e+03  6.468156e+01
    endloop
  endfacet
  facet normal  0.000000e+00  1.000000e+00  0.000000e+00
    outer loop
      vertex -6.390725e+01  1.671600e+03  6.468156e+01
      vertex -6.390725e+01  1.671600e+03  5.901844e+01
      vertex -6.517870e+01  1.671600e+03  6.076844e+01
    endloop
  endfacet
  facet normal  0.000000e+00  1.000000e+00  0.000000e+00
    outer loop
      vertex -6.390725e+01  1.671600e+03  6.468156e+01
      vertex -6.517870e+01  1.671600e+03  6.076844e+01
      vertex -6.517870e+01  1.671600e+03  6.293156e+01
    endloop
  endfacet
  facet normal  0.000000e+00  1.000000e+00  0.000000e+00
    outer loop
      vertex -6.185000e+01  1.671600e+03 -6.535000e+01
      vertex -5.979275e+01  1.671600e+03 -5.901844e+01
      vertex -5.979275e+01  1.671600e+03 -6.468156e+01
    endloop
  endfacet
  facet normal  0.000000e+00  1.000000e+00  0.000000e+00
    outer loop
      vertex -5.979275e+01  1.671600e+03 -6.468156e+01
      vertex -5.979275e+01  1.671600e+03 -5.901844e+01
      vertex -5.852130e+01  1.671600e+03 -6.076844e+01
    endloop
  endfacet
  facet normal  0.000000e+00  1.000000e+00  0.000000e+00
    outer loop
      vertex -5.979275e+01  1.671600e+03 -6.468156e+01
      vertex -5.852130e+01  1.671600e+03 -6.076844e+01
      vertex -5.852130e+01  1.671600e+03 -6.293156e+01
    endloop
  endfacet
  facet normal  0.000000e+00  1.000000e+00  0.000000e+00
    outer loop
      vertex -5.979275e+01  1.671600e+03 -5.901844e+01
      vertex -6.185000e+01  1.671600e+03 -6.535000e+01
      vertex -6.185000e+01  1.671600e+03 -5.835000e+01
    endloop
  endfacet
  facet normal  0.000000e+00  1.000000e+00  0.000000e+00
    outer loop
      vertex -6.185000e+01  1.671600e+03 -5.835000e+01
      vertex -6.185000e+01  1.671600e+03 -6.535000e+01
      vertex -6.390725e+01  1.671600e+03 -6.468156e+01
    endloop
  endfacet
  facet normal  0.000000e+00  9.999999e-01  0.000000e+00
    outer loop
      vertex -6.185000e+01  1.671600e+03 -5.835000e+01
      vertex -6.390725e+01  1.671600e+03 -6.468156e+01
      vertex -6.390725e+01  1.671600e+03 -5.901844e+01
    endloop
  endfacet
  facet normal  0.000000e+00  1.000000e+00  0.000000e+00
    outer loop
      vertex -6.390725e+01  1.671600e+03 -5.901844e+01
      vertex -6.390725e+01  1.671600e+03 -6.468156e+01
      vertex -6.517870e+01  1.671600e+03 -6.293156e+01
    endloop
  endfacet
  facet normal  0.000000e+00  1.000000e+00  0.000000e+00
    outer loop
      vertex -6.390725e+01  1.671600e+03 -5.901844e+01
      vertex -6.517870e+01  1.671600e+03 -6.293156e+01
      vertex -6.517870e+01  1.671600e+03 -6.076844e+01
    endloop
  endfacet
  facet normal  0.000000e+00  9.999999e-01  0.000000e+00
    outer loop
      vertex  6.185000e+01  1.671600e+03 -6.535000e+01
      vertex  6.390725e+01  1.671600e+03 -5.901844e+01
      vertex  6.390725e+01  1.671600e+03 -6.468156e+01
    endloop
  endfacet
  facet normal  0.000000e+00  1.000000e+00  0.000000e+00
    outer loop
      vertex  6.390725e+01  1.671600e+03 -6.468156e+01
      vertex  6.390725e+01  1.671600e+03 -5.901844e+01
      vertex  6.517870e+01  1.671600e+03 -6.076844e+01
    endloop
  endfacet
  facet normal  0.000000e+00  1.000000e+00  0.000000e+00
    outer loop
      vertex  6.390725e+01  1.671600e+03 -6.468156e+01
      vertex  6.517870e+01  1.671600e+03 -6.076844e+01
      vertex  6.517870e+01  1.671600e+03 -6.293156e+01
    endloop
  endfacet
  facet normal  0.000000e+00  1.000000e+00  0.000000e+00
    outer loop
      vertex  6.390725e+01  1.671600e+03 -5.901844e+01
      vertex  6.185000e+01  1.671600e+03 -6.535000e+01
      vertex  6.185000e+01  1.671600e+03 -5.835000e+01
    endloop
  endfacet
  facet normal  0.000000e+00  1.000000e+00  0.000000e+00
    outer loop
      vertex  6.185000e+01  1.671600e+03 -5.835000e+01
      vertex  6.185000e+01  1.671600e+03 -6.535000e+01
      vertex  5.979275e+01  1.671600e+03 -6.468156e+01
    endloop
  endfacet
  facet normal  0.000000e+00  1.000000e+00  0.000000e+00
    outer loop
      vertex  6.185000e+01  1.671600e+03 -5.835000e+01
      vertex  5.979275e+01  1.671600e+03 -6.468156e+01
      vertex  5.979275e+01  1.671600e+03 -5.901844e+01
    endloop
  endfacet
  facet normal  0.000000e+00  1.000000e+00  0.000000e+00
    outer loop
      vertex  5.979275e+01  1.671600e+03 -5.901844e+01
      vertex  5.979275e+01  1.671600e+03 -6.468156e+01
      vertex  5.852130e+01  1.671600e+03 -6.293156e+01
    endloop
  endfacet
  facet normal  0.000000e+00  1.000000e+00  0.000000e+00
    outer loop
      vertex  5.979275e+01  1.671600e+03 -5.901844e+01
      vertex  5.852130e+01  1.671600e+03 -6.293156e+01
      vertex  5.852130e+01  1.671600e+03 -6.076844e+01
    endloop
  endfacet
  facet normal  0.000000e+00  9.999999e-01  0.000000e+00
    outer loop
      vertex  6.185000e+01  1.671600e+03  5.835000e+01
      vertex  6.390725e+01  1.671600e+03  6.468156e+01
      vertex  6.390725e+01  1.671600e+03  5.901844e+01
    endloop
  endfacet
  facet normal  0.000000e+00  1.000000e+00  0.000000e+00
    outer loop
      vertex  6.390725e+01  1.671600e+03  5.901844e+01
      vertex  6.390725e+01  1.671600e+03  6.468156e+01
      vertex  6.517870e+01  1.671600e+03  6.293156e+01
    endloop
  endfacet
  facet normal  0.000000e+00  1.000000e+00  0.000000e+00
    outer loop
      vertex  6.390725e+01  1.671600e+03  5.901844e+01
      vertex  6.517870e+01  1.671600e+03  6.293156e+01
      vertex  6.517870e+01  1.671600e+03  6.076844e+01
    endloop
  endfacet
  facet normal  0.000000e+00  1.000000e+00  0.000000e+00
    outer loop
      vertex  6.390725e+01  1.671600e+03  6.468156e+01
      vertex  6.185000e+01  1.671600e+03  5.835000e+01
      vertex  6.185000e+01  1.671600e+03  6.535000e+01
    endloop
  endfacet
  facet normal  0.000000e+00  1.000000e+00  0.000000e+00
    outer loop
      vertex  6.185000e+01  1.671600e+03  6.535000e+01
      vertex  6.185000e+01  1.671600e+03  5.835000e+01
      vertex  5.979275e+01  1.671600e+03  5.901844e+01
    endloop
  endfacet
  facet normal  0.000000e+00  1.000000e+00  0.000000e+00
    outer loop
      vertex  6.185000e+01  1.671600e+03  6.535000e+01
      vertex  5.979275e+01  1.671600e+03  5.901844e+01
      vertex  5.979275e+01  1.671600e+03  6.468156e+01
    endloop
  endfacet
  facet normal  0.000000e+00  1.000000e+00  0.000000e+00
    outer loop
      vertex  5.979275e+01  1.671600e+03  6.468156e+01
      vertex  5.979275e+01  1.671600e+03  5.901844e+01
      vertex  5.852130e+01  1.671600e+03  6.076844e+01
    endloop
  endfacet
  facet normal  0.000000e+00  1.000000e+00  0.000000e+00
    outer loop
      vertex  5.979275e+01  1.671600e+03  6.468156e+01
      vertex  5.852130e+01  1.671600e+03  6.076844e+01
      vertex  5.852130e+01  1.671600e+03  6.293156e+01
    endloop
  endfacet
  facet normal  0.000000e+00 -1.000000e+00  -0.000000e+00
    outer loop
      vertex -1.791420e+01  9.376000e+02 -7.300000e+01
      vertex -4.978117e+01  9.376000e+02 -6.600000e+01
      vertex -5.736899e+01  9.376000e+02 -7.300000e+01
    endloop
  endfacet
  facet normal  0.000000e+00 -1.000000e+00  -0.000000e+00
    outer loop
      vertex -4.978117e+01  9.376000e+02 -6.600000e+01
      vertex -5.119538e+01  9.376000e+02 -6.541422e+01
      vertex -5.736899e+01  9.376000e+02 -7.300000e+01
    endloop
  endfacet
  facet normal  0.000000e+00 -9.999999e-01  -0.000000e+00
    outer loop
      vertex -6.448918e+01  9.376000e+02  6.099248e+01
      vertex -6.448918e+01  9.376000e+02  6.270752e+01
      vertex -7.270711e+01  9.376000e+02  5.807609e+01
    endloop
  endfacet
  facet normal  -0.000000e+00 -1.000000e+00  -0.000000e+00
    outer loop
      vertex  5.921082e+01  9.376000e+02  6.099248e+01
      vertex  5.921082e+01  9.376000e+02  6.270752e+01
      vertex  5.119538e+01  9.376000e+02  6.541422e+01
    endloop
  endfacet
  facet normal  0.000000e+00 -1.000000e+00  -0.000000e+00
    outer loop
      vertex  5.921082e+01  9.376000e+02 -6.270752e+01
      vertex  5.921082e+01  9.376000e+02 -6.099248e+01
      vertex  5.119538e+01  9.376000e+02 -6.541422e+01
    endloop
  endfacet
  facet normal  0.000000e+00 -1.000000e+00  -0.000000e+00
    outer loop
      vertex -5.119538e+01  9.376000e+02  6.541422e+01
      vertex -5.736899e+01  9.376000e+02  7.300000e+01
      vertex -5.807609e+01  9.376000e+02  7.270711e+01
    endloop
  endfacet
  facet normal  0.000000e+00 -1.000000e+00  -0.000000e+00
    outer loop
      vertex -5.119538e+01  9.376000e+02  6.541422e+01
      vertex -5.807609e+01  9.376000e+02  7.270711e+01
      vertex -5.921082e+01  9.376000e+02  6.270752e+01
    endloop
  endfacet
  facet normal  0.000000e+00 -1.000000e+00  0.000000e+00
    outer loop
      vertex -5.119538e+01  9.376000e+02  6.541422e+01
      vertex -5.921082e+01  9.376000e+02  6.270752e+01
      vertex -5.921082e+01  9.376000e+02  6.099248e+01
    endloop
  endfacet
  facet normal  0.000000e+00 -1.000000e+00  -0.000000e+00
    outer loop
      vertex -5.119538e+01  9.376000e+02  6.541422e+01
      vertex -5.921082e+01  9.376000e+02  6.099248e+01
      vertex -6.541422e+01  9.376000e+02  5.119538e+01
    endloop
  endfacet
  facet normal  -0.000000e+00 -1.000000e+00  0.000000e+00
    outer loop
      vertex  5.736899e+01  9.376000e+02 -7.300000e+01
      vertex  5.807609e+01  9.376000e+02 -7.270711e+01
      vertex  5.921082e+01  9.376000e+02 -6.270752e+01
    endloop
  endfacet
  facet normal  0.000000e+00 -1.000000e+00  0.000000e+00
    outer loop
      vertex  5.736899e+01  9.376000e+02 -7.300000e+01
      vertex  5.921082e+01  9.376000e+02 -6.270752e+01
      vertex  5.119538e+01  9.376000e+02 -6.541422e+01
    endloop
  endfacet
  facet normal  0.000000e+00 -1.000000e+00  -0.000000e+00
    outer loop
      vertex  5.736899e+01  9.376000e+02 -7.300000e+01
      vertex  5.119538e+01  9.376000e+02 -6.541422e+01
      vertex  4.978117e+01  9.376000e+02 -6.600000e+01
    endloop
  endfacet
  facet normal  0.000000e+00 -1.000000e+00  -0.000000e+00
    outer loop
      vertex  5.736899e+01  9.376000e+02 -7.300000e+01
      vertex  4.978117e+01  9.376000e+02 -6.600000e+01
      vertex  1.791420e+01  9.376000e+02 -7.300000e+01
    endloop
  endfacet
  facet normal  -0.000000e+00 -1.000000e+00  0.000000e+00
    outer loop
      vertex  7.270711e+01  9.376000e+02 -5.807609e+01
      vertex  7.300000e+01  9.376000e+02 -5.736899e+01
      vertex  7.300000e+01  9.376000e+02 -1.791420e+01
    endloop
  endfacet
  facet normal  -0.000000e+00 -1.000000e+00  0.000000e+00
    outer loop
      vertex  7.270711e+01  9.376000e+02 -5.807609e+01
      vertex  7.300000e+01  9.376000e+02 -1.791420e+01
      vertex  7.274116e+01  9.376000e+02 -1.724287e+01
    endloop
  endfacet
  facet normal  0.000000e+00 -1.000000e+00  0.000000e+00
    outer loop
      vertex  7.270711e+01  9.376000e+02 -5.807609e+01
      vertex  7.274116e+01  9.376000e+02 -1.724287e+01
      vertex  6.600000e+01  9.376000e+02 -4.978117e+01
    endloop
  endfacet
  facet normal  0.000000e+00 -1.000000e+00  -0.000000e+00
    outer loop
      vertex  7.270711e+01  9.376000e+02 -5.807609e+01
      vertex  6.600000e+01  9.376000e+02 -4.978117e+01
      vertex  6.541422e+01  9.376000e+02 -5.119538e+01
    endloop
  endfacet
  facet normal  0.000000e+00 -1.000000e+00  -0.000000e+00
    outer loop
      vertex  7.270711e+01  9.376000e+02 -5.807609e+01
      vertex  6.541422e+01  9.376000e+02 -5.119538e+01
      vertex  6.448918e+01  9.376000e+02 -6.099248e+01
    endloop
  endfacet
  facet normal  0.000000e+00 -9.999999e-01  0.000000e+00
    outer loop
      vertex  7.270711e+01  9.376000e+02 -5.807609e+01
      vertex  6.448918e+01  9.376000e+02 -6.099248e+01
      vertex  6.448918e+01  9.376000e+02 -6.270752e+01
    endloop
  endfacet
  facet normal  0.000000e+00 -1.000000e+00  -0.000000e+00
    outer loop
      vertex  7.270711e+01  9.376000e+02 -5.807609e+01
      vertex  6.448918e+01  9.376000e+02 -6.270752e+01
      vertex  5.807609e+01  9.376000e+02 -7.270711e+01
    endloop
  endfacet
  facet normal  0.000000e+00 -1.000000e+00  0.000000e+00
    outer loop
      vertex  7.270711e+01  9.376000e+02  5.807609e+01
      vertex  5.807609e+01  9.376000e+02  7.270711e+01
      vertex  6.448918e+01  9.376000e+02  6.270752e+01
    endloop
  endfacet
  facet normal  0.000000e+00 -9.999999e-01  0.000000e+00
    outer loop
      vertex  7.270711e+01  9.376000e+02  5.807609e+01
      vertex  6.448918e+01  9.376000e+02  6.270752e+01
      vertex  6.448918e+01  9.376000e+02  6.099248e+01
    endloop
  endfacet
  facet normal  0.000000e+00 -1.000000e+00  0.000000e+00
    outer loop
      vertex  7.270711e+01  9.376000e+02  5.807609e+01
      vertex  6.448918e+01  9.376000e+02  6.099248e+01
      vertex  6.541422e+01  9.376000e+02  5.119538e+01
    endloop
  endfacet
  facet normal  0.000000e+00 -1.000000e+00  0.000000e+00
    outer loop
      vertex  7.270711e+01  9.376000e+02  5.807609e+01
      vertex  6.541422e+01  9.376000e+02  5.119538e+01
      vertex  6.600000e+01  9.376000e+02  4.978117e+01
    endloop
  endfacet
  facet normal  0.000000e+00 -1.000000e+00  0.000000e+00
    outer loop
      vertex  7.270711e+01  9.376000e+02  5.807609e+01
      vertex  6.600000e+01  9.376000e+02  4.978117e+01
      vertex  7.262752e+01  9.376000e+02  1.712751e+01
    endloop
  endfacet
  facet normal  0.000000e+00 -1.000000e+00  0.000000e+00
    outer loop
      vertex  7.270711e+01  9.376000e+02  5.807609e+01
      vertex  7.262752e+01  9.376000e+02  1.712751e+01
      vertex  7.274116e+01  9.376000e+02  1.724287e+01
    endloop
  endfacet
  facet normal  0.000000e+00 -1.000000e+00  0.000000e+00
    outer loop
      vertex  7.270711e+01  9.376000e+02  5.807609e+01
      vertex  7.274116e+01  9.376000e+02  1.724287e+01
      vertex  7.300000e+01  9.376000e+02  1.791420e+01
    endloop
  endfacet
  facet normal  0.000000e+00 -1.000000e+00  0.000000e+00
    outer loop
      vertex  7.270711e+01  9.376000e+02  5.807609e+01
      vertex  7.300000e+01  9.376000e+02  1.791420e+01
      vertex  7.300000e+01  9.376000e+02  5.736899e+01
    endloop
  endfacet
  facet normal  0.000000e+00 -1.000000e+00  0.000000e+00
    outer loop
      vertex  5.736899e+01  9.376000e+02  7.300000e+01
      vertex  1.791420e+01  9.376000e+02  7.300000e+01
      vertex  4.978117e+01  9.376000e+02  6.600000e+01
    endloop
  endfacet
  facet normal  0.000000e+00 -1.000000e+00  0.000000e+00
    outer loop
      vertex  5.736899e+01  9.376000e+02  7.300000e+01
      vertex  4.978117e+01  9.376000e+02  6.600000e+01
      vertex  5.119538e+01  9.376000e+02  6.541422e+01
    endloop
  endfacet
  facet normal  0.000000e+00 -1.000000e+00  0.000000e+00
    outer loop
      vertex  5.736899e+01  9.376000e+02  7.300000e+01
      vertex  5.119538e+01  9.376000e+02  6.541422e+01
      vertex  5.921082e+01  9.376000e+02  6.270752e+01
    endloop
  endfacet
  facet normal  0.000000e+00 -1.000000e+00  0.000000e+00
    outer loop
      vertex  5.736899e+01  9.376000e+02  7.300000e+01
      vertex  5.921082e+01  9.376000e+02  6.270752e+01
      vertex  5.807609e+01  9.376000e+02  7.270711e+01
    endloop
  endfacet
  facet normal  0.000000e+00 -1.000000e+00  0.000000e+00
    outer loop
      vertex  6.600000e+01  9.376000e+02  4.978117e+01
      vertex  6.600000e+01  9.376000e+02 -4.978117e+01
      vertex  7.100000e+01  9.376000e+02  1.508580e+01
    endloop
  endfacet
  facet normal  0.000000e+00 -1.000000e+00  0.000000e+00
    outer loop
      vertex  6.600000e+01  9.376000e+02  4.978117e+01
      vertex  7.100000e+01  9.376000e+02  1.508580e+01
      vertex  7.107613e+01  9.376000e+02  1.546849e+01
    endloop
  endfacet
  facet normal  0.000000e+00 -1.000000e+00  0.000000e+00
    outer loop
      vertex  6.600000e+01  9.376000e+02  4.978117e+01
      vertex  7.107613e+01  9.376000e+02  1.546849e+01
      vertex  7.129290e+01  9.376000e+02  1.579291e+01
    endloop
  endfacet
  facet normal  0.000000e+00 -1.000000e+00  0.000000e+00
    outer loop
      vertex  6.600000e+01  9.376000e+02  4.978117e+01
      vertex  7.129290e+01  9.376000e+02  1.579291e+01
      vertex  7.262752e+01  9.376000e+02  1.712751e+01
    endloop
  endfacet
  facet normal  -0.000000e+00 -1.000000e+00  0.000000e+00
    outer loop
      vertex  6.600000e+01  9.376000e+02 -4.978117e+01
      vertex  7.274116e+01  9.376000e+02 -1.724287e+01
      vertex  7.262752e+01  9.376000e+02 -1.712751e+01
    endloop
  endfacet
  facet normal  -0.000000e+00 -1.000000e+00  0.000000e+00
    outer loop
      vertex  6.600000e+01  9.376000e+02 -4.978117e+01
      vertex  7.262752e+01  9.376000e+02 -1.712751e+01
      vertex  7.129290e+01  9.376000e+02 -1.579291e+01
    endloop
  endfacet
  facet normal  -0.000000e+00 -9.999999e-01  0.000000e+00
    outer loop
      vertex  6.600000e+01  9.376000e+02 -4.978117e+01
      vertex  7.129290e+01  9.376000e+02 -1.579291e+01
      vertex  7.107613e+01  9.376000e+02 -1.546849e+01
    endloop
  endfacet
  facet normal  -0.000000e+00 -1.000000e+00  0.000000e+00
    outer loop
      vertex  6.600000e+01  9.376000e+02 -4.978117e+01
      vertex  7.107613e+01  9.376000e+02 -1.546849e+01
      vertex  7.100000e+01  9.376000e+02 -1.508580e+01
    endloop
  endfacet
  facet normal  -0.000000e+00 -1.000000e+00  0.000000e+00
    outer loop
      vertex  6.600000e+01  9.376000e+02 -4.978117e+01
      vertex  7.100000e+01  9.376000e+02 -1.508580e+01
      vertex  7.100000e+01  9.376000e+02  1.508580e+01
    endloop
  endfacet
  facet normal  0.000000e+00 -9.999999e-01  0.000000e+00
    outer loop
      vertex -6.541422e+01  9.376000e+02  5.119538e+01
      vertex -5.921082e+01  9.376000e+02  6.099248e+01
      vertex -6.021889e+01  9.376000e+02  5.960498e+01
    endloop
  endfacet
  facet normal  0.000000e+00 -1.000000e+00  0.000000e+00
    outer loop
      vertex -6.541422e+01  9.376000e+02  5.119538e+01
      vertex -6.021889e+01  9.376000e+02  5.960498e+01
      vertex -6.185000e+01  9.376000e+02  5.907500e+01
    endloop
  endfacet
  facet normal  -0.000000e+00 -1.000000e+00  0.000000e+00
    outer loop
      vertex -6.541422e+01  9.376000e+02  5.119538e+01
      vertex -6.185000e+01  9.376000e+02  5.907500e+01
      vertex -6.348111e+01  9.376000e+02  5.960498e+01
    endloop
  endfacet
  facet normal  -0.000000e+00 -1.000000e+00  0.000000e+00
    outer loop
      vertex -6.541422e+01  9.376000e+02  5.119538e+01
      vertex -6.348111e+01  9.376000e+02  5.960498e+01
      vertex -6.448918e+01  9.376000e+02  6.099248e+01
    endloop
  endfacet
  facet normal  0.000000e+00 -1.000000e+00  0.000000e+00
    outer loop
      vertex -6.541422e+01  9.376000e+02  5.119538e+01
      vertex -6.448918e+01  9.376000e+02  6.099248e+01
      vertex -7.270711e+01  9.376000e+02  5.807609e+01
    endloop
  endfacet
  facet normal  0.000000e+00 -1.000000e+00  0.000000e+00
    outer loop
      vertex -6.541422e+01  9.376000e+02  5.119538e+01
      vertex -7.270711e+01  9.376000e+02  5.807609e+01
      vertex -6.600000e+01  9.376000e+02  4.978117e+01
    endloop
  endfacet
  facet normal  0.000000e+00 -1.000000e+00  0.000000e+00
    outer loop
      vertex -7.270711e+01  9.376000e+02 -5.807609e+01
      vertex -5.807609e+01  9.376000e+02 -7.270711e+01
      vertex -6.348111e+01  9.376000e+02 -6.409502e+01
    endloop
  endfacet
  facet normal  0.000000e+00 -1.000000e+00  0.000000e+00
    outer loop
      vertex -7.270711e+01  9.376000e+02 -5.807609e+01
      vertex -6.348111e+01  9.376000e+02 -6.409502e+01
      vertex -6.448918e+01  9.376000e+02 -6.270752e+01
    endloop
  endfacet
  facet normal  0.000000e+00 -9.999999e-01  0.000000e+00
    outer loop
      vertex -7.270711e+01  9.376000e+02 -5.807609e+01
      vertex -6.448918e+01  9.376000e+02 -6.270752e+01
      vertex -6.448918e+01  9.376000e+02 -6.099248e+01
    endloop
  endfacet
  facet normal  0.000000e+00 -1.000000e+00  0.000000e+00
    outer loop
      vertex -7.270711e+01  9.376000e+02 -5.807609e+01
      vertex -6.448918e+01  9.376000e+02 -6.099248e+01
      vertex -6.541422e+01  9.376000e+02 -5.119538e+01
    endloop
  endfacet
  facet normal  -0.000000e+00 -1.000000e+00  0.000000e+00
    outer loop
      vertex -7.270711e+01  9.376000e+02 -5.807609e+01
      vertex -6.541422e+01  9.376000e+02 -5.119538e+01
      vertex -6.600000e+01  9.376000e+02 -4.978117e+01
    endloop
  endfacet
  facet normal  -0.000000e+00 -1.000000e+00  0.000000e+00
    outer loop
      vertex -7.270711e+01  9.376000e+02 -5.807609e+01
      vertex -6.600000e+01  9.376000e+02 -4.978117e+01
      vertex -7.100000e+01  9.376000e+02 -1.508580e+01
    endloop
  endfacet
  facet normal  0.000000e+00 -1.000000e+00  0.000000e+00
    outer loop
      vertex -7.270711e+01  9.376000e+02 -5.807609e+01
      vertex -7.100000e+01  9.376000e+02 -1.508580e+01
      vertex -7.107613e+01  9.376000e+02 -1.546849e+01
    endloop
  endfacet
  facet normal  0.000000e+00 -1.000000e+00  0.000000e+00
    outer loop
      vertex -7.270711e+01  9.376000e+02 -5.807609e+01
      vertex -7.107613e+01  9.376000e+02 -1.546849e+01
      vertex -7.129290e+01  9.376000e+02 -1.579291e+01
    endloop
  endfacet
  facet normal  0.000000e+00 -1.000000e+00  0.000000e+00
    outer loop
      vertex -7.270711e+01  9.376000e+02 -5.807609e+01
      vertex -7.129290e+01  9.376000e+02 -1.579291e+01
      vertex -7.259984e+01  9.376000e+02 -1.709983e+01
    endloop
  endfacet
  facet normal  0.000000e+00 -9.999999e-01  0.000000e+00
    outer loop
      vertex -7.270711e+01  9.376000e+02 -5.807609e+01
      vertex -7.259984e+01  9.376000e+02 -1.709983e+01
      vertex -7.277978e+01  9.376000e+02 -1.728814e+01
    endloop
  endfacet
  facet normal  0.000000e+00 -1.000000e+00  -0.000000e+00
    outer loop
      vertex -7.270711e+01  9.376000e+02 -5.807609e+01
      vertex -7.277978e+01  9.376000e+02 -1.728814e+01
      vertex -7.300000e+01  9.376000e+02 -1.791420e+01
    endloop
  endfacet
  facet normal  0.000000e+00 -1.000000e+00  0.000000e+00
    outer loop
      vertex -7.270711e+01  9.376000e+02 -5.807609e+01
      vertex -7.300000e+01  9.376000e+02 -1.791420e+01
      vertex -7.300000e+01  9.376000e+02 -5.736899e+01
    endloop
  endfacet
  facet normal  0.000000e+00 -1.000000e+00  0.000000e+00
    outer loop
      vertex -6.541422e+01  9.376000e+02 -5.119538e+01
      vertex -6.448918e+01  9.376000e+02 -6.099248e+01
      vertex -6.348111e+01  9.376000e+02 -5.960498e+01
    endloop
  endfacet
  facet normal  0.000000e+00 -1.000000e+00  0.000000e+00
    outer loop
      vertex -6.541422e+01  9.376000e+02 -5.119538e+01
      vertex -6.348111e+01  9.376000e+02 -5.960498e+01
      vertex -6.185000e+01  9.376000e+02 -5.907500e+01
    endloop
  endfacet
  facet normal  0.000000e+00 -1.000000e+00  0.000000e+00
    outer loop
      vertex -6.541422e+01  9.376000e+02 -5.119538e+01
      vertex -6.185000e+01  9.376000e+02 -5.907500e+01
      vertex -6.021889e+01  9.376000e+02 -5.960498e+01
    endloop
  endfacet
  facet normal  0.000000e+00 -9.999999e-01  0.000000e+00
    outer loop
      vertex -6.541422e+01  9.376000e+02 -5.119538e+01
      vertex -6.021889e+01  9.376000e+02 -5.960498e+01
      vertex -5.921082e+01  9.376000e+02 -6.099248e+01
    endloop
  endfacet
  facet normal  0.000000e+00 -1.000000e+00  0.000000e+00
    outer loop
      vertex -6.541422e+01  9.376000e+02 -5.119538e+01
      vertex -5.921082e+01  9.376000e+02 -6.099248e+01
      vertex -5.119538e+01  9.376000e+02 -6.541422e+01
    endloop
  endfacet
  facet normal  0.000000e+00 -1.000000e+00  0.000000e+00
    outer loop
      vertex -7.270711e+01  9.376000e+02  5.807609e+01
      vertex -7.300000e+01  9.376000e+02  5.736899e+01
      vertex -7.300000e+01  9.376000e+02  1.791420e+01
    endloop
  endfacet
  facet normal  0.000000e+00 -1.000000e+00  0.000000e+00
    outer loop
      vertex -7.270711e+01  9.376000e+02  5.807609e+01
      vertex -7.300000e+01  9.376000e+02  1.791420e+01
      vertex -7.277978e+01  9.376000e+02  1.728814e+01
    endloop
  endfacet
  facet normal  0.000000e+00 -1.000000e+00  0.000000e+00
    outer loop
      vertex -7.270711e+01  9.376000e+02  5.807609e+01
      vertex -7.277978e+01  9.376000e+02  1.728814e+01
      vertex -7.259984e+01  9.376000e+02  1.709983e+01
    endloop
  endfacet
  facet normal  0.000000e+00 -1.000000e+00  0.000000e+00
    outer loop
      vertex -7.270711e+01  9.376000e+02  5.807609e+01
      vertex -7.259984e+01  9.376000e+02  1.709983e+01
      vertex -7.129290e+01  9.376000e+02  1.579291e+01
    endloop
  endfacet
  facet normal  0.000000e+00 -1.000000e+00  0.000000e+00
    outer loop
      vertex -7.270711e+01  9.376000e+02  5.807609e+01
      vertex -7.129290e+01  9.376000e+02  1.579291e+01
      vertex -7.107613e+01  9.376000e+02  1.546849e+01
    endloop
  endfacet
  facet normal  0.000000e+00 -9.999999e-01  0.000000e+00
    outer loop
      vertex -7.270711e+01  9.376000e+02  5.807609e+01
      vertex -7.107613e+01  9.376000e+02  1.546849e+01
      vertex -7.100000e+01  9.376000e+02  1.508580e+01
    endloop
  endfacet
  facet normal  0.000000e+00 -1.000000e+00  0.000000e+00
    outer loop
      vertex -7.270711e+01  9.376000e+02  5.807609e+01
      vertex -7.100000e+01  9.376000e+02  1.508580e+01
      vertex -6.600000e+01  9.376000e+02  4.978117e+01
    endloop
  endfacet
  facet normal  0.000000e+00 -1.000000e+00  0.000000e+00
    outer loop
      vertex  5.807609e+01  9.376000e+02 -7.270711e+01
      vertex  6.448918e+01  9.376000e+02 -6.270752e+01
      vertex  6.348111e+01  9.376000e+02 -6.409502e+01
    endloop
  endfacet
  facet normal  0.000000e+00 -1.000000e+00  0.000000e+00
    outer loop
      vertex  5.807609e+01  9.376000e+02 -7.270711e+01
      vertex  6.348111e+01  9.376000e+02 -6.409502e+01
      vertex  6.185000e+01  9.376000e+02 -6.462500e+01
    endloop
  endfacet
  facet normal  -0.000000e+00 -1.000000e+00  0.000000e+00
    outer loop
      vertex  5.807609e+01  9.376000e+02 -7.270711e+01
      vertex  6.185000e+01  9.376000e+02 -6.462500e+01
      vertex  6.021889e+01  9.376000e+02 -6.409502e+01
    endloop
  endfacet
  facet normal  -0.000000e+00 -1.000000e+00  0.000000e+00
    outer loop
      vertex  5.807609e+01  9.376000e+02 -7.270711e+01
      vertex  6.021889e+01  9.376000e+02 -6.409502e+01
      vertex  5.921082e+01  9.376000e+02 -6.270752e+01
    endloop
  endfacet
  facet normal  0.000000e+00 -1.000000e+00  0.000000e+00
    outer loop
      vertex -4.978117e+01  9.376000e+02 -6.600000e+01
      vertex -1.791420e+01  9.376000e+02 -7.300000e+01
      vertex -1.753151e+01  9.376000e+02 -7.292387e+01
    endloop
  endfacet
  facet normal  0.000000e+00 -1.000000e+00  0.000000e+00
    outer loop
      vertex -4.978117e+01  9.376000e+02 -6.600000e+01
      vertex -1.753151e+01  9.376000e+02 -7.292387e+01
      vertex -1.720709e+01  9.376000e+02 -7.270710e+01
    endloop
  endfacet
  facet normal  0.000000e+00 -9.999999e-01  0.000000e+00
    outer loop
      vertex -4.978117e+01  9.376000e+02 -6.600000e+01
      vertex -1.720709e+01  9.376000e+02 -7.270710e+01
      vertex -1.579291e+01  9.376000e+02 -7.129290e+01
    endloop
  endfacet
  facet normal  0.000000e+00 -9.999999e-01  0.000000e+00
    outer loop
      vertex -4.978117e+01  9.376000e+02 -6.600000e+01
      vertex -1.579291e+01  9.376000e+02 -7.129290e+01
      vertex -1.546849e+01  9.376000e+02 -7.107613e+01
    endloop
  endfacet
  facet normal  0.000000e+00 -1.000000e+00  0.000000e+00
    outer loop
      vertex -4.978117e+01  9.376000e+02 -6.600000e+01
      vertex -1.546849e+01  9.376000e+02 -7.107613e+01
      vertex -1.508580e+01  9.376000e+02 -7.100000e+01
    endloop
  endfacet
  facet normal  0.000000e+00 -1.000000e+00  0.000000e+00
    outer loop
      vertex -4.978117e+01  9.376000e+02 -6.600000e+01
      vertex -1.508580e+01  9.376000e+02 -7.100000e+01
      vertex  1.508580e+01  9.376000e+02 -7.100000e+01
    endloop
  endfacet
  facet normal  0.000000e+00 -1.000000e+00  0.000000e+00
    outer loop
      vertex  4.978117e+01  9.376000e+02 -6.600000e+01
      vertex -4.978117e+01  9.376000e+02 -6.600000e+01
      vertex  1.508580e+01  9.376000e+02 -7.100000e+01
    endloop
  endfacet
  facet normal  0.000000e+00 -1.000000e+00  0.000000e+00
    outer loop
      vertex  4.978117e+01  9.376000e+02 -6.600000e+01
      vertex  1.508580e+01  9.376000e+02 -7.100000e+01
      vertex  1.546849e+01  9.376000e+02 -7.107613e+01
    endloop
  endfacet
  facet normal  0.000000e+00 -1.000000e+00  0.000000e+00
    outer loop
      vertex  4.978117e+01  9.376000e+02 -6.600000e+01
      vertex  1.546849e+01  9.376000e+02 -7.107613e+01
      vertex  1.579291e+01  9.376000e+02 -7.129290e+01
    endloop
  endfacet
  facet normal  0.000000e+00 -1.000000e+00  0.000000e+00
    outer loop
      vertex  4.978117e+01  9.376000e+02 -6.600000e+01
      vertex  1.579291e+01  9.376000e+02 -7.129290e+01
      vertex  1.791420e+01  9.376000e+02 -7.300000e+01
    endloop
  endfacet
  facet normal  0.000000e+00 -1.000000e+00  0.000000e+00
    outer loop
      vertex -5.807609e+01  9.376000e+02 -7.270711e+01
      vertex -5.736899e+01  9.376000e+02 -7.300000e+01
      vertex -5.119538e+01  9.376000e+02 -6.541422e+01
    endloop
  endfacet
  facet normal  -0.000000e+00 -1.000000e+00  0.000000e+00
    outer loop
      vertex -5.807609e+01  9.376000e+02 -7.270711e+01
      vertex -5.119538e+01  9.376000e+02 -6.541422e+01
      vertex -5.921082e+01  9.376000e+02 -6.099248e+01
    endloop
  endfacet
  facet normal  0.000000e+00 -1.000000e+00  0.000000e+00
    outer loop
      vertex -5.807609e+01  9.376000e+02 -7.270711e+01
      vertex -5.921082e+01  9.376000e+02 -6.099248e+01
      vertex -5.921082e+01  9.376000e+02 -6.270752e+01
    endloop
  endfacet
  facet normal  0.000000e+00 -1.000000e+00  -0.000000e+00
    outer loop
      vertex -5.807609e+01  9.376000e+02 -7.270711e+01
      vertex -5.921082e+01  9.376000e+02 -6.270752e+01
      vertex -6.021889e+01  9.376000e+02 -6.409502e+01
    endloop
  endfacet
  facet normal  0.000000e+00 -9.999999e-01  -0.000000e+00
    outer loop
      vertex -5.807609e+01  9.376000e+02 -7.270711e+01
      vertex -6.021889e+01  9.376000e+02 -6.409502e+01
      vertex -6.185000e+01  9.376000e+02 -6.462500e+01
    endloop
  endfacet
  facet normal  -0.000000e+00 -1.000000e+00  -0.000000e+00
    outer loop
      vertex -5.807609e+01  9.376000e+02 -7.270711e+01
      vertex -6.185000e+01  9.376000e+02 -6.462500e+01
      vertex -6.348111e+01  9.376000e+02 -6.409502e+01
    endloop
  endfacet
  facet normal  0.000000e+00 -1.000000e+00  0.000000e+00
    outer loop
      vertex  6.541422e+01  9.376000e+02 -5.119538e+01
      vertex  5.119538e+01  9.376000e+02 -6.541422e+01
      vertex  5.921082e+01  9.376000e+02 -6.099248e+01
    endloop
  endfacet
  facet normal  0.000000e+00 -9.999999e-01  0.000000e+00
    outer loop
      vertex  6.541422e+01  9.376000e+02 -5.119538e+01
      vertex  5.921082e+01  9.376000e+02 -6.099248e+01
      vertex  6.021889e+01  9.376000e+02 -5.960498e+01
    endloop
  endfacet
  facet normal  0.000000e+00 -1.000000e+00  0.000000e+00
    outer loop
      vertex  6.541422e+01  9.376000e+02 -5.119538e+01
      vertex  6.021889e+01  9.376000e+02 -5.960498e+01
      vertex  6.185000e+01  9.376000e+02 -5.907500e+01
    endloop
  endfacet
  facet normal  0.000000e+00 -1.000000e+00  0.000000e+00
    outer loop
      vertex  6.541422e+01  9.376000e+02 -5.119538e+01
      vertex  6.185000e+01  9.376000e+02 -5.907500e+01
      vertex  6.348111e+01  9.376000e+02 -5.960498e+01
    endloop
  endfacet
  facet normal  0.000000e+00 -1.000000e+00  0.000000e+00
    outer loop
      vertex  6.541422e+01  9.376000e+02 -5.119538e+01
      vertex  6.348111e+01  9.376000e+02 -5.960498e+01
      vertex  6.448918e+01  9.376000e+02 -6.099248e+01
    endloop
  endfacet
  facet normal  0.000000e+00 -1.000000e+00  -0.000000e+00
    outer loop
      vertex  6.541422e+01  9.376000e+02  5.119538e+01
      vertex  6.448918e+01  9.376000e+02  6.099248e+01
      vertex  6.348111e+01  9.376000e+02  5.960498e+01
    endloop
  endfacet
  facet normal  0.000000e+00 -1.000000e+00  -0.000000e+00
    outer loop
      vertex  6.541422e+01  9.376000e+02  5.119538e+01
      vertex  6.348111e+01  9.376000e+02  5.960498e+01
      vertex  6.185000e+01  9.376000e+02  5.907500e+01
    endloop
  endfacet
  facet normal  -0.000000e+00 -1.000000e+00  -0.000000e+00
    outer loop
      vertex  6.541422e+01  9.376000e+02  5.119538e+01
      vertex  6.185000e+01  9.376000e+02  5.907500e+01
      vertex  6.021889e+01  9.376000e+02  5.960498e+01
    endloop
  endfacet
  facet normal  -0.000000e+00 -9.999999e-01  -0.000000e+00
    outer loop
      vertex  6.541422e+01  9.376000e+02  5.119538e+01
      vertex  6.021889e+01  9.376000e+02  5.960498e+01
      vertex  5.921082e+01  9.376000e+02  6.099248e+01
    endloop
  endfacet
  facet normal  -0.000000e+00 -1.000000e+00  -0.000000e+00
    outer loop
      vertex  6.541422e+01  9.376000e+02  5.119538e+01
      vertex  5.921082e+01  9.376000e+02  6.099248e+01
      vertex  5.119538e+01  9.376000e+02  6.541422e+01
    endloop
  endfacet
  facet normal  0.000000e+00 -1.000000e+00  0.000000e+00
    outer loop
      vertex  5.807609e+01  9.376000e+02  7.270711e+01
      vertex  5.921082e+01  9.376000e+02  6.270752e+01
      vertex  6.021889e+01  9.376000e+02  6.409502e+01
    endloop
  endfacet
  facet normal  0.000000e+00 -9.999999e-01  0.000000e+00
    outer loop
      vertex  5.807609e+01  9.376000e+02  7.270711e+01
      vertex  6.021889e+01  9.376000e+02  6.409502e+01
      vertex  6.185000e+01  9.376000e+02  6.462500e+01
    endloop
  endfacet
  facet normal  0.000000e+00 -1.000000e+00  0.000000e+00
    outer loop
      vertex  5.807609e+01  9.376000e+02  7.270711e+01
      vertex  6.185000e+01  9.376000e+02  6.462500e+01
      vertex  6.348111e+01  9.376000e+02  6.409502e+01
    endloop
  endfacet
  facet normal  0.000000e+00 -1.000000e+00  0.000000e+00
    outer loop
      vertex  5.807609e+01  9.376000e+02  7.270711e+01
      vertex  6.348111e+01  9.376000e+02  6.409502e+01
      vertex  6.448918e+01  9.376000e+02  6.270752e+01
    endloop
  endfacet
  facet normal  -0.000000e+00 -1.000000e+00  0.000000e+00
    outer loop
      vertex -4.978117e+01  9.376000e+02  6.600000e+01
      vertex  1.508580e+01  9.376000e+02  7.100000e+01
      vertex -1.508580e+01  9.376000e+02  7.100000e+01
    endloop
  endfacet
  facet normal  -0.000000e+00 -1.000000e+00  0.000000e+00
    outer loop
      vertex -4.978117e+01  9.376000e+02  6.600000e+01
      vertex -1.508580e+01  9.376000e+02  7.100000e+01
      vertex -1.546849e+01  9.376000e+02  7.107613e+01
    endloop
  endfacet
  facet normal  -0.000000e+00 -1.000000e+00  0.000000e+00
    outer loop
      vertex -4.978117e+01  9.376000e+02  6.600000e+01
      vertex -1.546849e+01  9.376000e+02  7.107613e+01
      vertex -1.579291e+01  9.376000e+02  7.129290e+01
    endloop
  endfacet
  facet normal  -0.000000e+00 -1.000000e+00  0.000000e+00
    outer loop
      vertex -4.978117e+01  9.376000e+02  6.600000e+01
      vertex -1.579291e+01  9.376000e+02  7.129290e+01
      vertex -1.720709e+01  9.376000e+02  7.270710e+01
    endloop
  endfacet
  facet normal  -0.000000e+00 -1.000000e+00  0.000000e+00
    outer loop
      vertex -4.978117e+01  9.376000e+02  6.600000e+01
      vertex -1.720709e+01  9.376000e+02  7.270710e+01
      vertex -1.753151e+01  9.376000e+02  7.292387e+01
    endloop
  endfacet
  facet normal  -0.000000e+00 -1.000000e+00  0.000000e+00
    outer loop
      vertex -4.978117e+01  9.376000e+02  6.600000e+01
      vertex -1.753151e+01  9.376000e+02  7.292387e+01
      vertex -1.791420e+01  9.376000e+02  7.300000e+01
    endloop
  endfacet
  facet normal  -0.000000e+00 -1.000000e+00  0.000000e+00
    outer loop
      vertex -4.978117e+01  9.376000e+02  6.600000e+01
      vertex -1.791420e+01  9.376000e+02  7.300000e+01
      vertex -5.736899e+01  9.376000e+02  7.300000e+01
    endloop
  endfacet
  facet normal  0.000000e+00 -1.000000e+00  0.000000e+00
    outer loop
      vertex -4.978117e+01  9.376000e+02  6.600000e+01
      vertex -5.736899e+01  9.376000e+02  7.300000e+01
      vertex -5.119538e+01  9.376000e+02  6.541422e+01
    endloop
  endfacet
  facet normal  0.000000e+00 -1.000000e+00  -0.000000e+00
    outer loop
      vertex  4.978117e+01  9.376000e+02  6.600000e+01
      vertex  1.791420e+01  9.376000e+02  7.300000e+01
      vertex  1.579291e+01  9.376000e+02  7.129290e+01
    endloop
  endfacet
  facet normal  0.000000e+00 -9.999999e-01  -0.000000e+00
    outer loop
      vertex  4.978117e+01  9.376000e+02  6.600000e+01
      vertex  1.579291e+01  9.376000e+02  7.129290e+01
      vertex  1.546849e+01  9.376000e+02  7.107613e+01
    endloop
  endfacet
  facet normal  0.000000e+00 -1.000000e+00  -0.000000e+00
    outer loop
      vertex  4.978117e+01  9.376000e+02  6.600000e+01
      vertex  1.546849e+01  9.376000e+02  7.107613e+01
      vertex  1.508580e+01  9.376000e+02  7.100000e+01
    endloop
  endfacet
  facet normal  0.000000e+00 -1.000000e+00  -0.000000e+00
    outer loop
      vertex  4.978117e+01  9.376000e+02  6.600000e+01
      vertex  1.508580e+01  9.376000e+02  7.100000e+01
      vertex -4.978117e+01  9.376000e+02  6.600000e+01
    endloop
  endfacet
  facet normal  0.000000e+00 -1.000000e+00  0.000000e+00
    outer loop
      vertex -5.807609e+01  9.376000e+02  7.270711e+01
      vertex -7.270711e+01  9.376000e+02  5.807609e+01
      vertex -6.448918e+01  9.376000e+02  6.270752e+01
    endloop
  endfacet
  facet normal  0.000000e+00 -1.000000e+00  0.000000e+00
    outer loop
      vertex -5.807609e+01  9.376000e+02  7.270711e+01
      vertex -6.448918e+01  9.376000e+02  6.270752e+01
      vertex -6.348111e+01  9.376000e+02  6.409502e+01
    endloop
  endfacet
  facet normal  0.000000e+00 -1.000000e+00  0.000000e+00
    outer loop
      vertex -5.807609e+01  9.376000e+02  7.270711e+01
      vertex -6.348111e+01  9.376000e+02  6.409502e+01
      vertex -6.185000e+01  9.376000e+02  6.462500e+01
    endloop
  endfacet
  facet normal  0.000000e+00 -1.000000e+00  0.000000e+00
    outer loop
      vertex -5.807609e+01  9.376000e+02  7.270711e+01
      vertex -6.185000e+01  9.376000e+02  6.462500e+01
      vertex -6.021889e+01  9.376000e+02  6.409502e+01
    endloop
  endfacet
  facet normal  0.000000e+00 -1.000000e+00  0.000000e+00
    outer loop
      vertex -5.807609e+01  9.376000e+02  7.270711e+01
      vertex -6.021889e+01  9.376000e+02  6.409502e+01
      vertex -5.921082e+01  9.376000e+02  6.270752e+01
    endloop
  endfacet
  facet normal  0.000000e+00 -1.000000e+00  0.000000e+00
    outer loop
      vertex -7.100000e+01  9.376000e+02 -1.508580e+01
      vertex -6.600000e+01  9.376000e+02 -4.978117e+01
      vertex -7.100000e+01  9.376000e+02  1.508580e+01
    endloop
  endfacet
  facet normal  0.000000e+00 -1.000000e+00  0.000000e+00
    outer loop
      vertex -7.100000e+01  9.376000e+02  1.508580e+01
      vertex -6.600000e+01  9.376000e+02 -4.978117e+01
      vertex -6.600000e+01  9.376000e+02  4.978117e+01
    endloop
  endfacet
  facet normal  0.000000e+00 -1.000000e+00  0.000000e+00
    outer loop
      vertex  1.753151e+01  9.376000e+02 -7.292387e+01
      vertex  1.791420e+01  9.376000e+02 -7.300000e+01
      vertex  1.720709e+01  9.376000e+02 -7.270710e+01
    endloop
  endfacet
  facet normal  0.000000e+00 -1.000000e+00  0.000000e+00
    outer loop
      vertex  1.720709e+01  9.376000e+02 -7.270710e+01
      vertex  1.791420e+01  9.376000e+02 -7.300000e+01
      vertex  1.579291e+01  9.376000e+02 -7.129290e+01
    endloop
  endfacet
  facet normal  0.000000e+00 -1.000000e+00  0.000000e+00
    outer loop
      vertex  1.579291e+01  9.376000e+02  7.129290e+01
      vertex  1.791420e+01  9.376000e+02  7.300000e+01
      vertex  1.720709e+01  9.376000e+02  7.270710e+01
    endloop
  endfacet
  facet normal  0.000000e+00 -1.000000e+00  0.000000e+00
    outer loop
      vertex  1.720709e+01  9.376000e+02  7.270710e+01
      vertex  1.791420e+01  9.376000e+02  7.300000e+01
      vertex  1.753151e+01  9.376000e+02  7.292387e+01
    endloop
  endfacet
  facet normal  1.019913e-01  9.190826e-01 -3.806376e-01
    outer loop
      vertex  6.185000e+01  1.671600e+03  5.835000e+01
      vertex  6.395355e+01  1.671307e+03  5.820654e+01
      vertex  6.185000e+01  1.671307e+03  5.764289e+01
    endloop
  endfacet
  facet normal  1.078313e-01  9.371417e-01 -3.318704e-01
    outer loop
      vertex  6.185000e+01  1.671600e+03  5.835000e+01
      vertex  6.390725e+01  1.671600e+03  5.901844e+01
      vertex  6.395355e+01  1.671307e+03  5.820654e+01
    endloop
  endfacet
  facet normal  1.078309e-01  9.371422e-01  3.318690e-01
    outer loop
      vertex  6.185000e+01  1.671600e+03  6.535000e+01
      vertex  6.395355e+01  1.671307e+03  6.549346e+01
      vertex  6.390725e+01  1.671600e+03  6.468156e+01
    endloop
  endfacet
  facet normal  1.019909e-01  9.190834e-01  3.806359e-01
    outer loop
      vertex  6.185000e+01  1.671600e+03  6.535000e+01
      vertex  6.185000e+01  1.671307e+03  6.605711e+01
      vertex  6.395355e+01  1.671307e+03  6.549346e+01
    endloop
  endfacet
  facet normal  3.073185e-01  9.006165e-01 -3.073193e-01
    outer loop
      vertex  6.390725e+01  1.671600e+03  5.901844e+01
      vertex  6.549346e+01  1.671307e+03  5.974644e+01
      vertex  6.395355e+01  1.671307e+03  5.820654e+01
    endloop
  endfacet
  facet normal  4.422999e-01  8.890024e-01 -1.185137e-01
    outer loop
      vertex  6.517870e+01  1.671600e+03  6.076844e+01
      vertex  6.605711e+01  1.671307e+03  6.185000e+01
      vertex  6.549346e+01  1.671307e+03  5.974644e+01
    endloop
  endfacet
  facet normal  2.620470e-01  9.460887e-01 -1.903878e-01
    outer loop
      vertex  6.517870e+01  1.671600e+03  6.076844e+01
      vertex  6.549346e+01  1.671307e+03  5.974644e+01
      vertex  6.390725e+01  1.671600e+03  5.901844e+01
    endloop
  endfacet
  facet normal  4.423005e-01  8.890020e-01  1.185138e-01
    outer loop
      vertex  6.517870e+01  1.671600e+03  6.293156e+01
      vertex  6.549346e+01  1.671307e+03  6.395355e+01
      vertex  6.605711e+01  1.671307e+03  6.185000e+01
    endloop
  endfacet
  facet normal  3.162698e-01  9.486693e-01  0.000000e+00
    outer loop
      vertex  6.517870e+01  1.671600e+03  6.293156e+01
      vertex  6.605711e+01  1.671307e+03  6.185000e+01
      vertex  6.517870e+01  1.671600e+03  6.076844e+01
    endloop
  endfacet
  facet normal  3.073181e-01  9.006171e-01  3.073181e-01
    outer loop
      vertex  6.390725e+01  1.671600e+03  6.468156e+01
      vertex  6.395355e+01  1.671307e+03  6.549346e+01
      vertex  6.549346e+01  1.671307e+03  6.395355e+01
    endloop
  endfacet
  facet normal  2.620472e-01  9.460885e-01  1.903884e-01
    outer loop
      vertex  6.390725e+01  1.671600e+03  6.468156e+01
      vertex  6.549346e+01  1.671307e+03  6.395355e+01
      vertex  6.517870e+01  1.671600e+03  6.293156e+01
    endloop
  endfacet
  facet normal  2.403012e-01  3.714526e-01 -8.968157e-01
    outer loop
      vertex  6.185000e+01  1.670600e+03  5.735000e+01
      vertex  6.185000e+01  1.671307e+03  5.764289e+01
      vertex  6.410000e+01  1.670600e+03  5.795288e+01
    endloop
  endfacet
  facet normal  2.403008e-01  3.714508e-01 -8.968164e-01
    outer loop
      vertex  6.410000e+01  1.670600e+03  5.795288e+01
      vertex  6.185000e+01  1.671307e+03  5.764289e+01
      vertex  6.395355e+01  1.671307e+03  5.820654e+01
    endloop
  endfacet
  facet normal  6.565145e-01  3.714503e-01 -6.565160e-01
    outer loop
      vertex  6.410000e+01  1.670600e+03  5.795288e+01
      vertex  6.395355e+01  1.671307e+03  5.820654e+01
      vertex  6.574712e+01  1.670600e+03  5.960000e+01
    endloop
  endfacet
  facet normal  6.565145e-01  3.714501e-01 -6.565162e-01
    outer loop
      vertex  6.574712e+01  1.670600e+03  5.960000e+01
      vertex  6.395355e+01  1.671307e+03  5.820654e+01
      vertex  6.549346e+01  1.671307e+03  5.974644e+01
    endloop
  endfacet
  facet normal  8.968168e-01  3.714508e-01 -2.403000e-01
    outer loop
      vertex  6.574712e+01  1.670600e+03  5.960000e+01
      vertex  6.549346e+01  1.671307e+03  5.974644e+01
      vertex  6.635000e+01  1.670600e+03  6.185000e+01
    endloop
  endfacet
  facet normal  8.968174e-01  3.714485e-01 -2.403010e-01
    outer loop
      vertex  6.635000e+01  1.670600e+03  6.185000e+01
      vertex  6.549346e+01  1.671307e+03  5.974644e+01
      vertex  6.605711e+01  1.671307e+03  6.185000e+01
    endloop
  endfacet
  facet normal  8.968176e-01  3.714486e-01  2.403002e-01
    outer loop
      vertex  6.635000e+01  1.670600e+03  6.185000e+01
      vertex  6.605711e+01  1.671307e+03  6.185000e+01
      vertex  6.574712e+01  1.670600e+03  6.410000e+01
    endloop
  endfacet
  facet normal  8.968166e-01  3.714508e-01  2.403008e-01
    outer loop
      vertex  6.574712e+01  1.670600e+03  6.410000e+01
      vertex  6.605711e+01  1.671307e+03  6.185000e+01
      vertex  6.549346e+01  1.671307e+03  6.395355e+01
    endloop
  endfacet
  facet normal  6.565153e-01  3.714502e-01  6.565153e-01
    outer loop
      vertex  6.574712e+01  1.670600e+03  6.410000e+01
      vertex  6.549346e+01  1.671307e+03  6.395355e+01
      vertex  6.410000e+01  1.670600e+03  6.574712e+01
    endloop
  endfacet
  facet normal  6.565154e-01  3.714502e-01  6.565154e-01
    outer loop
      vertex  6.410000e+01  1.670600e+03  6.574712e+01
      vertex  6.549346e+01  1.671307e+03  6.395355e+01
      vertex  6.395355e+01  1.671307e+03  6.549346e+01
    endloop
  endfacet
  facet normal  2.403000e-01  3.714507e-01  8.968167e-01
    outer loop
      vertex  6.410000e+01  1.670600e+03  6.574712e+01
      vertex  6.395355e+01  1.671307e+03  6.549346e+01
      vertex  6.185000e+01  1.670600e+03  6.635000e+01
    endloop
  endfacet
  facet normal  2.403010e-01  3.714485e-01  8.968174e-01
    outer loop
      vertex  6.185000e+01  1.670600e+03  6.635000e+01
      vertex  6.395355e+01  1.671307e+03  6.549346e+01
      vertex  6.185000e+01  1.671307e+03  6.605711e+01
    endloop
  endfacet
  facet normal -1.019909e-01  9.190833e-01  3.806359e-01
    outer loop
      vertex  6.185000e+01  1.671600e+03  6.535000e+01
      vertex  5.974644e+01  1.671307e+03  6.549346e+01
      vertex  6.185000e+01  1.671307e+03  6.605711e+01
    endloop
  endfacet
  facet normal -1.078309e-01  9.371424e-01  3.318686e-01
    outer loop
      vertex  6.185000e+01  1.671600e+03  6.535000e+01
      vertex  5.979275e+01  1.671600e+03  6.468156e+01
      vertex  5.974644e+01  1.671307e+03  6.549346e+01
    endloop
  endfacet
  facet normal -1.078313e-01  9.371418e-01 -3.318699e-01
    outer loop
      vertex  6.185000e+01  1.671600e+03  5.835000e+01
      vertex  5.974644e+01  1.671307e+03  5.820654e+01
      vertex  5.979275e+01  1.671600e+03  5.901844e+01
    endloop
  endfacet
  facet normal -1.019913e-01  9.190826e-01 -3.806376e-01
    outer loop
      vertex  6.185000e+01  1.671600e+03  5.835000e+01
      vertex  6.185000e+01  1.671307e+03  5.764289e+01
      vertex  5.974644e+01  1.671307e+03  5.820654e+01
    endloop
  endfacet
  facet normal -3.073176e-01  9.006177e-01  3.073169e-01
    outer loop
      vertex  5.979275e+01  1.671600e+03  6.468156e+01
      vertex  5.820654e+01  1.671307e+03  6.395355e+01
      vertex  5.974644e+01  1.671307e+03  6.549346e+01
    endloop
  endfacet
  facet normal -4.423028e-01  8.890008e-01  1.185144e-01
    outer loop
      vertex  5.852130e+01  1.671600e+03  6.293156e+01
      vertex  5.764289e+01  1.671307e+03  6.185000e+01
      vertex  5.820654e+01  1.671307e+03  6.395355e+01
    endloop
  endfacet
  facet normal -2.620475e-01  9.460883e-01  1.903892e-01
    outer loop
      vertex  5.852130e+01  1.671600e+03  6.293156e+01
      vertex  5.820654e+01  1.671307e+03  6.395355e+01
      vertex  5.979275e+01  1.671600e+03  6.468156e+01
    endloop
  endfacet
  facet normal -4.423022e-01  8.890012e-01 -1.185143e-01
    outer loop
      vertex  5.852130e+01  1.671600e+03  6.076844e+01
      vertex  5.820654e+01  1.671307e+03  5.974644e+01
      vertex  5.764289e+01  1.671307e+03  6.185000e+01
    endloop
  endfacet
  facet normal -3.162710e-01  9.486688e-01  0.000000e+00
    outer loop
      vertex  5.852130e+01  1.671600e+03  6.076844e+01
      vertex  5.764289e+01  1.671307e+03  6.185000e+01
      vertex  5.852130e+01  1.671600e+03  6.293156e+01
    endloop
  endfacet
  facet normal -3.073181e-01  9.006172e-01 -3.073181e-01
    outer loop
      vertex  5.979275e+01  1.671600e+03  5.901844e+01
      vertex  5.974644e+01  1.671307e+03  5.820654e+01
      vertex  5.820654e+01  1.671307e+03  5.974644e+01
    endloop
  endfacet
  facet normal -2.620473e-01  9.460884e-01 -1.903886e-01
    outer loop
      vertex  5.979275e+01  1.671600e+03  5.901844e+01
      vertex  5.820654e+01  1.671307e+03  5.974644e+01
      vertex  5.852130e+01  1.671600e+03  6.076844e+01
    endloop
  endfacet
  facet normal -2.403002e-01  3.714486e-01  8.968176e-01
    outer loop
      vertex  6.185000e+01  1.670600e+03  6.635000e+01
      vertex  6.185000e+01  1.671307e+03  6.605711e+01
      vertex  5.960000e+01  1.670600e+03  6.574712e+01
    endloop
  endfacet
  facet normal -2.403008e-01  3.714508e-01  8.968164e-01
    outer loop
      vertex  5.960000e+01  1.670600e+03  6.574712e+01
      vertex  6.185000e+01  1.671307e+03  6.605711e+01
      vertex  5.974644e+01  1.671307e+03  6.549346e+01
    endloop
  endfacet
  facet normal -6.565161e-01  3.714501e-01  6.565146e-01
    outer loop
      vertex  5.960000e+01  1.670600e+03  6.574712e+01
      vertex  5.974644e+01  1.671307e+03  6.549346e+01
      vertex  5.795288e+01  1.670600e+03  6.410000e+01
    endloop
  endfacet
  facet normal -6.565162e-01  3.714503e-01  6.565145e-01
    outer loop
      vertex  5.795288e+01  1.670600e+03  6.410000e+01
      vertex  5.974644e+01  1.671307e+03  6.549346e+01
      vertex  5.820654e+01  1.671307e+03  6.395355e+01
    endloop
  endfacet
  facet normal -8.968163e-01  3.714508e-01  2.403014e-01
    outer loop
      vertex  5.795288e+01  1.670600e+03  6.410000e+01
      vertex  5.820654e+01  1.671307e+03  6.395355e+01
      vertex  5.735000e+01  1.670600e+03  6.185000e+01
    endloop
  endfacet
  facet normal -8.968157e-01  3.714527e-01  2.403006e-01
    outer loop
      vertex  5.735000e+01  1.670600e+03  6.185000e+01
      vertex  5.820654e+01  1.671307e+03  6.395355e+01
      vertex  5.764289e+01  1.671307e+03  6.185000e+01
    endloop
  endfacet
  facet normal -8.968157e-01  3.714526e-01 -2.403012e-01
    outer loop
      vertex  5.735000e+01  1.670600e+03  6.185000e+01
      vertex  5.764289e+01  1.671307e+03  6.185000e+01
      vertex  5.795288e+01  1.670600e+03  5.960000e+01
    endloop
  endfacet
  facet normal -8.968166e-01  3.714508e-01 -2.403008e-01
    outer loop
      vertex  5.795288e+01  1.670600e+03  5.960000e+01
      vertex  5.764289e+01  1.671307e+03  6.185000e+01
      vertex  5.820654e+01  1.671307e+03  5.974644e+01
    endloop
  endfacet
  facet normal -6.565153e-01  3.714502e-01 -6.565154e-01
    outer loop
      vertex  5.795288e+01  1.670600e+03  5.960000e+01
      vertex  5.820654e+01  1.671307e+03  5.974644e+01
      vertex  5.960000e+01  1.670600e+03  5.795288e+01
    endloop
  endfacet
  facet normal -6.565153e-01  3.714502e-01 -6.565154e-01
    outer loop
      vertex  5.960000e+01  1.670600e+03  5.795288e+01
      vertex  5.820654e+01  1.671307e+03  5.974644e+01
      vertex  5.974644e+01  1.671307e+03  5.820654e+01
    endloop
  endfacet
  facet normal -2.403014e-01  3.714508e-01 -8.968163e-01
    outer loop
      vertex  5.960000e+01  1.670600e+03  5.795288e+01
      vertex  5.974644e+01  1.671307e+03  5.820654e+01
      vertex  6.185000e+01  1.670600e+03  5.735000e+01
    endloop
  endfacet
  facet normal -2.403006e-01  3.714527e-01 -8.968157e-01
    outer loop
      vertex  6.185000e+01  1.670600e+03  5.735000e+01
      vertex  5.974644e+01  1.671307e+03  5.820654e+01
      vertex  6.185000e+01  1.671307e+03  5.764289e+01
    endloop
  endfacet
  facet normal  1.019909e-01  9.190833e-01 -3.806359e-01
    outer loop
      vertex  6.185000e+01  1.671600e+03 -6.535000e+01
      vertex  6.395355e+01  1.671307e+03 -6.549346e+01
      vertex  6.185000e+01  1.671307e+03 -6.605711e+01
    endloop
  endfacet
  facet normal  1.078309e-01  9.371423e-01 -3.318691e-01
    outer loop
      vertex  6.185000e+01  1.671600e+03 -6.535000e+01
      vertex  6.390725e+01  1.671600e+03 -6.468156e+01
      vertex  6.395355e+01  1.671307e+03 -6.549346e+01
    endloop
  endfacet
  facet normal  1.078313e-01  9.371416e-01  3.318703e-01
    outer loop
      vertex  6.185000e+01  1.671600e+03 -5.835000e+01
      vertex  6.395355e+01  1.671307e+03 -5.820654e+01
      vertex  6.390725e+01  1.671600e+03 -5.901844e+01
    endloop
  endfacet
  facet normal  1.019913e-01  9.190826e-01  3.806376e-01
    outer loop
      vertex  6.185000e+01  1.671600e+03 -5.835000e+01
      vertex  6.185000e+01  1.671307e+03 -5.764289e+01
      vertex  6.395355e+01  1.671307e+03 -5.820654e+01
    endloop
  endfacet
  facet normal  3.073181e-01  9.006171e-01 -3.073181e-01
    outer loop
      vertex  6.390725e+01  1.671600e+03 -6.468156e+01
      vertex  6.549346e+01  1.671307e+03 -6.395355e+01
      vertex  6.395355e+01  1.671307e+03 -6.549346e+01
    endloop
  endfacet
  facet normal  4.423006e-01  8.890021e-01 -1.185138e-01
    outer loop
      vertex  6.517870e+01  1.671600e+03 -6.293156e+01
      vertex  6.605711e+01  1.671307e+03 -6.185000e+01
      vertex  6.549346e+01  1.671307e+03 -6.395355e+01
    endloop
  endfacet
  facet normal  2.620472e-01  9.460885e-01 -1.903884e-01
    outer loop
      vertex  6.517870e+01  1.671600e+03 -6.293156e+01
      vertex  6.549346e+01  1.671307e+03 -6.395355e+01
      vertex  6.390725e+01  1.671600e+03 -6.468156e+01
    endloop
  endfacet
  facet normal  4.422999e-01  8.890024e-01  1.185137e-01
    outer loop
      vertex  6.517870e+01  1.671600e+03 -6.076844e+01
      vertex  6.549346e+01  1.671307e+03 -5.974644e+01
      vertex  6.605711e+01  1.671307e+03 -6.185000e+01
    endloop
  endfacet
  facet normal  3.162698e-01  9.486693e-01  0.000000e+00
    outer loop
      vertex  6.517870e+01  1.671600e+03 -6.076844e+01
      vertex  6.605711e+01  1.671307e+03 -6.185000e+01
      vertex  6.517870e+01  1.671600e+03 -6.293156e+01
    endloop
  endfacet
  facet normal  3.073185e-01  9.006165e-01  3.073193e-01
    outer loop
      vertex  6.390725e+01  1.671600e+03 -5.901844e+01
      vertex  6.395355e+01  1.671307e+03 -5.820654e+01
      vertex  6.549346e+01  1.671307e+03 -5.974644e+01
    endloop
  endfacet
  facet normal  2.620470e-01  9.460887e-01  1.903878e-01
    outer loop
      vertex  6.390725e+01  1.671600e+03 -5.901844e+01
      vertex  6.549346e+01  1.671307e+03 -5.974644e+01
      vertex  6.517870e+01  1.671600e+03 -6.076844e+01
    endloop
  endfacet
  facet normal  2.403002e-01  3.714486e-01 -8.968176e-01
    outer loop
      vertex  6.185000e+01  1.670600e+03 -6.635000e+01
      vertex  6.185000e+01  1.671307e+03 -6.605711e+01
      vertex  6.410000e+01  1.670600e+03 -6.574712e+01
    endloop
  endfacet
  facet normal  2.403008e-01  3.714508e-01 -8.968164e-01
    outer loop
      vertex  6.410000e+01  1.670600e+03 -6.574712e+01
      vertex  6.185000e+01  1.671307e+03 -6.605711e+01
      vertex  6.395355e+01  1.671307e+03 -6.549346e+01
    endloop
  endfacet
  facet normal  6.565153e-01  3.714502e-01 -6.565153e-01
    outer loop
      vertex  6.410000e+01  1.670600e+03 -6.574712e+01
      vertex  6.395355e+01  1.671307e+03 -6.549346e+01
      vertex  6.574712e+01  1.670600e+03 -6.410000e+01
    endloop
  endfacet
  facet normal  6.565154e-01  3.714502e-01 -6.565154e-01
    outer loop
      vertex  6.574712e+01  1.670600e+03 -6.410000e+01
      vertex  6.395355e+01  1.671307e+03 -6.549346e+01
      vertex  6.549346e+01  1.671307e+03 -6.395355e+01
    endloop
  endfacet
  facet normal  8.968168e-01  3.714508e-01 -2.403000e-01
    outer loop
      vertex  6.574712e+01  1.670600e+03 -6.410000e+01
      vertex  6.549346e+01  1.671307e+03 -6.395355e+01
      vertex  6.635000e+01  1.670600e+03 -6.185000e+01
    endloop
  endfacet
  facet normal  8.968174e-01  3.714485e-01 -2.403010e-01
    outer loop
      vertex  6.635000e+01  1.670600e+03 -6.185000e+01
      vertex  6.549346e+01  1.671307e+03 -6.395355e+01
      vertex  6.605711e+01  1.671307e+03 -6.185000e+01
    endloop
  endfacet
  facet normal  8.968176e-01  3.714486e-01  2.403002e-01
    outer loop
      vertex  6.635000e+01  1.670600e+03 -6.185000e+01
      vertex  6.605711e+01  1.671307e+03 -6.185000e+01
      vertex  6.574712e+01  1.670600e+03 -5.960000e+01
    endloop
  endfacet
  facet normal  8.968166e-01  3.714508e-01  2.403008e-01
    outer loop
      vertex  6.574712e+01  1.670600e+03 -5.960000e+01
      vertex  6.605711e+01  1.671307e+03 -6.185000e+01
      vertex  6.549346e+01  1.671307e+03 -5.974644e+01
    endloop
  endfacet
  facet normal  6.565146e-01  3.714501e-01  6.565161e-01
    outer loop
      vertex  6.574712e+01  1.670600e+03 -5.960000e+01
      vertex  6.549346e+01  1.671307e+03 -5.974644e+01
      vertex  6.410000e+01  1.670600e+03 -5.795288e+01
    endloop
  endfacet
  facet normal  6.565145e-01  3.714503e-01  6.565162e-01
    outer loop
      vertex  6.410000e+01  1.670600e+03 -5.795288e+01
      vertex  6.549346e+01  1.671307e+03 -5.974644e+01
      vertex  6.395355e+01  1.671307e+03 -5.820654e+01
    endloop
  endfacet
  facet normal  2.403014e-01  3.714508e-01  8.968163e-01
    outer loop
      vertex  6.410000e+01  1.670600e+03 -5.795288e+01
      vertex  6.395355e+01  1.671307e+03 -5.820654e+01
      vertex  6.185000e+01  1.670600e+03 -5.735000e+01
    endloop
  endfacet
  facet normal  2.403006e-01  3.714527e-01  8.968157e-01
    outer loop
      vertex  6.185000e+01  1.670600e+03 -5.735000e+01
      vertex  6.395355e+01  1.671307e+03 -5.820654e+01
      vertex  6.185000e+01  1.671307e+03 -5.764289e+01
    endloop
  endfacet
  facet normal -1.019913e-01  9.190826e-01  3.806376e-01
    outer loop
      vertex  6.185000e+01  1.671600e+03 -5.835000e+01
      vertex  5.974644e+01  1.671307e+03 -5.820654e+01
      vertex  6.185000e+01  1.671307e+03 -5.764289e+01
    endloop
  endfacet
  facet normal -1.078313e-01  9.371418e-01  3.318699e-01
    outer loop
      vertex  6.185000e+01  1.671600e+03 -5.835000e+01
      vertex  5.979275e+01  1.671600e+03 -5.901844e+01
      vertex  5.974644e+01  1.671307e+03 -5.820654e+01
    endloop
  endfacet
  facet normal -1.078309e-01  9.371424e-01 -3.318686e-01
    outer loop
      vertex  6.185000e+01  1.671600e+03 -6.535000e+01
      vertex  5.974644e+01  1.671307e+03 -6.549346e+01
      vertex  5.979275e+01  1.671600e+03 -6.468156e+01
    endloop
  endfacet
  facet normal -1.019909e-01  9.190834e-01 -3.806359e-01
    outer loop
      vertex  6.185000e+01  1.671600e+03 -6.535000e+01
      vertex  6.185000e+01  1.671307e+03 -6.605711e+01
      vertex  5.974644e+01  1.671307e+03 -6.549346e+01
    endloop
  endfacet
  facet normal -3.073181e-01  9.006172e-01  3.073181e-01
    outer loop
      vertex  5.979275e+01  1.671600e+03 -5.901844e+01
      vertex  5.820654e+01  1.671307e+03 -5.974644e+01
      vertex  5.974644e+01  1.671307e+03 -5.820654e+01
    endloop
  endfacet
  facet normal -4.423022e-01  8.890012e-01  1.185143e-01
    outer loop
      vertex  5.852130e+01  1.671600e+03 -6.076844e+01
      vertex  5.764289e+01  1.671307e+03 -6.185000e+01
      vertex  5.820654e+01  1.671307e+03 -5.974644e+01
    endloop
  endfacet
  facet normal -2.620473e-01  9.460884e-01  1.903886e-01
    outer loop
      vertex  5.852130e+01  1.671600e+03 -6.076844e+01
      vertex  5.820654e+01  1.671307e+03 -5.974644e+01
      vertex  5.979275e+01  1.671600e+03 -5.901844e+01
    endloop
  endfacet
  facet normal -4.423028e-01  8.890008e-01 -1.185144e-01
    outer loop
      vertex  5.852130e+01  1.671600e+03 -6.293156e+01
      vertex  5.820654e+01  1.671307e+03 -6.395355e+01
      vertex  5.764289e+01  1.671307e+03 -6.185000e+01
    endloop
  endfacet
  facet normal -3.162710e-01  9.486688e-01  0.000000e+00
    outer loop
      vertex  5.852130e+01  1.671600e+03 -6.293156e+01
      vertex  5.764289e+01  1.671307e+03 -6.185000e+01
      vertex  5.852130e+01  1.671600e+03 -6.076844e+01
    endloop
  endfacet
  facet normal -3.073176e-01  9.006178e-01 -3.073169e-01
    outer loop
      vertex  5.979275e+01  1.671600e+03 -6.468156e+01
      vertex  5.974644e+01  1.671307e+03 -6.549346e+01
      vertex  5.820654e+01  1.671307e+03 -6.395355e+01
    endloop
  endfacet
  facet normal -2.620475e-01  9.460883e-01 -1.903892e-01
    outer loop
      vertex  5.979275e+01  1.671600e+03 -6.468156e+01
      vertex  5.820654e+01  1.671307e+03 -6.395355e+01
      vertex  5.852130e+01  1.671600e+03 -6.293156e+01
    endloop
  endfacet
  facet normal -2.403012e-01  3.714526e-01  8.968157e-01
    outer loop
      vertex  6.185000e+01  1.670600e+03 -5.735000e+01
      vertex  6.185000e+01  1.671307e+03 -5.764289e+01
      vertex  5.960000e+01  1.670600e+03 -5.795288e+01
    endloop
  endfacet
  facet normal -2.403008e-01  3.714508e-01  8.968164e-01
    outer loop
      vertex  5.960000e+01  1.670600e+03 -5.795288e+01
      vertex  6.185000e+01  1.671307e+03 -5.764289e+01
      vertex  5.974644e+01  1.671307e+03 -5.820654e+01
    endloop
  endfacet
  facet normal -6.565154e-01  3.714502e-01  6.565153e-01
    outer loop
      vertex  5.960000e+01  1.670600e+03 -5.795288e+01
      vertex  5.974644e+01  1.671307e+03 -5.820654e+01
      vertex  5.795288e+01  1.670600e+03 -5.960000e+01
    endloop
  endfacet
  facet normal -6.565154e-01  3.714502e-01  6.565153e-01
    outer loop
      vertex  5.795288e+01  1.670600e+03 -5.960000e+01
      vertex  5.974644e+01  1.671307e+03 -5.820654e+01
      vertex  5.820654e+01  1.671307e+03 -5.974644e+01
    endloop
  endfacet
  facet normal -8.968163e-01  3.714508e-01  2.403014e-01
    outer loop
      vertex  5.795288e+01  1.670600e+03 -5.960000e+01
      vertex  5.820654e+01  1.671307e+03 -5.974644e+01
      vertex  5.735000e+01  1.670600e+03 -6.185000e+01
    endloop
  endfacet
  facet normal -8.968157e-01  3.714527e-01  2.403006e-01
    outer loop
      vertex  5.735000e+01  1.670600e+03 -6.185000e+01
      vertex  5.820654e+01  1.671307e+03 -5.974644e+01
      vertex  5.764289e+01  1.671307e+03 -6.185000e+01
    endloop
  endfacet
  facet normal -8.968157e-01  3.714526e-01 -2.403012e-01
    outer loop
      vertex  5.735000e+01  1.670600e+03 -6.185000e+01
      vertex  5.764289e+01  1.671307e+03 -6.185000e+01
      vertex  5.795288e+01  1.670600e+03 -6.410000e+01
    endloop
  endfacet
  facet normal -8.968166e-01  3.714508e-01 -2.403008e-01
    outer loop
      vertex  5.795288e+01  1.670600e+03 -6.410000e+01
      vertex  5.764289e+01  1.671307e+03 -6.185000e+01
      vertex  5.820654e+01  1.671307e+03 -6.395355e+01
    endloop
  endfacet
  facet normal -6.565160e-01  3.714503e-01 -6.565145e-01
    outer loop
      vertex  5.795288e+01  1.670600e+03 -6.410000e+01
      vertex  5.820654e+01  1.671307e+03 -6.395355e+01
      vertex  5.960000e+01  1.670600e+03 -6.574712e+01
    endloop
  endfacet
  facet normal -6.565162e-01  3.714501e-01 -6.565145e-01
    outer loop
      vertex  5.960000e+01  1.670600e+03 -6.574712e+01
      vertex  5.820654e+01  1.671307e+03 -6.395355e+01
      vertex  5.974644e+01  1.671307e+03 -6.549346e+01
    endloop
  endfacet
  facet normal -2.403000e-01  3.714507e-01 -8.968167e-01
    outer loop
      vertex  5.960000e+01  1.670600e+03 -6.574712e+01
      vertex  5.974644e+01  1.671307e+03 -6.549346e+01
      vertex  6.185000e+01  1.670600e+03 -6.635000e+01
    endloop
  endfacet
  facet normal -2.403010e-01  3.714485e-01 -8.968174e-01
    outer loop
      vertex  6.185000e+01  1.670600e+03 -6.635000e+01
      vertex  5.974644e+01  1.671307e+03 -6.549346e+01
      vertex  6.185000e+01  1.671307e+03 -6.605711e+01
    endloop
  endfacet
  facet normal  1.019909e-01  9.190833e-01 -3.806359e-01
    outer loop
      vertex -6.185000e+01  1.671600e+03 -6.535000e+01
      vertex -5.974644e+01  1.671307e+03 -6.549346e+01
      vertex -6.185000e+01  1.671307e+03 -6.605711e+01
    endloop
  endfacet
  facet normal  1.078309e-01  9.371424e-01 -3.318686e-01
    outer loop
      vertex -6.185000e+01  1.671600e+03 -6.535000e+01
      vertex -5.979275e+01  1.671600e+03 -6.468156e+01
      vertex -5.974644e+01  1.671307e+03 -6.549346e+01
    endloop
  endfacet
  facet normal  1.078313e-01  9.371418e-01  3.318699e-01
    outer loop
      vertex -6.185000e+01  1.671600e+03 -5.835000e+01
      vertex -5.974644e+01  1.671307e+03 -5.820654e+01
      vertex -5.979275e+01  1.671600e+03 -5.901844e+01
    endloop
  endfacet
  facet normal  1.019913e-01  9.190826e-01  3.806376e-01
    outer loop
      vertex -6.185000e+01  1.671600e+03 -5.835000e+01
      vertex -6.185000e+01  1.671307e+03 -5.764289e+01
      vertex -5.974644e+01  1.671307e+03 -5.820654e+01
    endloop
  endfacet
  facet normal  3.073176e-01  9.006177e-01 -3.073169e-01
    outer loop
      vertex -5.979275e+01  1.671600e+03 -6.468156e+01
      vertex -5.820654e+01  1.671307e+03 -6.395355e+01
      vertex -5.974644e+01  1.671307e+03 -6.549346e+01
    endloop
  endfacet
  facet normal  4.423028e-01  8.890008e-01 -1.185144e-01
    outer loop
      vertex -5.852130e+01  1.671600e+03 -6.293156e+01
      vertex -5.764289e+01  1.671307e+03 -6.185000e+01
      vertex -5.820654e+01  1.671307e+03 -6.395355e+01
    endloop
  endfacet
  facet normal  2.620475e-01  9.460883e-01 -1.903892e-01
    outer loop
      vertex -5.852130e+01  1.671600e+03 -6.293156e+01
      vertex -5.820654e+01  1.671307e+03 -6.395355e+01
      vertex -5.979275e+01  1.671600e+03 -6.468156e+01
    endloop
  endfacet
  facet normal  4.423022e-01  8.890012e-01  1.185143e-01
    outer loop
      vertex -5.852130e+01  1.671600e+03 -6.076844e+01
      vertex -5.820654e+01  1.671307e+03 -5.974644e+01
      vertex -5.764289e+01  1.671307e+03 -6.185000e+01
    endloop
  endfacet
  facet normal  3.162710e-01  9.486688e-01  0.000000e+00
    outer loop
      vertex -5.852130e+01  1.671600e+03 -6.076844e+01
      vertex -5.764289e+01  1.671307e+03 -6.185000e+01
      vertex -5.852130e+01  1.671600e+03 -6.293156e+01
    endloop
  endfacet
  facet normal  3.073181e-01  9.006172e-01  3.073181e-01
    outer loop
      vertex -5.979275e+01  1.671600e+03 -5.901844e+01
      vertex -5.974644e+01  1.671307e+03 -5.820654e+01
      vertex -5.820654e+01  1.671307e+03 -5.974644e+01
    endloop
  endfacet
  facet normal  2.620473e-01  9.460884e-01  1.903886e-01
    outer loop
      vertex -5.979275e+01  1.671600e+03 -5.901844e+01
      vertex -5.820654e+01  1.671307e+03 -5.974644e+01
      vertex -5.852130e+01  1.671600e+03 -6.076844e+01
    endloop
  endfacet
  facet normal  2.403002e-01  3.714486e-01 -8.968176e-01
    outer loop
      vertex -6.185000e+01  1.670600e+03 -6.635000e+01
      vertex -6.185000e+01  1.671307e+03 -6.605711e+01
      vertex -5.960000e+01  1.670600e+03 -6.574712e+01
    endloop
  endfacet
  facet normal  2.403008e-01  3.714508e-01 -8.968164e-01
    outer loop
      vertex -5.960000e+01  1.670600e+03 -6.574712e+01
      vertex -6.185000e+01  1.671307e+03 -6.605711e+01
      vertex -5.974644e+01  1.671307e+03 -6.549346e+01
    endloop
  endfacet
  facet normal  6.565161e-01  3.714501e-01 -6.565146e-01
    outer loop
      vertex -5.960000e+01  1.670600e+03 -6.574712e+01
      vertex -5.974644e+01  1.671307e+03 -6.549346e+01
      vertex -5.795288e+01  1.670600e+03 -6.410000e+01
    endloop
  endfacet
  facet normal  6.565162e-01  3.714503e-01 -6.565145e-01
    outer loop
      vertex -5.795288e+01  1.670600e+03 -6.410000e+01
      vertex -5.974644e+01  1.671307e+03 -6.549346e+01
      vertex -5.820654e+01  1.671307e+03 -6.395355e+01
    endloop
  endfacet
  facet normal  8.968163e-01  3.714508e-01 -2.403014e-01
    outer loop
      vertex -5.795288e+01  1.670600e+03 -6.410000e+01
      vertex -5.820654e+01  1.671307e+03 -6.395355e+01
      vertex -5.735000e+01  1.670600e+03 -6.185000e+01
    endloop
  endfacet
  facet normal  8.968157e-01  3.714527e-01 -2.403006e-01
    outer loop
      vertex -5.735000e+01  1.670600e+03 -6.185000e+01
      vertex -5.820654e+01  1.671307e+03 -6.395355e+01
      vertex -5.764289e+01  1.671307e+03 -6.185000e+01
    endloop
  endfacet
  facet normal  8.968157e-01  3.714526e-01  2.403012e-01
    outer loop
      vertex -5.735000e+01  1.670600e+03 -6.185000e+01
      vertex -5.764289e+01  1.671307e+03 -6.185000e+01
      vertex -5.795288e+01  1.670600e+03 -5.960000e+01
    endloop
  endfacet
  facet normal  8.968166e-01  3.714508e-01  2.403008e-01
    outer loop
      vertex -5.795288e+01  1.670600e+03 -5.960000e+01
      vertex -5.764289e+01  1.671307e+03 -6.185000e+01
      vertex -5.820654e+01  1.671307e+03 -5.974644e+01
    endloop
  endfacet
  facet normal  6.565153e-01  3.714502e-01  6.565154e-01
    outer loop
      vertex -5.795288e+01  1.670600e+03 -5.960000e+01
      vertex -5.820654e+01  1.671307e+03 -5.974644e+01
      vertex -5.960000e+01  1.670600e+03 -5.795288e+01
    endloop
  endfacet
  facet normal  6.565153e-01  3.714502e-01  6.565154e-01
    outer loop
      vertex -5.960000e+01  1.670600e+03 -5.795288e+01
      vertex -5.820654e+01  1.671307e+03 -5.974644e+01
      vertex -5.974644e+01  1.671307e+03 -5.820654e+01
    endloop
  endfacet
  facet normal  2.403014e-01  3.714508e-01  8.968163e-01
    outer loop
      vertex -5.960000e+01  1.670600e+03 -5.795288e+01
      vertex -5.974644e+01  1.671307e+03 -5.820654e+01
      vertex -6.185000e+01  1.670600e+03 -5.735000e+01
    endloop
  endfacet
  facet normal  2.403006e-01  3.714527e-01  8.968157e-01
    outer loop
      vertex -6.185000e+01  1.670600e+03 -5.735000e+01
      vertex -5.974644e+01  1.671307e+03 -5.820654e+01
      vertex -6.185000e+01  1.671307e+03 -5.764289e+01
    endloop
  endfacet
  facet normal -1.019913e-01  9.190826e-01  3.806376e-01
    outer loop
      vertex -6.185000e+01  1.671600e+03 -5.835000e+01
      vertex -6.395355e+01  1.671307e+03 -5.820654e+01
      vertex -6.185000e+01  1.671307e+03 -5.764289e+01
    endloop
  endfacet
  facet normal -1.078313e-01  9.371417e-01  3.318704e-01
    outer loop
      vertex -6.185000e+01  1.671600e+03 -5.835000e+01
      vertex -6.390725e+01  1.671600e+03 -5.901844e+01
      vertex -6.395355e+01  1.671307e+03 -5.820654e+01
    endloop
  endfacet
  facet normal -1.078309e-01  9.371422e-01 -3.318690e-01
    outer loop
      vertex -6.185000e+01  1.671600e+03 -6.535000e+01
      vertex -6.395355e+01  1.671307e+03 -6.549346e+01
      vertex -6.390725e+01  1.671600e+03 -6.468156e+01
    endloop
  endfacet
  facet normal -1.019909e-01  9.190834e-01 -3.806359e-01
    outer loop
      vertex -6.185000e+01  1.671600e+03 -6.535000e+01
      vertex -6.185000e+01  1.671307e+03 -6.605711e+01
      vertex -6.395355e+01  1.671307e+03 -6.549346e+01
    endloop
  endfacet
  facet normal -3.073185e-01  9.006165e-01  3.073193e-01
    outer loop
      vertex -6.390725e+01  1.671600e+03 -5.901844e+01
      vertex -6.549346e+01  1.671307e+03 -5.974644e+01
      vertex -6.395355e+01  1.671307e+03 -5.820654e+01
    endloop
  endfacet
  facet normal -4.422999e-01  8.890024e-01  1.185137e-01
    outer loop
      vertex -6.517870e+01  1.671600e+03 -6.076844e+01
      vertex -6.605711e+01  1.671307e+03 -6.185000e+01
      vertex -6.549346e+01  1.671307e+03 -5.974644e+01
    endloop
  endfacet
  facet normal -2.620470e-01  9.460887e-01  1.903878e-01
    outer loop
      vertex -6.517870e+01  1.671600e+03 -6.076844e+01
      vertex -6.549346e+01  1.671307e+03 -5.974644e+01
      vertex -6.390725e+01  1.671600e+03 -5.901844e+01
    endloop
  endfacet
  facet normal -4.423005e-01  8.890020e-01 -1.185138e-01
    outer loop
      vertex -6.517870e+01  1.671600e+03 -6.293156e+01
      vertex -6.549346e+01  1.671307e+03 -6.395355e+01
      vertex -6.605711e+01  1.671307e+03 -6.185000e+01
    endloop
  endfacet
  facet normal -3.162698e-01  9.486693e-01  0.000000e+00
    outer loop
      vertex -6.517870e+01  1.671600e+03 -6.293156e+01
      vertex -6.605711e+01  1.671307e+03 -6.185000e+01
      vertex -6.517870e+01  1.671600e+03 -6.076844e+01
    endloop
  endfacet
  facet normal -3.073181e-01  9.006171e-01 -3.073181e-01
    outer loop
      vertex -6.390725e+01  1.671600e+03 -6.468156e+01
      vertex -6.395355e+01  1.671307e+03 -6.549346e+01
      vertex -6.549346e+01  1.671307e+03 -6.395355e+01
    endloop
  endfacet
  facet normal -2.620472e-01  9.460885e-01 -1.903884e-01
    outer loop
      vertex -6.390725e+01  1.671600e+03 -6.468156e+01
      vertex -6.549346e+01  1.671307e+03 -6.395355e+01
      vertex -6.517870e+01  1.671600e+03 -6.293156e+01
    endloop
  endfacet
  facet normal -2.403012e-01  3.714526e-01  8.968157e-01
    outer loop
      vertex -6.185000e+01  1.670600e+03 -5.735000e+01
      vertex -6.185000e+01  1.671307e+03 -5.764289e+01
      vertex -6.410000e+01  1.670600e+03 -5.795288e+01
    endloop
  endfacet
  facet normal -2.403008e-01  3.714508e-01  8.968164e-01
    outer loop
      vertex -6.410000e+01  1.670600e+03 -5.795288e+01
      vertex -6.185000e+01  1.671307e+03 -5.764289e+01
      vertex -6.395355e+01  1.671307e+03 -5.820654e+01
    endloop
  endfacet
  facet normal -6.565145e-01  3.714503e-01  6.565160e-01
    outer loop
      vertex -6.410000e+01  1.670600e+03 -5.795288e+01
      vertex -6.395355e+01  1.671307e+03 -5.820654e+01
      vertex -6.574712e+01  1.670600e+03 -5.960000e+01
    endloop
  endfacet
  facet normal -6.565145e-01  3.714501e-01  6.565162e-01
    outer loop
      vertex -6.574712e+01  1.670600e+03 -5.960000e+01
      vertex -6.395355e+01  1.671307e+03 -5.820654e+01
      vertex -6.549346e+01  1.671307e+03 -5.974644e+01
    endloop
  endfacet
  facet normal -8.968168e-01  3.714508e-01  2.403000e-01
    outer loop
      vertex -6.574712e+01  1.670600e+03 -5.960000e+01
      vertex -6.549346e+01  1.671307e+03 -5.974644e+01
      vertex -6.635000e+01  1.670600e+03 -6.185000e+01
    endloop
  endfacet
  facet normal -8.968174e-01  3.714485e-01  2.403010e-01
    outer loop
      vertex -6.635000e+01  1.670600e+03 -6.185000e+01
      vertex -6.549346e+01  1.671307e+03 -5.974644e+01
      vertex -6.605711e+01  1.671307e+03 -6.185000e+01
    endloop
  endfacet
  facet normal -8.968176e-01  3.714486e-01 -2.403002e-01
    outer loop
      vertex -6.635000e+01  1.670600e+03 -6.185000e+01
      vertex -6.605711e+01  1.671307e+03 -6.185000e+01
      vertex -6.574712e+01  1.670600e+03 -6.410000e+01
    endloop
  endfacet
  facet normal -8.968166e-01  3.714508e-01 -2.403008e-01
    outer loop
      vertex -6.574712e+01  1.670600e+03 -6.410000e+01
      vertex -6.605711e+01  1.671307e+03 -6.185000e+01
      vertex -6.549346e+01  1.671307e+03 -6.395355e+01
    endloop
  endfacet
  facet normal -6.565153e-01  3.714502e-01 -6.565153e-01
    outer loop
      vertex -6.574712e+01  1.670600e+03 -6.410000e+01
      vertex -6.549346e+01  1.671307e+03 -6.395355e+01
      vertex -6.410000e+01  1.670600e+03 -6.574712e+01
    endloop
  endfacet
  facet normal -6.565154e-01  3.714502e-01 -6.565154e-01
    outer loop
      vertex -6.410000e+01  1.670600e+03 -6.574712e+01
      vertex -6.549346e+01  1.671307e+03 -6.395355e+01
      vertex -6.395355e+01  1.671307e+03 -6.549346e+01
    endloop
  endfacet
  facet normal -2.403000e-01  3.714507e-01 -8.968167e-01
    outer loop
      vertex -6.410000e+01  1.670600e+03 -6.574712e+01
      vertex -6.395355e+01  1.671307e+03 -6.549346e+01
      vertex -6.185000e+01  1.670600e+03 -6.635000e+01
    endloop
  endfacet
  facet normal -2.403010e-01  3.714485e-01 -8.968174e-01
    outer loop
      vertex -6.185000e+01  1.670600e+03 -6.635000e+01
      vertex -6.395355e+01  1.671307e+03 -6.549346e+01
      vertex -6.185000e+01  1.671307e+03 -6.605711e+01
    endloop
  endfacet
  facet normal  1.019913e-01  9.190826e-01 -3.806376e-01
    outer loop
      vertex -6.185000e+01  1.671600e+03  5.835000e+01
      vertex -5.974644e+01  1.671307e+03  5.820654e+01
      vertex -6.185000e+01  1.671307e+03  5.764289e+01
    endloop
  endfacet
  facet normal  1.078313e-01  9.371418e-01 -3.318699e-01
    outer loop
      vertex -6.185000e+01  1.671600e+03  5.835000e+01
      vertex -5.979275e+01  1.671600e+03  5.901844e+01
      vertex -5.974644e+01  1.671307e+03  5.820654e+01
    endloop
  endfacet
  facet normal  1.078309e-01  9.371424e-01  3.318686e-01
    outer loop
      vertex -6.185000e+01  1.671600e+03  6.535000e+01
      vertex -5.974644e+01  1.671307e+03  6.549346e+01
      vertex -5.979275e+01  1.671600e+03  6.468156e+01
    endloop
  endfacet
  facet normal  1.019909e-01  9.190834e-01  3.806359e-01
    outer loop
      vertex -6.185000e+01  1.671600e+03  6.535000e+01
      vertex -6.185000e+01  1.671307e+03  6.605711e+01
      vertex -5.974644e+01  1.671307e+03  6.549346e+01
    endloop
  endfacet
  facet normal  3.073181e-01  9.006172e-01 -3.073181e-01
    outer loop
      vertex -5.979275e+01  1.671600e+03  5.901844e+01
      vertex -5.820654e+01  1.671307e+03  5.974644e+01
      vertex -5.974644e+01  1.671307e+03  5.820654e+01
    endloop
  endfacet
  facet normal  4.423022e-01  8.890012e-01 -1.185143e-01
    outer loop
      vertex -5.852130e+01  1.671600e+03  6.076844e+01
      vertex -5.764289e+01  1.671307e+03  6.185000e+01
      vertex -5.820654e+01  1.671307e+03  5.974644e+01
    endloop
  endfacet
  facet normal  2.620473e-01  9.460884e-01 -1.903886e-01
    outer loop
      vertex -5.852130e+01  1.671600e+03  6.076844e+01
      vertex -5.820654e+01  1.671307e+03  5.974644e+01
      vertex -5.979275e+01  1.671600e+03  5.901844e+01
    endloop
  endfacet
  facet normal  4.423028e-01  8.890008e-01  1.185144e-01
    outer loop
      vertex -5.852130e+01  1.671600e+03  6.293156e+01
      vertex -5.820654e+01  1.671307e+03  6.395355e+01
      vertex -5.764289e+01  1.671307e+03  6.185000e+01
    endloop
  endfacet
  facet normal  3.162710e-01  9.486688e-01  0.000000e+00
    outer loop
      vertex -5.852130e+01  1.671600e+03  6.293156e+01
      vertex -5.764289e+01  1.671307e+03  6.185000e+01
      vertex -5.852130e+01  1.671600e+03  6.076844e+01
    endloop
  endfacet
  facet normal  3.073176e-01  9.006178e-01  3.073169e-01
    outer loop
      vertex -5.979275e+01  1.671600e+03  6.468156e+01
      vertex -5.974644e+01  1.671307e+03  6.549346e+01
      vertex -5.820654e+01  1.671307e+03  6.395355e+01
    endloop
  endfacet
  facet normal  2.620475e-01  9.460883e-01  1.903892e-01
    outer loop
      vertex -5.979275e+01  1.671600e+03  6.468156e+01
      vertex -5.820654e+01  1.671307e+03  6.395355e+01
      vertex -5.852130e+01  1.671600e+03  6.293156e+01
    endloop
  endfacet
  facet normal  2.403012e-01  3.714526e-01 -8.968157e-01
    outer loop
      vertex -6.185000e+01  1.670600e+03  5.735000e+01
      vertex -6.185000e+01  1.671307e+03  5.764289e+01
      vertex -5.960000e+01  1.670600e+03  5.795288e+01
    endloop
  endfacet
  facet normal  2.403008e-01  3.714508e-01 -8.968164e-01
    outer loop
      vertex -5.960000e+01  1.670600e+03  5.795288e+01
      vertex -6.185000e+01  1.671307e+03  5.764289e+01
      vertex -5.974644e+01  1.671307e+03  5.820654e+01
    endloop
  endfacet
  facet normal  6.565154e-01  3.714502e-01 -6.565153e-01
    outer loop
      vertex -5.960000e+01  1.670600e+03  5.795288e+01
      vertex -5.974644e+01  1.671307e+03  5.820654e+01
      vertex -5.795288e+01  1.670600e+03  5.960000e+01
    endloop
  endfacet
  facet normal  6.565154e-01  3.714502e-01 -6.565153e-01
    outer loop
      vertex -5.795288e+01  1.670600e+03  5.960000e+01
      vertex -5.974644e+01  1.671307e+03  5.820654e+01
      vertex -5.820654e+01  1.671307e+03  5.974644e+01
    endloop
  endfacet
  facet normal  8.968163e-01  3.714508e-01 -2.403014e-01
    outer loop
      vertex -5.795288e+01  1.670600e+03  5.960000e+01
      vertex -5.820654e+01  1.671307e+03  5.974644e+01
      vertex -5.735000e+01  1.670600e+03  6.185000e+01
    endloop
  endfacet
  facet normal  8.968157e-01  3.714527e-01 -2.403006e-01
    outer loop
      vertex -5.735000e+01  1.670600e+03  6.185000e+01
      vertex -5.820654e+01  1.671307e+03  5.974644e+01
      vertex -5.764289e+01  1.671307e+03  6.185000e+01
    endloop
  endfacet
  facet normal  8.968157e-01  3.714526e-01  2.403012e-01
    outer loop
      vertex -5.735000e+01  1.670600e+03  6.185000e+01
      vertex -5.764289e+01  1.671307e+03  6.185000e+01
      vertex -5.795288e+01  1.670600e+03  6.410000e+01
    endloop
  endfacet
  facet normal  8.968166e-01  3.714508e-01  2.403008e-01
    outer loop
      vertex -5.795288e+01  1.670600e+03  6.410000e+01
      vertex -5.764289e+01  1.671307e+03  6.185000e+01
      vertex -5.820654e+01  1.671307e+03  6.395355e+01
    endloop
  endfacet
  facet normal  6.565160e-01  3.714503e-01  6.565145e-01
    outer loop
      vertex -5.795288e+01  1.670600e+03  6.410000e+01
      vertex -5.820654e+01  1.671307e+03  6.395355e+01
      vertex -5.960000e+01  1.670600e+03  6.574712e+01
    endloop
  endfacet
  facet normal  6.565162e-01  3.714501e-01  6.565145e-01
    outer loop
      vertex -5.960000e+01  1.670600e+03  6.574712e+01
      vertex -5.820654e+01  1.671307e+03  6.395355e+01
      vertex -5.974644e+01  1.671307e+03  6.549346e+01
    endloop
  endfacet
  facet normal  2.403000e-01  3.714507e-01  8.968167e-01
    outer loop
      vertex -5.960000e+01  1.670600e+03  6.574712e+01
      vertex -5.974644e+01  1.671307e+03  6.549346e+01
      vertex -6.185000e+01  1.670600e+03  6.635000e+01
    endloop
  endfacet
  facet normal  2.403010e-01  3.714485e-01  8.968174e-01
    outer loop
      vertex -6.185000e+01  1.670600e+03  6.635000e+01
      vertex -5.974644e+01  1.671307e+03  6.549346e+01
      vertex -6.185000e+01  1.671307e+03  6.605711e+01
    endloop
  endfacet
  facet normal -1.019909e-01  9.190833e-01  3.806359e-01
    outer loop
      vertex -6.185000e+01  1.671600e+03  6.535000e+01
      vertex -6.395355e+01  1.671307e+03  6.549346e+01
      vertex -6.185000e+01  1.671307e+03  6.605711e+01
    endloop
  endfacet
  facet normal -1.078309e-01  9.371423e-01  3.318691e-01
    outer loop
      vertex -6.185000e+01  1.671600e+03  6.535000e+01
      vertex -6.390725e+01  1.671600e+03  6.468156e+01
      vertex -6.395355e+01  1.671307e+03  6.549346e+01
    endloop
  endfacet
  facet normal -1.078313e-01  9.371416e-01 -3.318703e-01
    outer loop
      vertex -6.185000e+01  1.671600e+03  5.835000e+01
      vertex -6.395355e+01  1.671307e+03  5.820654e+01
      vertex -6.390725e+01  1.671600e+03  5.901844e+01
    endloop
  endfacet
  facet normal -1.019913e-01  9.190826e-01 -3.806376e-01
    outer loop
      vertex -6.185000e+01  1.671600e+03  5.835000e+01
      vertex -6.185000e+01  1.671307e+03  5.764289e+01
      vertex -6.395355e+01  1.671307e+03  5.820654e+01
    endloop
  endfacet
  facet normal -3.073181e-01  9.006171e-01  3.073181e-01
    outer loop
      vertex -6.390725e+01  1.671600e+03  6.468156e+01
      vertex -6.549346e+01  1.671307e+03  6.395355e+01
      vertex -6.395355e+01  1.671307e+03  6.549346e+01
    endloop
  endfacet
  facet normal -4.423006e-01  8.890021e-01  1.185138e-01
    outer loop
      vertex -6.517870e+01  1.671600e+03  6.293156e+01
      vertex -6.605711e+01  1.671307e+03  6.185000e+01
      vertex -6.549346e+01  1.671307e+03  6.395355e+01
    endloop
  endfacet
  facet normal -2.620472e-01  9.460885e-01  1.903884e-01
    outer loop
      vertex -6.517870e+01  1.671600e+03  6.293156e+01
      vertex -6.549346e+01  1.671307e+03  6.395355e+01
      vertex -6.390725e+01  1.671600e+03  6.468156e+01
    endloop
  endfacet
  facet normal -4.422999e-01  8.890024e-01 -1.185137e-01
    outer loop
      vertex -6.517870e+01  1.671600e+03  6.076844e+01
      vertex -6.549346e+01  1.671307e+03  5.974644e+01
      vertex -6.605711e+01  1.671307e+03  6.185000e+01
    endloop
  endfacet
  facet normal -3.162698e-01  9.486693e-01  0.000000e+00
    outer loop
      vertex -6.517870e+01  1.671600e+03  6.076844e+01
      vertex -6.605711e+01  1.671307e+03  6.185000e+01
      vertex -6.517870e+01  1.671600e+03  6.293156e+01
    endloop
  endfacet
  facet normal -3.073185e-01  9.006165e-01 -3.073193e-01
    outer loop
      vertex -6.390725e+01  1.671600e+03  5.901844e+01
      vertex -6.395355e+01  1.671307e+03  5.820654e+01
      vertex -6.549346e+01  1.671307e+03  5.974644e+01
    endloop
  endfacet
  facet normal -2.620470e-01  9.460887e-01 -1.903878e-01
    outer loop
      vertex -6.390725e+01  1.671600e+03  5.901844e+01
      vertex -6.549346e+01  1.671307e+03  5.974644e+01
      vertex -6.517870e+01  1.671600e+03  6.076844e+01
    endloop
  endfacet
  facet normal -2.403002e-01  3.714486e-01  8.968176e-01
    outer loop
      vertex -6.185000e+01  1.670600e+03  6.635000e+01
      vertex -6.185000e+01  1.671307e+03  6.605711e+01
      vertex -6.410000e+01  1.670600e+03  6.574712e+01
    endloop
  endfacet
  facet normal -2.403008e-01  3.714508e-01  8.968164e-01
    outer loop
      vertex -6.410000e+01  1.670600e+03  6.574712e+01
      vertex -6.185000e+01  1.671307e+03  6.605711e+01
      vertex -6.395355e+01  1.671307e+03  6.549346e+01
    endloop
  endfacet
  facet normal -6.565153e-01  3.714502e-01  6.565153e-01
    outer loop
      vertex -6.410000e+01  1.670600e+03  6.574712e+01
      vertex -6.395355e+01  1.671307e+03  6.549346e+01
      vertex -6.574712e+01  1.670600e+03  6.410000e+01
    endloop
  endfacet
  facet normal -6.565154e-01  3.714502e-01  6.565154e-01
    outer loop
      vertex -6.574712e+01  1.670600e+03  6.410000e+01
      vertex -6.395355e+01  1.671307e+03  6.549346e+01
      vertex -6.549346e+01  1.671307e+03  6.395355e+01
    endloop
  endfacet
  facet normal -8.968168e-01  3.714508e-01  2.403000e-01
    outer loop
      vertex -6.574712e+01  1.670600e+03  6.410000e+01
      vertex -6.549346e+01  1.671307e+03  6.395355e+01
      vertex -6.635000e+01  1.670600e+03  6.185000e+01
    endloop
  endfacet
  facet normal -8.968174e-01  3.714485e-01  2.403010e-01
    outer loop
      vertex -6.635000e+01  1.670600e+03  6.185000e+01
      vertex -6.549346e+01  1.671307e+03  6.395355e+01
      vertex -6.605711e+01  1.671307e+03  6.185000e+01
    endloop
  endfacet
  facet normal -8.968176e-01  3.714486e-01 -2.403002e-01
    outer loop
      vertex -6.635000e+01  1.670600e+03  6.185000e+01
      vertex -6.605711e+01  1.671307e+03  6.185000e+01
      vertex -6.574712e+01  1.670600e+03  5.960000e+01
    endloop
  endfacet
  facet normal -8.968166e-01  3.714508e-01 -2.403008e-01
    outer loop
      vertex -6.574712e+01  1.670600e+03  5.960000e+01
      vertex -6.605711e+01  1.671307e+03  6.185000e+01
      vertex -6.549346e+01  1.671307e+03  5.974644e+01
    endloop
  endfacet
  facet normal -6.565146e-01  3.714501e-01 -6.565161e-01
    outer loop
      vertex -6.574712e+01  1.670600e+03  5.960000e+01
      vertex -6.549346e+01  1.671307e+03  5.974644e+01
      vertex -6.410000e+01  1.670600e+03  5.795288e+01
    endloop
  endfacet
  facet normal -6.565145e-01  3.714503e-01 -6.565162e-01
    outer loop
      vertex -6.410000e+01  1.670600e+03  5.795288e+01
      vertex -6.549346e+01  1.671307e+03  5.974644e+01
      vertex -6.395355e+01  1.671307e+03  5.820654e+01
    endloop
  endfacet
  facet normal -2.403014e-01  3.714508e-01 -8.968163e-01
    outer loop
      vertex -6.410000e+01  1.670600e+03  5.795288e+01
      vertex -6.395355e+01  1.671307e+03  5.820654e+01
      vertex -6.185000e+01  1.670600e+03  5.735000e+01
    endloop
  endfacet
  facet normal -2.403006e-01  3.714527e-01 -8.968157e-01
    outer loop
      vertex -6.185000e+01  1.670600e+03  5.735000e+01
      vertex -6.395355e+01  1.671307e+03  5.820654e+01
      vertex -6.185000e+01  1.671307e+03  5.764289e+01
    endloop
  endfacet
  facet normal  9.659241e-01 -2.588252e-01  0.000000e+00
    outer loop
      vertex  3.878852e+01  1.651450e+03 -7.300000e+01
      vertex  3.840000e+01  1.650000e+03 -7.265000e+01
      vertex  3.840000e+01  1.650000e+03 -7.300000e+01
    endloop
  endfacet
  facet normal  9.659241e-01 -2.588252e-01  0.000000e+00
    outer loop
      vertex  3.840000e+01  1.650000e+03 -7.265000e+01
      vertex  3.878852e+01  1.651450e+03 -7.300000e+01
      vertex  3.878852e+01  1.651450e+03 -7.265000e+01
    endloop
  endfacet
  facet normal  7.071233e-01 -7.070903e-01  0.000000e+00
    outer loop
      vertex  3.878852e+01  1.651450e+03 -7.265000e+01
      vertex  3.878852e+01  1.651450e+03 -7.300000e+01
      vertex  3.985000e+01  1.652511e+03 -7.300000e+01
    endloop
  endfacet
  facet normal  7.071233e-01 -7.070903e-01  0.000000e+00
    outer loop
      vertex  3.878852e+01  1.651450e+03 -7.265000e+01
      vertex  3.985000e+01  1.652511e+03 -7.300000e+01
      vertex  3.985000e+01  1.652511e+03 -7.265000e+01
    endloop
  endfacet
  facet normal  2.588335e-01 -9.659219e-01  0.000000e+00
    outer loop
      vertex  3.985000e+01  1.652511e+03 -7.265000e+01
      vertex  3.985000e+01  1.652511e+03 -7.300000e+01
      vertex  4.130000e+01  1.652900e+03 -7.300000e+01
    endloop
  endfacet
  facet normal  2.588335e-01 -9.659219e-01  0.000000e+00
    outer loop
      vertex  3.985000e+01  1.652511e+03 -7.265000e+01
      vertex  4.130000e+01  1.652900e+03 -7.300000e+01
      vertex  4.130000e+01  1.652900e+03 -7.265000e+01
    endloop
  endfacet
  facet normal  0.000000e+00 -1.000000e+00  0.000000e+00
    outer loop
      vertex  4.130000e+01  1.652900e+03 -7.300000e+01
      vertex  4.330000e+01  1.652900e+03 -7.300000e+01
      vertex  4.130000e+01  1.652900e+03 -7.265000e+01
    endloop
  endfacet
  facet normal  0.000000e+00 -1.000000e+00  0.000000e+00
    outer loop
      vertex  4.130000e+01  1.652900e+03 -7.265000e+01
      vertex  4.330000e+01  1.652900e+03 -7.300000e+01
      vertex  4.330000e+01  1.652900e+03 -7.265000e+01
    endloop
  endfacet
  facet normal -2.588335e-01 -9.659219e-01  -0.000000e+00
    outer loop
      vertex  4.475000e+01  1.652511e+03 -7.300000e+01
      vertex  4.330000e+01  1.652900e+03 -7.265000e+01
      vertex  4.330000e+01  1.652900e+03 -7.300000e+01
    endloop
  endfacet
  facet normal -2.588335e-01 -9.659219e-01  0.000000e+00
    outer loop
      vertex  4.330000e+01  1.652900e+03 -7.265000e+01
      vertex  4.475000e+01  1.652511e+03 -7.300000e+01
      vertex  4.475000e+01  1.652511e+03 -7.265000e+01
    endloop
  endfacet
  facet normal -7.071233e-01 -7.070903e-01  -0.000000e+00
    outer loop
      vertex  4.475000e+01  1.652511e+03 -7.265000e+01
      vertex  4.475000e+01  1.652511e+03 -7.300000e+01
      vertex  4.581147e+01  1.651450e+03 -7.300000e+01
    endloop
  endfacet
  facet normal -7.071233e-01 -7.070903e-01  0.000000e+00
    outer loop
      vertex  4.475000e+01  1.652511e+03 -7.265000e+01
      vertex  4.581147e+01  1.651450e+03 -7.300000e+01
      vertex  4.581147e+01  1.651450e+03 -7.265000e+01
    endloop
  endfacet
  facet normal -9.659235e-01 -2.588275e-01  -0.000000e+00
    outer loop
      vertex  4.581147e+01  1.651450e+03 -7.265000e+01
      vertex  4.581147e+01  1.651450e+03 -7.300000e+01
      vertex  4.620000e+01  1.650000e+03 -7.300000e+01
    endloop
  endfacet
  facet normal -9.659235e-01 -2.588275e-01  0.000000e+00
    outer loop
      vertex  4.581147e+01  1.651450e+03 -7.265000e+01
      vertex  4.620000e+01  1.650000e+03 -7.300000e+01
      vertex  4.620000e+01  1.650000e+03 -7.265000e+01
    endloop
  endfacet
  facet normal -9.999999e-01  -0.000000e+00  0.000000e+00
    outer loop
      vertex  4.620000e+01  1.645000e+03 -7.265000e+01
      vertex  4.620000e+01  1.650000e+03 -7.265000e+01
      vertex  4.620000e+01  1.645000e+03 -7.300000e+01
    endloop
  endfacet
  facet normal -9.999999e-01  0.000000e+00  0.000000e+00
    outer loop
      vertex  4.620000e+01  1.645000e+03 -7.300000e+01
      vertex  4.620000e+01  1.650000e+03 -7.265000e+01
      vertex  4.620000e+01  1.650000e+03 -7.300000e+01
    endloop
  endfacet
  facet normal -9.659235e-01  2.588275e-01  0.000000e+00
    outer loop
      vertex  4.581147e+01  1.643550e+03 -7.300000e+01
      vertex  4.620000e+01  1.645000e+03 -7.265000e+01
      vertex  4.620000e+01  1.645000e+03 -7.300000e+01
    endloop
  endfacet
  facet normal -9.659235e-01  2.588275e-01  0.000000e+00
    outer loop
      vertex  4.620000e+01  1.645000e+03 -7.265000e+01
      vertex  4.581147e+01  1.643550e+03 -7.300000e+01
      vertex  4.581147e+01  1.643550e+03 -7.265000e+01
    endloop
  endfacet
  facet normal -7.071233e-01  7.070903e-01  0.000000e+00
    outer loop
      vertex  4.581147e+01  1.643550e+03 -7.265000e+01
      vertex  4.581147e+01  1.643550e+03 -7.300000e+01
      vertex  4.475000e+01  1.642489e+03 -7.300000e+01
    endloop
  endfacet
  facet normal -7.071233e-01  7.070903e-01  0.000000e+00
    outer loop
      vertex  4.581147e+01  1.643550e+03 -7.265000e+01
      vertex  4.475000e+01  1.642489e+03 -7.300000e+01
      vertex  4.475000e+01  1.642489e+03 -7.265000e+01
    endloop
  endfacet
  facet normal -2.588335e-01  9.659219e-01  0.000000e+00
    outer loop
      vertex  4.475000e+01  1.642489e+03 -7.265000e+01
      vertex  4.475000e+01  1.642489e+03 -7.300000e+01
      vertex  4.330000e+01  1.642100e+03 -7.300000e+01
    endloop
  endfacet
  facet normal -2.588335e-01  9.659219e-01  0.000000e+00
    outer loop
      vertex  4.475000e+01  1.642489e+03 -7.265000e+01
      vertex  4.330000e+01  1.642100e+03 -7.300000e+01
      vertex  4.330000e+01  1.642100e+03 -7.265000e+01
    endloop
  endfacet
  facet normal  0.000000e+00  1.000000e+00  0.000000e+00
    outer loop
      vertex  4.130000e+01  1.642100e+03 -7.265000e+01
      vertex  4.330000e+01  1.642100e+03 -7.265000e+01
      vertex  4.130000e+01  1.642100e+03 -7.300000e+01
    endloop
  endfacet
  facet normal  0.000000e+00  1.000000e+00  0.000000e+00
    outer loop
      vertex  4.130000e+01  1.642100e+03 -7.300000e+01
      vertex  4.330000e+01  1.642100e+03 -7.265000e+01
      vertex  4.330000e+01  1.642100e+03 -7.300000e+01
    endloop
  endfacet
  facet normal  2.588335e-01  9.659219e-01  0.000000e+00
    outer loop
      vertex  3.985000e+01  1.642489e+03 -7.300000e+01
      vertex  4.130000e+01  1.642100e+03 -7.265000e+01
      vertex  4.130000e+01  1.642100e+03 -7.300000e+01
    endloop
  endfacet
  facet normal  2.588335e-01  9.659219e-01  -0.000000e+00
    outer loop
      vertex  4.130000e+01  1.642100e+03 -7.265000e+01
      vertex  3.985000e+01  1.642489e+03 -7.300000e+01
      vertex  3.985000e+01  1.642489e+03 -7.265000e+01
    endloop
  endfacet
  facet normal  7.071233e-01  7.070903e-01  0.000000e+00
    outer loop
      vertex  3.985000e+01  1.642489e+03 -7.265000e+01
      vertex  3.985000e+01  1.642489e+03 -7.300000e+01
      vertex  3.878852e+01  1.643550e+03 -7.300000e+01
    endloop
  endfacet
  facet normal  7.071233e-01  7.070903e-01  -0.000000e+00
    outer loop
      vertex  3.985000e+01  1.642489e+03 -7.265000e+01
      vertex  3.878852e+01  1.643550e+03 -7.300000e+01
      vertex  3.878852e+01  1.643550e+03 -7.265000e+01
    endloop
  endfacet
  facet normal  9.659241e-01  2.588252e-01  0.000000e+00
    outer loop
      vertex  3.878852e+01  1.643550e+03 -7.265000e+01
      vertex  3.878852e+01  1.643550e+03 -7.300000e+01
      vertex  3.840000e+01  1.645000e+03 -7.300000e+01
    endloop
  endfacet
  facet normal  9.659241e-01  2.588252e-01  -0.000000e+00
    outer loop
      vertex  3.878852e+01  1.643550e+03 -7.265000e+01
      vertex  3.840000e+01  1.645000e+03 -7.300000e+01
      vertex  3.840000e+01  1.645000e+03 -7.265000e+01
    endloop
  endfacet
  facet normal  9.999999e-01  0.000000e+00  0.000000e+00
    outer loop
      vertex  3.840000e+01  1.645000e+03 -7.300000e+01
      vertex  3.840000e+01  1.650000e+03 -7.300000e+01
      vertex  3.840000e+01  1.645000e+03 -7.265000e+01
    endloop
  endfacet
  facet normal  9.999999e-01  -0.000000e+00  0.000000e+00
    outer loop
      vertex  3.840000e+01  1.645000e+03 -7.265000e+01
      vertex  3.840000e+01  1.650000e+03 -7.300000e+01
      vertex  3.840000e+01  1.650000e+03 -7.265000e+01
    endloop
  endfacet
  facet normal  9.659235e-01 -2.588275e-01  0.000000e+00
    outer loop
      vertex -3.801147e+01  1.651450e+03 -7.300000e+01
      vertex -3.840000e+01  1.650000e+03 -7.265000e+01
      vertex -3.840000e+01  1.650000e+03 -7.300000e+01
    endloop
  endfacet
  facet normal  9.659235e-01 -2.588275e-01  0.000000e+00
    outer loop
      vertex -3.840000e+01  1.650000e+03 -7.265000e+01
      vertex -3.801147e+01  1.651450e+03 -7.300000e+01
      vertex -3.801147e+01  1.651450e+03 -7.265000e+01
    endloop
  endfacet
  facet normal  7.071233e-01 -7.070903e-01  0.000000e+00
    outer loop
      vertex -3.801147e+01  1.651450e+03 -7.265000e+01
      vertex -3.801147e+01  1.651450e+03 -7.300000e+01
      vertex -3.695000e+01  1.652511e+03 -7.300000e+01
    endloop
  endfacet
  facet normal  7.071233e-01 -7.070903e-01  0.000000e+00
    outer loop
      vertex -3.801147e+01  1.651450e+03 -7.265000e+01
      vertex -3.695000e+01  1.652511e+03 -7.300000e+01
      vertex -3.695000e+01  1.652511e+03 -7.265000e+01
    endloop
  endfacet
  facet normal  2.588335e-01 -9.659219e-01  0.000000e+00
    outer loop
      vertex -3.695000e+01  1.652511e+03 -7.265000e+01
      vertex -3.695000e+01  1.652511e+03 -7.300000e+01
      vertex -3.550000e+01  1.652900e+03 -7.300000e+01
    endloop
  endfacet
  facet normal  2.588335e-01 -9.659219e-01  0.000000e+00
    outer loop
      vertex -3.695000e+01  1.652511e+03 -7.265000e+01
      vertex -3.550000e+01  1.652900e+03 -7.300000e+01
      vertex -3.550000e+01  1.652900e+03 -7.265000e+01
    endloop
  endfacet
  facet normal  0.000000e+00 -1.000000e+00  0.000000e+00
    outer loop
      vertex -3.550000e+01  1.652900e+03 -7.300000e+01
      vertex -3.350000e+01  1.652900e+03 -7.300000e+01
      vertex -3.550000e+01  1.652900e+03 -7.265000e+01
    endloop
  endfacet
  facet normal  0.000000e+00 -1.000000e+00  0.000000e+00
    outer loop
      vertex -3.550000e+01  1.652900e+03 -7.265000e+01
      vertex -3.350000e+01  1.652900e+03 -7.300000e+01
      vertex -3.350000e+01  1.652900e+03 -7.265000e+01
    endloop
  endfacet
  facet normal -2.588335e-01 -9.659219e-01  -0.000000e+00
    outer loop
      vertex -3.205000e+01  1.652511e+03 -7.300000e+01
      vertex -3.350000e+01  1.652900e+03 -7.265000e+01
      vertex -3.350000e+01  1.652900e+03 -7.300000e+01
    endloop
  endfacet
  facet normal -2.588335e-01 -9.659219e-01  0.000000e+00
    outer loop
      vertex -3.350000e+01  1.652900e+03 -7.265000e+01
      vertex -3.205000e+01  1.652511e+03 -7.300000e+01
      vertex -3.205000e+01  1.652511e+03 -7.265000e+01
    endloop
  endfacet
  facet normal -7.071233e-01 -7.070903e-01  -0.000000e+00
    outer loop
      vertex -3.205000e+01  1.652511e+03 -7.265000e+01
      vertex -3.205000e+01  1.652511e+03 -7.300000e+01
      vertex -3.098853e+01  1.651450e+03 -7.300000e+01
    endloop
  endfacet
  facet normal -7.071233e-01 -7.070903e-01  0.000000e+00
    outer loop
      vertex -3.205000e+01  1.652511e+03 -7.265000e+01
      vertex -3.098853e+01  1.651450e+03 -7.300000e+01
      vertex -3.098853e+01  1.651450e+03 -7.265000e+01
    endloop
  endfacet
  facet normal -9.659239e-01 -2.588263e-01  -0.000000e+00
    outer loop
      vertex -3.098853e+01  1.651450e+03 -7.265000e+01
      vertex -3.098853e+01  1.651450e+03 -7.300000e+01
      vertex -3.060000e+01  1.650000e+03 -7.300000e+01
    endloop
  endfacet
  facet normal -9.659239e-01 -2.588263e-01  0.000000e+00
    outer loop
      vertex -3.098853e+01  1.651450e+03 -7.265000e+01
      vertex -3.060000e+01  1.650000e+03 -7.300000e+01
      vertex -3.060000e+01  1.650000e+03 -7.265000e+01
    endloop
  endfacet
  facet normal -9.999999e-01  -0.000000e+00  0.000000e+00
    outer loop
      vertex -3.060000e+01  1.645000e+03 -7.265000e+01
      vertex -3.060000e+01  1.650000e+03 -7.265000e+01
      vertex -3.060000e+01  1.645000e+03 -7.300000e+01
    endloop
  endfacet
  facet normal -9.999999e-01  0.000000e+00  0.000000e+00
    outer loop
      vertex -3.060000e+01  1.645000e+03 -7.300000e+01
      vertex -3.060000e+01  1.650000e+03 -7.265000e+01
      vertex -3.060000e+01  1.650000e+03 -7.300000e+01
    endloop
  endfacet
  facet normal -9.659239e-01  2.588263e-01  0.000000e+00
    outer loop
      vertex -3.098853e+01  1.643550e+03 -7.300000e+01
      vertex -3.060000e+01  1.645000e+03 -7.265000e+01
      vertex -3.060000e+01  1.645000e+03 -7.300000e+01
    endloop
  endfacet
  facet normal -9.659239e-01  2.588263e-01  0.000000e+00
    outer loop
      vertex -3.060000e+01  1.645000e+03 -7.265000e+01
      vertex -3.098853e+01  1.643550e+03 -7.300000e+01
      vertex -3.098853e+01  1.643550e+03 -7.265000e+01
    endloop
  endfacet
  facet normal -7.071233e-01  7.070903e-01  0.000000e+00
    outer loop
      vertex -3.098853e+01  1.643550e+03 -7.265000e+01
      vertex -3.098853e+01  1.643550e+03 -7.300000e+01
      vertex -3.205000e+01  1.642489e+03 -7.300000e+01
    endloop
  endfacet
  facet normal -7.071233e-01  7.070903e-01  0.000000e+00
    outer loop
      vertex -3.098853e+01  1.643550e+03 -7.265000e+01
      vertex -3.205000e+01  1.642489e+03 -7.300000e+01
      vertex -3.205000e+01  1.642489e+03 -7.265000e+01
    endloop
  endfacet
  facet normal -2.588335e-01  9.659219e-01  0.000000e+00
    outer loop
      vertex -3.205000e+01  1.642489e+03 -7.265000e+01
      vertex -3.205000e+01  1.642489e+03 -7.300000e+01
      vertex -3.350000e+01  1.642100e+03 -7.300000e+01
    endloop
  endfacet
  facet normal -2.588335e-01  9.659219e-01  0.000000e+00
    outer loop
      vertex -3.205000e+01  1.642489e+03 -7.265000e+01
      vertex -3.350000e+01  1.642100e+03 -7.300000e+01
      vertex -3.350000e+01  1.642100e+03 -7.265000e+01
    endloop
  endfacet
  facet normal  0.000000e+00  1.000000e+00  0.000000e+00
    outer loop
      vertex -3.550000e+01  1.642100e+03 -7.265000e+01
      vertex -3.350000e+01  1.642100e+03 -7.265000e+01
      vertex -3.550000e+01  1.642100e+03 -7.300000e+01
    endloop
  endfacet
  facet normal  0.000000e+00  1.000000e+00  0.000000e+00
    outer loop
      vertex -3.550000e+01  1.642100e+03 -7.300000e+01
      vertex -3.350000e+01  1.642100e+03 -7.265000e+01
      vertex -3.350000e+01  1.642100e+03 -7.300000e+01
    endloop
  endfacet
  facet normal  2.588335e-01  9.659219e-01  0.000000e+00
    outer loop
      vertex -3.695000e+01  1.642489e+03 -7.300000e+01
      vertex -3.550000e+01  1.642100e+03 -7.265000e+01
      vertex -3.550000e+01  1.642100e+03 -7.300000e+01
    endloop
  endfacet
  facet normal  2.588335e-01  9.659219e-01  -0.000000e+00
    outer loop
      vertex -3.550000e+01  1.642100e+03 -7.265000e+01
      vertex -3.695000e+01  1.642489e+03 -7.300000e+01
      vertex -3.695000e+01  1.642489e+03 -7.265000e+01
    endloop
  endfacet
  facet normal  7.071233e-01  7.070903e-01  0.000000e+00
    outer loop
      vertex -3.695000e+01  1.642489e+03 -7.265000e+01
      vertex -3.695000e+01  1.642489e+03 -7.300000e+01
      vertex -3.801147e+01  1.643550e+03 -7.300000e+01
    endloop
  endfacet
  facet normal  7.071233e-01  7.070903e-01  -0.000000e+00
    outer loop
      vertex -3.695000e+01  1.642489e+03 -7.265000e+01
      vertex -3.801147e+01  1.643550e+03 -7.300000e+01
      vertex -3.801147e+01  1.643550e+03 -7.265000e+01
    endloop
  endfacet
  facet normal  9.659235e-01  2.588275e-01  0.000000e+00
    outer loop
      vertex -3.801147e+01  1.643550e+03 -7.265000e+01
      vertex -3.801147e+01  1.643550e+03 -7.300000e+01
      vertex -3.840000e+01  1.645000e+03 -7.300000e+01
    endloop
  endfacet
  facet normal  9.659235e-01  2.588275e-01  -0.000000e+00
    outer loop
      vertex -3.801147e+01  1.643550e+03 -7.265000e+01
      vertex -3.840000e+01  1.645000e+03 -7.300000e+01
      vertex -3.840000e+01  1.645000e+03 -7.265000e+01
    endloop
  endfacet
  facet normal  9.999999e-01  0.000000e+00  0.000000e+00
    outer loop
      vertex -3.840000e+01  1.645000e+03 -7.300000e+01
      vertex -3.840000e+01  1.650000e+03 -7.300000e+01
      vertex -3.840000e+01  1.645000e+03 -7.265000e+01
    endloop
  endfacet
  facet normal  9.999999e-01  -0.000000e+00  0.000000e+00
    outer loop
      vertex -3.840000e+01  1.645000e+03 -7.265000e+01
      vertex -3.840000e+01  1.650000e+03 -7.300000e+01
      vertex -3.840000e+01  1.650000e+03 -7.265000e+01
    endloop
  endfacet
  facet normal  -0.000000e+00 -2.588252e-01 -9.659241e-01
    outer loop
      vertex -7.300000e+01  1.651450e+03 -3.878852e+01
      vertex -7.265000e+01  1.650000e+03 -3.840000e+01
      vertex -7.300000e+01  1.650000e+03 -3.840000e+01
    endloop
  endfacet
  facet normal  0.000000e+00 -2.588252e-01 -9.659241e-01
    outer loop
      vertex -7.265000e+01  1.650000e+03 -3.840000e+01
      vertex -7.300000e+01  1.651450e+03 -3.878852e+01
      vertex -7.265000e+01  1.651450e+03 -3.878852e+01
    endloop
  endfacet
  facet normal  -0.000000e+00 -7.070903e-01 -7.071233e-01
    outer loop
      vertex -7.265000e+01  1.651450e+03 -3.878852e+01
      vertex -7.300000e+01  1.651450e+03 -3.878852e+01
      vertex -7.300000e+01  1.652511e+03 -3.985000e+01
    endloop
  endfacet
  facet normal  0.000000e+00 -7.070903e-01 -7.071233e-01
    outer loop
      vertex -7.265000e+01  1.651450e+03 -3.878852e+01
      vertex -7.300000e+01  1.652511e+03 -3.985000e+01
      vertex -7.265000e+01  1.652511e+03 -3.985000e+01
    endloop
  endfacet
  facet normal  -0.000000e+00 -9.659219e-01 -2.588335e-01
    outer loop
      vertex -7.265000e+01  1.652511e+03 -3.985000e+01
      vertex -7.300000e+01  1.652511e+03 -3.985000e+01
      vertex -7.300000e+01  1.652900e+03 -4.130000e+01
    endloop
  endfacet
  facet normal  0.000000e+00 -9.659219e-01 -2.588335e-01
    outer loop
      vertex -7.265000e+01  1.652511e+03 -3.985000e+01
      vertex -7.300000e+01  1.652900e+03 -4.130000e+01
      vertex -7.265000e+01  1.652900e+03 -4.130000e+01
    endloop
  endfacet
  facet normal  0.000000e+00 -1.000000e+00  0.000000e+00
    outer loop
      vertex -7.300000e+01  1.652900e+03 -4.330000e+01
      vertex -7.265000e+01  1.652900e+03 -4.330000e+01
      vertex -7.300000e+01  1.652900e+03 -4.130000e+01
    endloop
  endfacet
  facet normal  0.000000e+00 -1.000000e+00  0.000000e+00
    outer loop
      vertex -7.300000e+01  1.652900e+03 -4.130000e+01
      vertex -7.265000e+01  1.652900e+03 -4.330000e+01
      vertex -7.265000e+01  1.652900e+03 -4.130000e+01
    endloop
  endfacet
  facet normal  0.000000e+00 -9.659219e-01  2.588335e-01
    outer loop
      vertex -7.300000e+01  1.652511e+03 -4.475000e+01
      vertex -7.265000e+01  1.652900e+03 -4.330000e+01
      vertex -7.300000e+01  1.652900e+03 -4.330000e+01
    endloop
  endfacet
  facet normal  0.000000e+00 -9.659219e-01  2.588335e-01
    outer loop
      vertex -7.265000e+01  1.652900e+03 -4.330000e+01
      vertex -7.300000e+01  1.652511e+03 -4.475000e+01
      vertex -7.265000e+01  1.652511e+03 -4.475000e+01
    endloop
  endfacet
  facet normal  0.000000e+00 -7.070903e-01  7.071233e-01
    outer loop
      vertex -7.265000e+01  1.652511e+03 -4.475000e+01
      vertex -7.300000e+01  1.652511e+03 -4.475000e+01
      vertex -7.300000e+01  1.651450e+03 -4.581147e+01
    endloop
  endfacet
  facet normal  0.000000e+00 -7.070903e-01  7.071233e-01
    outer loop
      vertex -7.265000e+01  1.652511e+03 -4.475000e+01
      vertex -7.300000e+01  1.651450e+03 -4.581147e+01
      vertex -7.265000e+01  1.651450e+03 -4.581147e+01
    endloop
  endfacet
  facet normal  0.000000e+00 -2.588275e-01  9.659235e-01
    outer loop
      vertex -7.265000e+01  1.651450e+03 -4.581147e+01
      vertex -7.300000e+01  1.651450e+03 -4.581147e+01
      vertex -7.300000e+01  1.650000e+03 -4.620000e+01
    endloop
  endfacet
  facet normal  0.000000e+00 -2.588275e-01  9.659235e-01
    outer loop
      vertex -7.265000e+01  1.651450e+03 -4.581147e+01
      vertex -7.300000e+01  1.650000e+03 -4.620000e+01
      vertex -7.265000e+01  1.650000e+03 -4.620000e+01
    endloop
  endfacet
  facet normal  0.000000e+00  0.000000e+00  9.999999e-01
    outer loop
      vertex -7.265000e+01  1.645000e+03 -4.620000e+01
      vertex -7.265000e+01  1.650000e+03 -4.620000e+01
      vertex -7.300000e+01  1.645000e+03 -4.620000e+01
    endloop
  endfacet
  facet normal  0.000000e+00  0.000000e+00  9.999999e-01
    outer loop
      vertex -7.300000e+01  1.645000e+03 -4.620000e+01
      vertex -7.265000e+01  1.650000e+03 -4.620000e+01
      vertex -7.300000e+01  1.650000e+03 -4.620000e+01
    endloop
  endfacet
  facet normal  0.000000e+00  2.588275e-01  9.659235e-01
    outer loop
      vertex -7.300000e+01  1.643550e+03 -4.581147e+01
      vertex -7.265000e+01  1.645000e+03 -4.620000e+01
      vertex -7.300000e+01  1.645000e+03 -4.620000e+01
    endloop
  endfacet
  facet normal  -0.000000e+00  2.588275e-01  9.659235e-01
    outer loop
      vertex -7.265000e+01  1.645000e+03 -4.620000e+01
      vertex -7.300000e+01  1.643550e+03 -4.581147e+01
      vertex -7.265000e+01  1.643550e+03 -4.581147e+01
    endloop
  endfacet
  facet normal  0.000000e+00  7.070903e-01  7.071233e-01
    outer loop
      vertex -7.265000e+01  1.643550e+03 -4.581147e+01
      vertex -7.300000e+01  1.643550e+03 -4.581147e+01
      vertex -7.300000e+01  1.642489e+03 -4.475000e+01
    endloop
  endfacet
  facet normal  -0.000000e+00  7.070903e-01  7.071233e-01
    outer loop
      vertex -7.265000e+01  1.643550e+03 -4.581147e+01
      vertex -7.300000e+01  1.642489e+03 -4.475000e+01
      vertex -7.265000e+01  1.642489e+03 -4.475000e+01
    endloop
  endfacet
  facet normal  0.000000e+00  9.659219e-01  2.588335e-01
    outer loop
      vertex -7.265000e+01  1.642489e+03 -4.475000e+01
      vertex -7.300000e+01  1.642489e+03 -4.475000e+01
      vertex -7.300000e+01  1.642100e+03 -4.330000e+01
    endloop
  endfacet
  facet normal  -0.000000e+00  9.659219e-01  2.588335e-01
    outer loop
      vertex -7.265000e+01  1.642489e+03 -4.475000e+01
      vertex -7.300000e+01  1.642100e+03 -4.330000e+01
      vertex -7.265000e+01  1.642100e+03 -4.330000e+01
    endloop
  endfacet
  facet normal  0.000000e+00  1.000000e+00  0.000000e+00
    outer loop
      vertex -7.300000e+01  1.642100e+03 -4.130000e+01
      vertex -7.265000e+01  1.642100e+03 -4.130000e+01
      vertex -7.300000e+01  1.642100e+03 -4.330000e+01
    endloop
  endfacet
  facet normal  0.000000e+00  1.000000e+00  0.000000e+00
    outer loop
      vertex -7.300000e+01  1.642100e+03 -4.330000e+01
      vertex -7.265000e+01  1.642100e+03 -4.130000e+01
      vertex -7.265000e+01  1.642100e+03 -4.330000e+01
    endloop
  endfacet
  facet normal  0.000000e+00  9.659219e-01 -2.588335e-01
    outer loop
      vertex -7.300000e+01  1.642489e+03 -3.985000e+01
      vertex -7.265000e+01  1.642100e+03 -4.130000e+01
      vertex -7.300000e+01  1.642100e+03 -4.130000e+01
    endloop
  endfacet
  facet normal  0.000000e+00  9.659219e-01 -2.588335e-01
    outer loop
      vertex -7.265000e+01  1.642100e+03 -4.130000e+01
      vertex -7.300000e+01  1.642489e+03 -3.985000e+01
      vertex -7.265000e+01  1.642489e+03 -3.985000e+01
    endloop
  endfacet
  facet normal  0.000000e+00  7.070903e-01 -7.071233e-01
    outer loop
      vertex -7.265000e+01  1.642489e+03 -3.985000e+01
      vertex -7.300000e+01  1.642489e+03 -3.985000e+01
      vertex -7.300000e+01  1.643550e+03 -3.878852e+01
    endloop
  endfacet
  facet normal  0.000000e+00  7.070903e-01 -7.071233e-01
    outer loop
      vertex -7.265000e+01  1.642489e+03 -3.985000e+01
      vertex -7.300000e+01  1.643550e+03 -3.878852e+01
      vertex -7.265000e+01  1.643550e+03 -3.878852e+01
    endloop
  endfacet
  facet normal  0.000000e+00  2.588252e-01 -9.659241e-01
    outer loop
      vertex -7.265000e+01  1.643550e+03 -3.878852e+01
      vertex -7.300000e+01  1.643550e+03 -3.878852e+01
      vertex -7.300000e+01  1.645000e+03 -3.840000e+01
    endloop
  endfacet
  facet normal  0.000000e+00  2.588252e-01 -9.659241e-01
    outer loop
      vertex -7.265000e+01  1.643550e+03 -3.878852e+01
      vertex -7.300000e+01  1.645000e+03 -3.840000e+01
      vertex -7.265000e+01  1.645000e+03 -3.840000e+01
    endloop
  endfacet
  facet normal  0.000000e+00  0.000000e+00 -9.999999e-01
    outer loop
      vertex -7.300000e+01  1.645000e+03 -3.840000e+01
      vertex -7.300000e+01  1.650000e+03 -3.840000e+01
      vertex -7.265000e+01  1.645000e+03 -3.840000e+01
    endloop
  endfacet
  facet normal  0.000000e+00  0.000000e+00 -9.999999e-01
    outer loop
      vertex -7.265000e+01  1.645000e+03 -3.840000e+01
      vertex -7.300000e+01  1.650000e+03 -3.840000e+01
      vertex -7.265000e+01  1.650000e+03 -3.840000e+01
    endloop
  endfacet
  facet normal  -0.000000e+00 -2.588275e-01 -9.659235e-01
    outer loop
      vertex -7.300000e+01  1.651450e+03  3.801147e+01
      vertex -7.265000e+01  1.650000e+03  3.840000e+01
      vertex -7.300000e+01  1.650000e+03  3.840000e+01
    endloop
  endfacet
  facet normal  0.000000e+00 -2.588275e-01 -9.659235e-01
    outer loop
      vertex -7.265000e+01  1.650000e+03  3.840000e+01
      vertex -7.300000e+01  1.651450e+03  3.801147e+01
      vertex -7.265000e+01  1.651450e+03  3.801147e+01
    endloop
  endfacet
  facet normal  -0.000000e+00 -7.070903e-01 -7.071233e-01
    outer loop
      vertex -7.265000e+01  1.651450e+03  3.801147e+01
      vertex -7.300000e+01  1.651450e+03  3.801147e+01
      vertex -7.300000e+01  1.652511e+03  3.695000e+01
    endloop
  endfacet
  facet normal  0.000000e+00 -7.070903e-01 -7.071233e-01
    outer loop
      vertex -7.265000e+01  1.651450e+03  3.801147e+01
      vertex -7.300000e+01  1.652511e+03  3.695000e+01
      vertex -7.265000e+01  1.652511e+03  3.695000e+01
    endloop
  endfacet
  facet normal  -0.000000e+00 -9.659219e-01 -2.588335e-01
    outer loop
      vertex -7.265000e+01  1.652511e+03  3.695000e+01
      vertex -7.300000e+01  1.652511e+03  3.695000e+01
      vertex -7.300000e+01  1.652900e+03  3.550000e+01
    endloop
  endfacet
  facet normal  0.000000e+00 -9.659219e-01 -2.588335e-01
    outer loop
      vertex -7.265000e+01  1.652511e+03  3.695000e+01
      vertex -7.300000e+01  1.652900e+03  3.550000e+01
      vertex -7.265000e+01  1.652900e+03  3.550000e+01
    endloop
  endfacet
  facet normal  0.000000e+00 -1.000000e+00  0.000000e+00
    outer loop
      vertex -7.300000e+01  1.652900e+03  3.350000e+01
      vertex -7.265000e+01  1.652900e+03  3.350000e+01
      vertex -7.300000e+01  1.652900e+03  3.550000e+01
    endloop
  endfacet
  facet normal  0.000000e+00 -1.000000e+00  0.000000e+00
    outer loop
      vertex -7.300000e+01  1.652900e+03  3.550000e+01
      vertex -7.265000e+01  1.652900e+03  3.350000e+01
      vertex -7.265000e+01  1.652900e+03  3.550000e+01
    endloop
  endfacet
  facet normal  0.000000e+00 -9.659219e-01  2.588335e-01
    outer loop
      vertex -7.300000e+01  1.652511e+03  3.205000e+01
      vertex -7.265000e+01  1.652900e+03  3.350000e+01
      vertex -7.300000e+01  1.652900e+03  3.350000e+01
    endloop
  endfacet
  facet normal  0.000000e+00 -9.659219e-01  2.588335e-01
    outer loop
      vertex -7.265000e+01  1.652900e+03  3.350000e+01
      vertex -7.300000e+01  1.652511e+03  3.205000e+01
      vertex -7.265000e+01  1.652511e+03  3.205000e+01
    endloop
  endfacet
  facet normal  0.000000e+00 -7.070903e-01  7.071233e-01
    outer loop
      vertex -7.265000e+01  1.652511e+03  3.205000e+01
      vertex -7.300000e+01  1.652511e+03  3.205000e+01
      vertex -7.300000e+01  1.651450e+03  3.098853e+01
    endloop
  endfacet
  facet normal  0.000000e+00 -7.070903e-01  7.071233e-01
    outer loop
      vertex -7.265000e+01  1.652511e+03  3.205000e+01
      vertex -7.300000e+01  1.651450e+03  3.098853e+01
      vertex -7.265000e+01  1.651450e+03  3.098853e+01
    endloop
  endfacet
  facet normal  0.000000e+00 -2.588263e-01  9.659239e-01
    outer loop
      vertex -7.265000e+01  1.651450e+03  3.098853e+01
      vertex -7.300000e+01  1.651450e+03  3.098853e+01
      vertex -7.300000e+01  1.650000e+03  3.060000e+01
    endloop
  endfacet
  facet normal  0.000000e+00 -2.588263e-01  9.659239e-01
    outer loop
      vertex -7.265000e+01  1.651450e+03  3.098853e+01
      vertex -7.300000e+01  1.650000e+03  3.060000e+01
      vertex -7.265000e+01  1.650000e+03  3.060000e+01
    endloop
  endfacet
  facet normal  0.000000e+00  0.000000e+00  9.999999e-01
    outer loop
      vertex -7.265000e+01  1.645000e+03  3.060000e+01
      vertex -7.265000e+01  1.650000e+03  3.060000e+01
      vertex -7.300000e+01  1.645000e+03  3.060000e+01
    endloop
  endfacet
  facet normal  0.000000e+00  0.000000e+00  9.999999e-01
    outer loop
      vertex -7.300000e+01  1.645000e+03  3.060000e+01
      vertex -7.265000e+01  1.650000e+03  3.060000e+01
      vertex -7.300000e+01  1.650000e+03  3.060000e+01
    endloop
  endfacet
  facet normal  0.000000e+00  2.588263e-01  9.659239e-01
    outer loop
      vertex -7.300000e+01  1.643550e+03  3.098853e+01
      vertex -7.265000e+01  1.645000e+03  3.060000e+01
      vertex -7.300000e+01  1.645000e+03  3.060000e+01
    endloop
  endfacet
  facet normal  -0.000000e+00  2.588263e-01  9.659239e-01
    outer loop
      vertex -7.265000e+01  1.645000e+03  3.060000e+01
      vertex -7.300000e+01  1.643550e+03  3.098853e+01
      vertex -7.265000e+01  1.643550e+03  3.098853e+01
    endloop
  endfacet
  facet normal  0.000000e+00  7.070903e-01  7.071233e-01
    outer loop
      vertex -7.265000e+01  1.643550e+03  3.098853e+01
      vertex -7.300000e+01  1.643550e+03  3.098853e+01
      vertex -7.300000e+01  1.642489e+03  3.205000e+01
    endloop
  endfacet
  facet normal  -0.000000e+00  7.070903e-01  7.071233e-01
    outer loop
      vertex -7.265000e+01  1.643550e+03  3.098853e+01
      vertex -7.300000e+01  1.642489e+03  3.205000e+01
      vertex -7.265000e+01  1.642489e+03  3.205000e+01
    endloop
  endfacet
  facet normal  0.000000e+00  9.659219e-01  2.588335e-01
    outer loop
      vertex -7.265000e+01  1.642489e+03  3.205000e+01
      vertex -7.300000e+01  1.642489e+03  3.205000e+01
      vertex -7.300000e+01  1.642100e+03  3.350000e+01
    endloop
  endfacet
  facet normal  -0.000000e+00  9.659219e-01  2.588335e-01
    outer loop
      vertex -7.265000e+01  1.642489e+03  3.205000e+01
      vertex -7.300000e+01  1.642100e+03  3.350000e+01
      vertex -7.265000e+01  1.642100e+03  3.350000e+01
    endloop
  endfacet
  facet normal  0.000000e+00  1.000000e+00  0.000000e+00
    outer loop
      vertex -7.300000e+01  1.642100e+03  3.550000e+01
      vertex -7.265000e+01  1.642100e+03  3.550000e+01
      vertex -7.300000e+01  1.642100e+03  3.350000e+01
    endloop
  endfacet
  facet normal  0.000000e+00  1.000000e+00  0.000000e+00
    outer loop
      vertex -7.300000e+01  1.642100e+03  3.350000e+01
      vertex -7.265000e+01  1.642100e+03  3.550000e+01
      vertex -7.265000e+01  1.642100e+03  3.350000e+01
    endloop
  endfacet
  facet normal  0.000000e+00  9.659219e-01 -2.588335e-01
    outer loop
      vertex -7.300000e+01  1.642489e+03  3.695000e+01
      vertex -7.265000e+01  1.642100e+03  3.550000e+01
      vertex -7.300000e+01  1.642100e+03  3.550000e+01
    endloop
  endfacet
  facet normal  0.000000e+00  9.659219e-01 -2.588335e-01
    outer loop
      vertex -7.265000e+01  1.642100e+03  3.550000e+01
      vertex -7.300000e+01  1.642489e+03  3.695000e+01
      vertex -7.265000e+01  1.642489e+03  3.695000e+01
    endloop
  endfacet
  facet normal  0.000000e+00  7.070903e-01 -7.071233e-01
    outer loop
      vertex -7.265000e+01  1.642489e+03  3.695000e+01
      vertex -7.300000e+01  1.642489e+03  3.695000e+01
      vertex -7.300000e+01  1.643550e+03  3.801147e+01
    endloop
  endfacet
  facet normal  0.000000e+00  7.070903e-01 -7.071233e-01
    outer loop
      vertex -7.265000e+01  1.642489e+03  3.695000e+01
      vertex -7.300000e+01  1.643550e+03  3.801147e+01
      vertex -7.265000e+01  1.643550e+03  3.801147e+01
    endloop
  endfacet
  facet normal  0.000000e+00  2.588275e-01 -9.659235e-01
    outer loop
      vertex -7.265000e+01  1.643550e+03  3.801147e+01
      vertex -7.300000e+01  1.643550e+03  3.801147e+01
      vertex -7.300000e+01  1.645000e+03  3.840000e+01
    endloop
  endfacet
  facet normal  0.000000e+00  2.588275e-01 -9.659235e-01
    outer loop
      vertex -7.265000e+01  1.643550e+03  3.801147e+01
      vertex -7.300000e+01  1.645000e+03  3.840000e+01
      vertex -7.265000e+01  1.645000e+03  3.840000e+01
    endloop
  endfacet
  facet normal  0.000000e+00  0.000000e+00 -9.999999e-01
    outer loop
      vertex -7.300000e+01  1.645000e+03  3.840000e+01
      vertex -7.300000e+01  1.650000e+03  3.840000e+01
      vertex -7.265000e+01  1.645000e+03  3.840000e+01
    endloop
  endfacet
  facet normal  0.000000e+00  0.000000e+00 -9.999999e-01
    outer loop
      vertex -7.265000e+01  1.645000e+03  3.840000e+01
      vertex -7.300000e+01  1.650000e+03  3.840000e+01
      vertex -7.265000e+01  1.650000e+03  3.840000e+01
    endloop
  endfacet
  facet normal  1.951022e-01  0.000000e+00  9.807829e-01
    outer loop
      vertex -1.463580e+01  1.670600e+03  7.220000e+01
      vertex -1.501849e+01  1.670600e+03  7.227612e+01
      vertex -1.463580e+01  1.664600e+03  7.220000e+01
    endloop
  endfacet
  facet normal  1.951022e-01  0.000000e+00  9.807829e-01
    outer loop
      vertex -1.463580e+01  1.664600e+03  7.220000e+01
      vertex -1.501849e+01  1.670600e+03  7.227612e+01
      vertex -1.501849e+01  1.664600e+03  7.227612e+01
    endloop
  endfacet
  facet normal  5.555696e-01  0.000000e+00  8.314700e-01
    outer loop
      vertex -1.501849e+01  1.670600e+03  7.227612e+01
      vertex -1.534291e+01  1.670600e+03  7.249290e+01
      vertex -1.501849e+01  1.664600e+03  7.227612e+01
    endloop
  endfacet
  facet normal  5.555696e-01  0.000000e+00  8.314700e-01
    outer loop
      vertex -1.501849e+01  1.664600e+03  7.227612e+01
      vertex -1.534291e+01  1.670600e+03  7.249290e+01
      vertex -1.534291e+01  1.664600e+03  7.249290e+01
    endloop
  endfacet
  facet normal -5.555696e-01  0.000000e+00  8.314700e-01
    outer loop
      vertex  1.534291e+01  1.670600e+03  7.249290e+01
      vertex  1.501849e+01  1.670600e+03  7.227612e+01
      vertex  1.534291e+01  1.664600e+03  7.249290e+01
    endloop
  endfacet
  facet normal -5.555696e-01  0.000000e+00  8.314700e-01
    outer loop
      vertex  1.534291e+01  1.664600e+03  7.249290e+01
      vertex  1.501849e+01  1.670600e+03  7.227612e+01
      vertex  1.501849e+01  1.664600e+03  7.227612e+01
    endloop
  endfacet
  facet normal -1.951022e-01  0.000000e+00  9.807829e-01
    outer loop
      vertex  1.501849e+01  1.670600e+03  7.227612e+01
      vertex  1.463580e+01  1.670600e+03  7.220000e+01
      vertex  1.501849e+01  1.664600e+03  7.227612e+01
    endloop
  endfacet
  facet normal -1.951022e-01  0.000000e+00  9.807829e-01
    outer loop
      vertex  1.501849e+01  1.664600e+03  7.227612e+01
      vertex  1.463580e+01  1.670600e+03  7.220000e+01
      vertex  1.463580e+01  1.664600e+03  7.220000e+01
    endloop
  endfacet
  facet normal  9.807829e-01  0.000000e+00 -1.951022e-01
    outer loop
      vertex  7.220000e+01  1.670600e+03  1.463580e+01
      vertex  7.227612e+01  1.670600e+03  1.501849e+01
      vertex  7.220000e+01  1.664600e+03  1.463580e+01
    endloop
  endfacet
  facet normal  9.807829e-01  0.000000e+00 -1.951022e-01
    outer loop
      vertex  7.220000e+01  1.664600e+03  1.463580e+01
      vertex  7.227612e+01  1.670600e+03  1.501849e+01
      vertex  7.227612e+01  1.664600e+03  1.501849e+01
    endloop
  endfacet
  facet normal  8.314700e-01  0.000000e+00 -5.555696e-01
    outer loop
      vertex  7.227612e+01  1.670600e+03  1.501849e+01
      vertex  7.249290e+01  1.670600e+03  1.534291e+01
      vertex  7.227612e+01  1.664600e+03  1.501849e+01
    endloop
  endfacet
  facet normal  8.314700e-01  0.000000e+00 -5.555696e-01
    outer loop
      vertex  7.227612e+01  1.664600e+03  1.501849e+01
      vertex  7.249290e+01  1.670600e+03  1.534291e+01
      vertex  7.249290e+01  1.664600e+03  1.534291e+01
    endloop
  endfacet
  facet normal  8.314700e-01  0.000000e+00  5.555696e-01
    outer loop
      vertex  7.249290e+01  1.670600e+03 -1.534291e+01
      vertex  7.227612e+01  1.670600e+03 -1.501849e+01
      vertex  7.249290e+01  1.664600e+03 -1.534291e+01
    endloop
  endfacet
  facet normal  8.314700e-01  0.000000e+00  5.555696e-01
    outer loop
      vertex  7.249290e+01  1.664600e+03 -1.534291e+01
      vertex  7.227612e+01  1.670600e+03 -1.501849e+01
      vertex  7.227612e+01  1.664600e+03 -1.501849e+01
    endloop
  endfacet
  facet normal  9.807829e-01  0.000000e+00  1.951022e-01
    outer loop
      vertex  7.227612e+01  1.670600e+03 -1.501849e+01
      vertex  7.220000e+01  1.670600e+03 -1.463580e+01
      vertex  7.227612e+01  1.664600e+03 -1.501849e+01
    endloop
  endfacet
  facet normal  9.807829e-01  0.000000e+00  1.951022e-01
    outer loop
      vertex  7.227612e+01  1.664600e+03 -1.501849e+01
      vertex  7.220000e+01  1.670600e+03 -1.463580e+01
      vertex  7.220000e+01  1.664600e+03 -1.463580e+01
    endloop
  endfacet
  facet normal -1.951022e-01  0.000000e+00 -9.807829e-01
    outer loop
      vertex  1.463580e+01  1.670600e+03 -7.220000e+01
      vertex  1.501849e+01  1.670600e+03 -7.227612e+01
      vertex  1.463580e+01  1.664600e+03 -7.220000e+01
    endloop
  endfacet
  facet normal -1.951022e-01  0.000000e+00 -9.807829e-01
    outer loop
      vertex  1.463580e+01  1.664600e+03 -7.220000e+01
      vertex  1.501849e+01  1.670600e+03 -7.227612e+01
      vertex  1.501849e+01  1.664600e+03 -7.227612e+01
    endloop
  endfacet
  facet normal -5.555696e-01  0.000000e+00 -8.314700e-01
    outer loop
      vertex  1.501849e+01  1.670600e+03 -7.227612e+01
      vertex  1.534291e+01  1.670600e+03 -7.249290e+01
      vertex  1.501849e+01  1.664600e+03 -7.227612e+01
    endloop
  endfacet
  facet normal -5.555696e-01  0.000000e+00 -8.314700e-01
    outer loop
      vertex  1.501849e+01  1.664600e+03 -7.227612e+01
      vertex  1.534291e+01  1.670600e+03 -7.249290e+01
      vertex  1.534291e+01  1.664600e+03 -7.249290e+01
    endloop
  endfacet
  facet normal  5.555696e-01  0.000000e+00 -8.314700e-01
    outer loop
      vertex -1.534291e+01  1.670600e+03 -7.249290e+01
      vertex -1.501849e+01  1.670600e+03 -7.227612e+01
      vertex -1.534291e+01  1.664600e+03 -7.249290e+01
    endloop
  endfacet
  facet normal  5.555696e-01  0.000000e+00 -8.314700e-01
    outer loop
      vertex -1.534291e+01  1.664600e+03 -7.249290e+01
      vertex -1.501849e+01  1.670600e+03 -7.227612e+01
      vertex -1.501849e+01  1.664600e+03 -7.227612e+01
    endloop
  endfacet
  facet normal  1.951022e-01  0.000000e+00 -9.807829e-01
    outer loop
      vertex -1.501849e+01  1.670600e+03 -7.227612e+01
      vertex -1.463580e+01  1.670600e+03 -7.220000e+01
      vertex -1.501849e+01  1.664600e+03 -7.227612e+01
    endloop
  endfacet
  facet normal  1.951022e-01  0.000000e+00 -9.807829e-01
    outer loop
      vertex -1.501849e+01  1.664600e+03 -7.227612e+01
      vertex -1.463580e+01  1.670600e+03 -7.220000e+01
      vertex -1.463580e+01  1.664600e+03 -7.220000e+01
    endloop
  endfacet
  facet normal -9.807829e-01  0.000000e+00  1.951022e-01
    outer loop
      vertex -7.220000e+01  1.670600e+03 -1.463580e+01
      vertex -7.227612e+01  1.670600e+03 -1.501849e+01
      vertex -7.220000e+01  1.664600e+03 -1.463580e+01
    endloop
  endfacet
  facet normal -9.807829e-01  0.000000e+00  1.951022e-01
    outer loop
      vertex -7.220000e+01  1.664600e+03 -1.463580e+01
      vertex -7.227612e+01  1.670600e+03 -1.501849e+01
      vertex -7.227612e+01  1.664600e+03 -1.501849e+01
    endloop
  endfacet
  facet normal -8.314700e-01  0.000000e+00  5.555696e-01
    outer loop
      vertex -7.227612e+01  1.670600e+03 -1.501849e+01
      vertex -7.249290e+01  1.670600e+03 -1.534291e+01
      vertex -7.227612e+01  1.664600e+03 -1.501849e+01
    endloop
  endfacet
  facet normal -8.314700e-01  0.000000e+00  5.555696e-01
    outer loop
      vertex -7.227612e+01  1.664600e+03 -1.501849e+01
      vertex -7.249290e+01  1.670600e+03 -1.534291e+01
      vertex -7.249290e+01  1.664600e+03 -1.534291e+01
    endloop
  endfacet
  facet normal -8.314700e-01  0.000000e+00 -5.555696e-01
    outer loop
      vertex -7.249290e+01  1.670600e+03  1.534291e+01
      vertex -7.227612e+01  1.670600e+03  1.501849e+01
      vertex -7.249290e+01  1.664600e+03  1.534291e+01
    endloop
  endfacet
  facet normal -8.314700e-01  0.000000e+00 -5.555696e-01
    outer loop
      vertex -7.249290e+01  1.664600e+03  1.534291e+01
      vertex -7.227612e+01  1.670600e+03  1.501849e+01
      vertex -7.227612e+01  1.664600e+03  1.501849e+01
    endloop
  endfacet
  facet normal -9.807829e-01  0.000000e+00 -1.951022e-01
    outer loop
      vertex -7.227612e+01  1.670600e+03  1.501849e+01
      vertex -7.220000e+01  1.670600e+03  1.463580e+01
      vertex -7.227612e+01  1.664600e+03  1.501849e+01
    endloop
  endfacet
  facet normal -9.807829e-01  0.000000e+00 -1.951022e-01
    outer loop
      vertex -7.227612e+01  1.664600e+03  1.501849e+01
      vertex -7.220000e+01  1.670600e+03  1.463580e+01
      vertex -7.220000e+01  1.664600e+03  1.463580e+01
    endloop
  endfacet
  facet normal  8.314700e-01  -0.000000e+00  5.555696e-01
    outer loop
      vertex -6.429290e+01  1.670600e+03  1.539291e+01
      vertex -6.429290e+01  1.664600e+03  1.539291e+01
      vertex -6.407613e+01  1.670600e+03  1.506849e+01
    endloop
  endfacet
  facet normal  8.314700e-01  0.000000e+00  5.555696e-01
    outer loop
      vertex -6.407613e+01  1.670600e+03  1.506849e+01
      vertex -6.429290e+01  1.664600e+03  1.539291e+01
      vertex -6.407613e+01  1.664600e+03  1.506849e+01
    endloop
  endfacet
  facet normal  9.807830e-01  -0.000000e+00  1.951017e-01
    outer loop
      vertex -6.407613e+01  1.670600e+03  1.506849e+01
      vertex -6.407613e+01  1.664600e+03  1.506849e+01
      vertex -6.400000e+01  1.670600e+03  1.468580e+01
    endloop
  endfacet
  facet normal  9.807830e-01  0.000000e+00  1.951017e-01
    outer loop
      vertex -6.400000e+01  1.670600e+03  1.468580e+01
      vertex -6.407613e+01  1.664600e+03  1.506849e+01
      vertex -6.400000e+01  1.664600e+03  1.468580e+01
    endloop
  endfacet
  facet normal  9.807830e-01  0.000000e+00 -1.951017e-01
    outer loop
      vertex -6.400000e+01  1.670600e+03 -1.468580e+01
      vertex -6.400000e+01  1.664600e+03 -1.468580e+01
      vertex -6.407613e+01  1.670600e+03 -1.506849e+01
    endloop
  endfacet
  facet normal  9.807830e-01  0.000000e+00 -1.951017e-01
    outer loop
      vertex -6.407613e+01  1.670600e+03 -1.506849e+01
      vertex -6.400000e+01  1.664600e+03 -1.468580e+01
      vertex -6.407613e+01  1.664600e+03 -1.506849e+01
    endloop
  endfacet
  facet normal  8.314700e-01  0.000000e+00 -5.555696e-01
    outer loop
      vertex -6.407613e+01  1.670600e+03 -1.506849e+01
      vertex -6.407613e+01  1.664600e+03 -1.506849e+01
      vertex -6.429290e+01  1.670600e+03 -1.539291e+01
    endloop
  endfacet
  facet normal  8.314700e-01  0.000000e+00 -5.555696e-01
    outer loop
      vertex -6.429290e+01  1.670600e+03 -1.539291e+01
      vertex -6.407613e+01  1.664600e+03 -1.506849e+01
      vertex -6.429290e+01  1.664600e+03 -1.539291e+01
    endloop
  endfacet
  facet normal -5.555696e-01  0.000000e+00  8.314700e-01
    outer loop
      vertex -1.539291e+01  1.670600e+03 -6.429290e+01
      vertex -1.539291e+01  1.664600e+03 -6.429290e+01
      vertex -1.506849e+01  1.670600e+03 -6.407613e+01
    endloop
  endfacet
  facet normal -5.555696e-01  0.000000e+00  8.314700e-01
    outer loop
      vertex -1.506849e+01  1.670600e+03 -6.407613e+01
      vertex -1.539291e+01  1.664600e+03 -6.429290e+01
      vertex -1.506849e+01  1.664600e+03 -6.407613e+01
    endloop
  endfacet
  facet normal -1.951017e-01  0.000000e+00  9.807830e-01
    outer loop
      vertex -1.506849e+01  1.670600e+03 -6.407613e+01
      vertex -1.506849e+01  1.664600e+03 -6.407613e+01
      vertex -1.468580e+01  1.670600e+03 -6.400000e+01
    endloop
  endfacet
  facet normal -1.951017e-01  0.000000e+00  9.807830e-01
    outer loop
      vertex -1.468580e+01  1.670600e+03 -6.400000e+01
      vertex -1.506849e+01  1.664600e+03 -6.407613e+01
      vertex -1.468580e+01  1.664600e+03 -6.400000e+01
    endloop
  endfacet
  facet normal  1.951017e-01  -0.000000e+00  9.807830e-01
    outer loop
      vertex  1.468580e+01  1.670600e+03 -6.400000e+01
      vertex  1.468580e+01  1.664600e+03 -6.400000e+01
      vertex  1.506849e+01  1.670600e+03 -6.407613e+01
    endloop
  endfacet
  facet normal  1.951017e-01  0.000000e+00  9.807830e-01
    outer loop
      vertex  1.506849e+01  1.670600e+03 -6.407613e+01
      vertex  1.468580e+01  1.664600e+03 -6.400000e+01
      vertex  1.506849e+01  1.664600e+03 -6.407613e+01
    endloop
  endfacet
  facet normal  5.555696e-01  -0.000000e+00  8.314700e-01
    outer loop
      vertex  1.506849e+01  1.670600e+03 -6.407613e+01
      vertex  1.506849e+01  1.664600e+03 -6.407613e+01
      vertex  1.539291e+01  1.670600e+03 -6.429290e+01
    endloop
  endfacet
  facet normal  5.555696e-01  0.000000e+00  8.314700e-01
    outer loop
      vertex  1.539291e+01  1.670600e+03 -6.429290e+01
      vertex  1.506849e+01  1.664600e+03 -6.407613e+01
      vertex  1.539291e+01  1.664600e+03 -6.429290e+01
    endloop
  endfacet
  facet normal -8.314700e-01  0.000000e+00 -5.555696e-01
    outer loop
      vertex  6.429290e+01  1.670600e+03 -1.539291e+01
      vertex  6.429290e+01  1.664600e+03 -1.539291e+01
      vertex  6.407613e+01  1.670600e+03 -1.506849e+01
    endloop
  endfacet
  facet normal -8.314700e-01  -0.000000e+00 -5.555696e-01
    outer loop
      vertex  6.407613e+01  1.670600e+03 -1.506849e+01
      vertex  6.429290e+01  1.664600e+03 -1.539291e+01
      vertex  6.407613e+01  1.664600e+03 -1.506849e+01
    endloop
  endfacet
  facet normal -9.807830e-01  0.000000e+00 -1.951017e-01
    outer loop
      vertex  6.407613e+01  1.670600e+03 -1.506849e+01
      vertex  6.407613e+01  1.664600e+03 -1.506849e+01
      vertex  6.400000e+01  1.670600e+03 -1.468580e+01
    endloop
  endfacet
  facet normal -9.807830e-01  -0.000000e+00 -1.951017e-01
    outer loop
      vertex  6.400000e+01  1.670600e+03 -1.468580e+01
      vertex  6.407613e+01  1.664600e+03 -1.506849e+01
      vertex  6.400000e+01  1.664600e+03 -1.468580e+01
    endloop
  endfacet
  facet normal -9.807830e-01  0.000000e+00  1.951017e-01
    outer loop
      vertex  6.400000e+01  1.670600e+03  1.468580e+01
      vertex  6.400000e+01  1.664600e+03  1.468580e+01
      vertex  6.407613e+01  1.670600e+03  1.506849e+01
    endloop
  endfacet
  facet normal -9.807830e-01  0.000000e+00  1.951017e-01
    outer loop
      vertex  6.407613e+01  1.670600e+03  1.506849e+01
      vertex  6.400000e+01  1.664600e+03  1.468580e+01
      vertex  6.407613e+01  1.664600e+03  1.506849e+01
    endloop
  endfacet
  facet normal -8.314700e-01  0.000000e+00  5.555696e-01
    outer loop
      vertex  6.407613e+01  1.670600e+03  1.506849e+01
      vertex  6.407613e+01  1.664600e+03  1.506849e+01
      vertex  6.429290e+01  1.670600e+03  1.539291e+01
    endloop
  endfacet
  facet normal -8.314700e-01  0.000000e+00  5.555696e-01
    outer loop
      vertex  6.429290e+01  1.670600e+03  1.539291e+01
      vertex  6.407613e+01  1.664600e+03  1.506849e+01
      vertex  6.429290e+01  1.664600e+03  1.539291e+01
    endloop
  endfacet
  facet normal  5.555696e-01  0.000000e+00 -8.314700e-01
    outer loop
      vertex  1.539291e+01  1.670600e+03  6.429290e+01
      vertex  1.539291e+01  1.664600e+03  6.429290e+01
      vertex  1.506849e+01  1.670600e+03  6.407613e+01
    endloop
  endfacet
  facet normal  5.555696e-01  0.000000e+00 -8.314700e-01
    outer loop
      vertex  1.506849e+01  1.670600e+03  6.407613e+01
      vertex  1.539291e+01  1.664600e+03  6.429290e+01
      vertex  1.506849e+01  1.664600e+03  6.407613e+01
    endloop
  endfacet
  facet normal  1.951017e-01  0.000000e+00 -9.807830e-01
    outer loop
      vertex  1.506849e+01  1.670600e+03  6.407613e+01
      vertex  1.506849e+01  1.664600e+03  6.407613e+01
      vertex  1.468580e+01  1.670600e+03  6.400000e+01
    endloop
  endfacet
  facet normal  1.951017e-01  0.000000e+00 -9.807830e-01
    outer loop
      vertex  1.468580e+01  1.670600e+03  6.400000e+01
      vertex  1.506849e+01  1.664600e+03  6.407613e+01
      vertex  1.468580e+01  1.664600e+03  6.400000e+01
    endloop
  endfacet
  facet normal -1.951017e-01  0.000000e+00 -9.807830e-01
    outer loop
      vertex -1.468580e+01  1.670600e+03  6.400000e+01
      vertex -1.468580e+01  1.664600e+03  6.400000e+01
      vertex -1.506849e+01  1.670600e+03  6.407613e+01
    endloop
  endfacet
  facet normal -1.951017e-01  -0.000000e+00 -9.807830e-01
    outer loop
      vertex -1.506849e+01  1.670600e+03  6.407613e+01
      vertex -1.468580e+01  1.664600e+03  6.400000e+01
      vertex -1.506849e+01  1.664600e+03  6.407613e+01
    endloop
  endfacet
  facet normal -5.555696e-01  0.000000e+00 -8.314700e-01
    outer loop
      vertex -1.506849e+01  1.670600e+03  6.407613e+01
      vertex -1.506849e+01  1.664600e+03  6.407613e+01
      vertex -1.539291e+01  1.670600e+03  6.429290e+01
    endloop
  endfacet
  facet normal -5.555696e-01  -0.000000e+00 -8.314700e-01
    outer loop
      vertex -1.539291e+01  1.670600e+03  6.429290e+01
      vertex -1.506849e+01  1.664600e+03  6.407613e+01
      vertex -1.539291e+01  1.664600e+03  6.429290e+01
    endloop
  endfacet
  facet normal  0.000000e+00  1.000000e+00  -0.000000e+00
    outer loop
      vertex -4.978117e+01  1.667000e+03 -6.600000e+01
      vertex -4.984420e+01  1.667000e+03 -6.600000e+01
      vertex -5.119538e+01  1.667000e+03 -6.541422e+01
    endloop
  endfacet
  facet normal  0.000000e+00  1.000000e+00  0.000000e+00
    outer loop
      vertex -5.119538e+01  1.667000e+03 -6.541422e+01
      vertex -4.984420e+01  1.667000e+03 -6.600000e+01
      vertex -5.125842e+01  1.667000e+03 -6.541422e+01
    endloop
  endfacet
  facet normal  0.000000e+00  1.000000e+00  -0.000000e+00
    outer loop
      vertex -5.119538e+01  1.667000e+03 -6.541422e+01
      vertex -5.125842e+01  1.667000e+03 -6.541422e+01
      vertex -6.541422e+01  1.667000e+03 -5.119538e+01
    endloop
  endfacet
  facet normal  0.000000e+00  1.000000e+00  0.000000e+00
    outer loop
      vertex -6.541422e+01  1.667000e+03 -5.119538e+01
      vertex -5.125842e+01  1.667000e+03 -6.541422e+01
      vertex -6.541422e+01  1.667000e+03 -5.125842e+01
    endloop
  endfacet
  facet normal  0.000000e+00  1.000000e+00  -0.000000e+00
    outer loop
      vertex -6.541422e+01  1.667000e+03 -5.119538e+01
      vertex -6.541422e+01  1.667000e+03 -5.125842e+01
      vertex -6.600000e+01  1.667000e+03 -4.978117e+01
    endloop
  endfacet
  facet normal  0.000000e+00  1.000000e+00  0.000000e+00
    outer loop
      vertex -6.600000e+01  1.667000e+03 -4.978117e+01
      vertex -6.541422e+01  1.667000e+03 -5.125842e+01
      vertex -6.600000e+01  1.667000e+03 -4.984420e+01
    endloop
  endfacet
  facet normal  0.000000e+00  1.000000e+00  -0.000000e+00
    outer loop
      vertex  6.600000e+01  1.667000e+03 -4.978117e+01
      vertex  6.600000e+01  1.667000e+03 -4.984420e+01
      vertex  6.541422e+01  1.667000e+03 -5.119538e+01
    endloop
  endfacet
  facet normal  -0.000000e+00  1.000000e+00  0.000000e+00
    outer loop
      vertex  6.541422e+01  1.667000e+03 -5.119538e+01
      vertex  6.600000e+01  1.667000e+03 -4.984420e+01
      vertex  6.541422e+01  1.667000e+03 -5.125842e+01
    endloop
  endfacet
  facet normal  0.000000e+00  1.000000e+00  -0.000000e+00
    outer loop
      vertex  6.541422e+01  1.667000e+03 -5.119538e+01
      vertex  6.541422e+01  1.667000e+03 -5.125842e+01
      vertex  5.119538e+01  1.667000e+03 -6.541422e+01
    endloop
  endfacet
  facet normal  0.000000e+00  1.000000e+00  0.000000e+00
    outer loop
      vertex  5.119538e+01  1.667000e+03 -6.541422e+01
      vertex  6.541422e+01  1.667000e+03 -5.125842e+01
      vertex  5.125842e+01  1.667000e+03 -6.541422e+01
    endloop
  endfacet
  facet normal  0.000000e+00  1.000000e+00  0.000000e+00
    outer loop
      vertex  5.119538e+01  1.667000e+03 -6.541422e+01
      vertex  5.125842e+01  1.667000e+03 -6.541422e+01
      vertex  4.978117e+01  1.667000e+03 -6.600000e+01
    endloop
  endfacet
  facet normal  0.000000e+00  1.000000e+00  0.000000e+00
    outer loop
      vertex  4.978117e+01  1.667000e+03 -6.600000e+01
      vertex  5.125842e+01  1.667000e+03 -6.541422e+01
      vertex  4.984420e+01  1.667000e+03 -6.600000e+01
    endloop
  endfacet
  facet normal  0.000000e+00  1.000000e+00  -0.000000e+00
    outer loop
      vertex  6.600000e+01  1.667000e+03  4.984420e+01
      vertex  6.600000e+01  1.667000e+03  4.978117e+01
      vertex  6.541422e+01  1.667000e+03  5.125842e+01
    endloop
  endfacet
  facet normal  0.000000e+00  1.000000e+00  0.000000e+00
    outer loop
      vertex  6.541422e+01  1.667000e+03  5.125842e+01
      vertex  6.600000e+01  1.667000e+03  4.978117e+01
      vertex  6.541422e+01  1.667000e+03  5.119538e+01
    endloop
  endfacet
  facet normal  0.000000e+00  1.000000e+00  -0.000000e+00
    outer loop
      vertex  6.541422e+01  1.667000e+03  5.125842e+01
      vertex  6.541422e+01  1.667000e+03  5.119538e+01
      vertex  5.125842e+01  1.667000e+03  6.541422e+01
    endloop
  endfacet
  facet normal  0.000000e+00  1.000000e+00  0.000000e+00
    outer loop
      vertex  5.125842e+01  1.667000e+03  6.541422e+01
      vertex  6.541422e+01  1.667000e+03  5.119538e+01
      vertex  5.119538e+01  1.667000e+03  6.541422e+01
    endloop
  endfacet
  facet normal  0.000000e+00  1.000000e+00  -0.000000e+00
    outer loop
      vertex  5.125842e+01  1.667000e+03  6.541422e+01
      vertex  5.119538e+01  1.667000e+03  6.541422e+01
      vertex  4.984420e+01  1.667000e+03  6.600000e+01
    endloop
  endfacet
  facet normal  0.000000e+00  1.000000e+00  0.000000e+00
    outer loop
      vertex  4.984420e+01  1.667000e+03  6.600000e+01
      vertex  5.119538e+01  1.667000e+03  6.541422e+01
      vertex  4.978117e+01  1.667000e+03  6.600000e+01
    endloop
  endfacet
  facet normal  0.000000e+00 -1.000000e+00  0.000000e+00
    outer loop
      vertex  6.185000e+01  1.664600e+03  6.462500e+01
      vertex  6.348111e+01  1.664600e+03  5.960498e+01
      vertex  6.348111e+01  1.664600e+03  6.409502e+01
    endloop
  endfacet
  facet normal  0.000000e+00 -1.000000e+00  0.000000e+00
    outer loop
      vertex  6.348111e+01  1.664600e+03  6.409502e+01
      vertex  6.348111e+01  1.664600e+03  5.960498e+01
      vertex  6.448918e+01  1.664600e+03  6.099248e+01
    endloop
  endfacet
  facet normal  0.000000e+00 -1.000000e+00  0.000000e+00
    outer loop
      vertex  6.348111e+01  1.664600e+03  6.409502e+01
      vertex  6.448918e+01  1.664600e+03  6.099248e+01
      vertex  6.448918e+01  1.664600e+03  6.270752e+01
    endloop
  endfacet
  facet normal  0.000000e+00 -1.000000e+00  0.000000e+00
    outer loop
      vertex  6.348111e+01  1.664600e+03  5.960498e+01
      vertex  6.185000e+01  1.664600e+03  6.462500e+01
      vertex  6.185000e+01  1.664600e+03  5.907500e+01
    endloop
  endfacet
  facet normal  0.000000e+00 -1.000000e+00  0.000000e+00
    outer loop
      vertex  6.185000e+01  1.664600e+03  5.907500e+01
      vertex  6.185000e+01  1.664600e+03  6.462500e+01
      vertex  6.021889e+01  1.664600e+03  6.409502e+01
    endloop
  endfacet
  facet normal  0.000000e+00 -9.999999e-01  0.000000e+00
    outer loop
      vertex  6.185000e+01  1.664600e+03  5.907500e+01
      vertex  6.021889e+01  1.664600e+03  6.409502e+01
      vertex  6.021889e+01  1.664600e+03  5.960498e+01
    endloop
  endfacet
  facet normal  0.000000e+00 -1.000000e+00  0.000000e+00
    outer loop
      vertex  6.021889e+01  1.664600e+03  5.960498e+01
      vertex  6.021889e+01  1.664600e+03  6.409502e+01
      vertex  5.921082e+01  1.664600e+03  6.270752e+01
    endloop
  endfacet
  facet normal  0.000000e+00 -1.000000e+00  0.000000e+00
    outer loop
      vertex  6.021889e+01  1.664600e+03  5.960498e+01
      vertex  5.921082e+01  1.664600e+03  6.270752e+01
      vertex  5.921082e+01  1.664600e+03  6.099248e+01
    endloop
  endfacet
  facet normal  0.000000e+00 -9.999999e-01  0.000000e+00
    outer loop
      vertex -6.185000e+01  1.664600e+03 -5.907500e+01
      vertex -6.021889e+01  1.664600e+03 -6.409502e+01
      vertex -6.021889e+01  1.664600e+03 -5.960498e+01
    endloop
  endfacet
  facet normal  0.000000e+00 -1.000000e+00  0.000000e+00
    outer loop
      vertex -6.021889e+01  1.664600e+03 -5.960498e+01
      vertex -6.021889e+01  1.664600e+03 -6.409502e+01
      vertex -5.921082e+01  1.664600e+03 -6.270752e+01
    endloop
  endfacet
  facet normal  0.000000e+00 -1.000000e+00  0.000000e+00
    outer loop
      vertex -6.021889e+01  1.664600e+03 -5.960498e+01
      vertex -5.921082e+01  1.664600e+03 -6.270752e+01
      vertex -5.921082e+01  1.664600e+03 -6.099248e+01
    endloop
  endfacet
  facet normal  0.000000e+00 -1.000000e+00  0.000000e+00
    outer loop
      vertex -6.021889e+01  1.664600e+03 -6.409502e+01
      vertex -6.185000e+01  1.664600e+03 -5.907500e+01
      vertex -6.185000e+01  1.664600e+03 -6.462500e+01
    endloop
  endfacet
  facet normal  0.000000e+00 -1.000000e+00  0.000000e+00
    outer loop
      vertex -6.185000e+01  1.664600e+03 -6.462500e+01
      vertex -6.185000e+01  1.664600e+03 -5.907500e+01
      vertex -6.348111e+01  1.664600e+03 -5.960498e+01
    endloop
  endfacet
  facet normal  0.000000e+00 -1.000000e+00  0.000000e+00
    outer loop
      vertex -6.185000e+01  1.664600e+03 -6.462500e+01
      vertex -6.348111e+01  1.664600e+03 -5.960498e+01
      vertex -6.348111e+01  1.664600e+03 -6.409502e+01
    endloop
  endfacet
  facet normal  0.000000e+00 -1.000000e+00  0.000000e+00
    outer loop
      vertex -6.348111e+01  1.664600e+03 -6.409502e+01
      vertex -6.348111e+01  1.664600e+03 -5.960498e+01
      vertex -6.448918e+01  1.664600e+03 -6.099248e+01
    endloop
  endfacet
  facet normal  0.000000e+00 -1.000000e+00  0.000000e+00
    outer loop
      vertex -6.348111e+01  1.664600e+03 -6.409502e+01
      vertex -6.448918e+01  1.664600e+03 -6.099248e+01
      vertex -6.448918e+01  1.664600e+03 -6.270752e+01
    endloop
  endfacet
  facet normal  0.000000e+00 -9.999999e-01  0.000000e+00
    outer loop
      vertex -6.185000e+01  1.664600e+03  6.462500e+01
      vertex -6.021889e+01  1.664600e+03  5.960498e+01
      vertex -6.021889e+01  1.664600e+03  6.409502e+01
    endloop
  endfacet
  facet normal  0.000000e+00 -1.000000e+00  0.000000e+00
    outer loop
      vertex -6.021889e+01  1.664600e+03  6.409502e+01
      vertex -6.021889e+01  1.664600e+03  5.960498e+01
      vertex -5.921082e+01  1.664600e+03  6.099248e+01
    endloop
  endfacet
  facet normal  0.000000e+00 -1.000000e+00  0.000000e+00
    outer loop
      vertex -6.021889e+01  1.664600e+03  6.409502e+01
      vertex -5.921082e+01  1.664600e+03  6.099248e+01
      vertex -5.921082e+01  1.664600e+03  6.270752e+01
    endloop
  endfacet
  facet normal  0.000000e+00 -1.000000e+00  0.000000e+00
    outer loop
      vertex -6.021889e+01  1.664600e+03  5.960498e+01
      vertex -6.185000e+01  1.664600e+03  6.462500e+01
      vertex -6.185000e+01  1.664600e+03  5.907500e+01
    endloop
  endfacet
  facet normal  0.000000e+00 -1.000000e+00  0.000000e+00
    outer loop
      vertex -6.185000e+01  1.664600e+03  5.907500e+01
      vertex -6.185000e+01  1.664600e+03  6.462500e+01
      vertex -6.348111e+01  1.664600e+03  6.409502e+01
    endloop
  endfacet
  facet normal  0.000000e+00 -1.000000e+00  0.000000e+00
    outer loop
      vertex -6.185000e+01  1.664600e+03  5.907500e+01
      vertex -6.348111e+01  1.664600e+03  6.409502e+01
      vertex -6.348111e+01  1.664600e+03  5.960498e+01
    endloop
  endfacet
  facet normal  0.000000e+00 -1.000000e+00  0.000000e+00
    outer loop
      vertex -6.348111e+01  1.664600e+03  5.960498e+01
      vertex -6.348111e+01  1.664600e+03  6.409502e+01
      vertex -6.448918e+01  1.664600e+03  6.270752e+01
    endloop
  endfacet
  facet normal  0.000000e+00 -1.000000e+00  0.000000e+00
    outer loop
      vertex -6.348111e+01  1.664600e+03  5.960498e+01
      vertex -6.448918e+01  1.664600e+03  6.270752e+01
      vertex -6.448918e+01  1.664600e+03  6.099248e+01
    endloop
  endfacet
  facet normal  0.000000e+00  0.000000e+00  1.000000e+00
    outer loop
      vertex -6.450000e+01  1.637000e+03 -2.500000e+01
      vertex -6.450000e+01  1.642000e+03 -2.500000e+01
      vertex -6.600000e+01  1.637000e+03 -2.500000e+01
    endloop
  endfacet
  facet normal  0.000000e+00  0.000000e+00  1.000000e+00
    outer loop
      vertex -6.600000e+01  1.637000e+03 -2.500000e+01
      vertex -6.450000e+01  1.642000e+03 -2.500000e+01
      vertex -6.600000e+01  1.642000e+03 -2.500000e+01
    endloop
  endfacet
  facet normal  0.000000e+00  1.000000e+00  0.000000e+00
    outer loop
      vertex -6.600000e+01  1.642000e+03 -2.500000e+01
      vertex -6.450000e+01  1.642000e+03 -2.500000e+01
      vertex -6.600000e+01  1.642000e+03 -3.000000e+01
    endloop
  endfacet
  facet normal  0.000000e+00  1.000000e+00  0.000000e+00
    outer loop
      vertex -6.600000e+01  1.642000e+03 -3.000000e+01
      vertex -6.450000e+01  1.642000e+03 -2.500000e+01
      vertex -6.450000e+01  1.642000e+03 -3.000000e+01
    endloop
  endfacet
  facet normal  0.000000e+00  0.000000e+00 -1.000000e+00
    outer loop
      vertex -6.600000e+01  1.637000e+03 -3.000000e+01
      vertex -6.600000e+01  1.642000e+03 -3.000000e+01
      vertex -6.450000e+01  1.637000e+03 -3.000000e+01
    endloop
  endfacet
  facet normal  0.000000e+00  0.000000e+00 -1.000000e+00
    outer loop
      vertex -6.450000e+01  1.637000e+03 -3.000000e+01
      vertex -6.600000e+01  1.642000e+03 -3.000000e+01
      vertex -6.450000e+01  1.642000e+03 -3.000000e+01
    endloop
  endfacet
  facet normal  0.000000e+00 -1.000000e+00  0.000000e+00
    outer loop
      vertex -6.600000e+01  1.637000e+03 -3.000000e+01
      vertex -6.450000e+01  1.637000e+03 -3.000000e+01
      vertex -6.600000e+01  1.637000e+03 -2.500000e+01
    endloop
  endfacet
  facet normal  0.000000e+00 -1.000000e+00  0.000000e+00
    outer loop
      vertex -6.600000e+01  1.637000e+03 -2.500000e+01
      vertex -6.450000e+01  1.637000e+03 -3.000000e+01
      vertex -6.450000e+01  1.637000e+03 -2.500000e+01
    endloop
  endfacet
  facet normal  0.000000e+00  0.000000e+00 -1.000000e+00
    outer loop
      vertex  4.620000e+01  1.650000e+03 -7.265000e+01
      vertex  3.878852e+01  1.651450e+03 -7.265000e+01
      vertex  4.581147e+01  1.651450e+03 -7.265000e+01
    endloop
  endfacet
  facet normal  0.000000e+00  0.000000e+00 -1.000000e+00
    outer loop
      vertex  4.581147e+01  1.651450e+03 -7.265000e+01
      vertex  3.878852e+01  1.651450e+03 -7.265000e+01
      vertex  3.985000e+01  1.652511e+03 -7.265000e+01
    endloop
  endfacet
  facet normal  0.000000e+00  0.000000e+00 -1.000000e+00
    outer loop
      vertex  4.581147e+01  1.651450e+03 -7.265000e+01
      vertex  3.985000e+01  1.652511e+03 -7.265000e+01
      vertex  4.475000e+01  1.652511e+03 -7.265000e+01
    endloop
  endfacet
  facet normal  0.000000e+00  0.000000e+00 -1.000000e+00
    outer loop
      vertex  4.475000e+01  1.652511e+03 -7.265000e+01
      vertex  3.985000e+01  1.652511e+03 -7.265000e+01
      vertex  4.130000e+01  1.652900e+03 -7.265000e+01
    endloop
  endfacet
  facet normal  0.000000e+00  0.000000e+00 -9.999999e-01
    outer loop
      vertex  4.475000e+01  1.652511e+03 -7.265000e+01
      vertex  4.130000e+01  1.652900e+03 -7.265000e+01
      vertex  4.330000e+01  1.652900e+03 -7.265000e+01
    endloop
  endfacet
  facet normal  0.000000e+00  0.000000e+00 -1.000000e+00
    outer loop
      vertex  3.878852e+01  1.651450e+03 -7.265000e+01
      vertex  4.620000e+01  1.650000e+03 -7.265000e+01
      vertex  3.840000e+01  1.650000e+03 -7.265000e+01
    endloop
  endfacet
  facet normal  0.000000e+00  0.000000e+00 -1.000000e+00
    outer loop
      vertex  3.840000e+01  1.650000e+03 -7.265000e+01
      vertex  4.620000e+01  1.650000e+03 -7.265000e+01
      vertex  4.620000e+01  1.645000e+03 -7.265000e+01
    endloop
  endfacet
  facet normal  0.000000e+00  0.000000e+00 -1.000000e+00
    outer loop
      vertex  3.840000e+01  1.650000e+03 -7.265000e+01
      vertex  4.620000e+01  1.645000e+03 -7.265000e+01
      vertex  3.840000e+01  1.645000e+03 -7.265000e+01
    endloop
  endfacet
  facet normal  0.000000e+00  0.000000e+00 -1.000000e+00
    outer loop
      vertex  3.840000e+01  1.645000e+03 -7.265000e+01
      vertex  4.620000e+01  1.645000e+03 -7.265000e+01
      vertex  4.581147e+01  1.643550e+03 -7.265000e+01
    endloop
  endfacet
  facet normal  0.000000e+00  0.000000e+00 -1.000000e+00
    outer loop
      vertex  3.840000e+01  1.645000e+03 -7.265000e+01
      vertex  4.581147e+01  1.643550e+03 -7.265000e+01
      vertex  3.878852e+01  1.643550e+03 -7.265000e+01
    endloop
  endfacet
  facet normal  0.000000e+00  0.000000e+00 -1.000000e+00
    outer loop
      vertex  3.878852e+01  1.643550e+03 -7.265000e+01
      vertex  4.581147e+01  1.643550e+03 -7.265000e+01
      vertex  4.475000e+01  1.642489e+03 -7.265000e+01
    endloop
  endfacet
  facet normal  0.000000e+00  0.000000e+00 -1.000000e+00
    outer loop
      vertex  3.878852e+01  1.643550e+03 -7.265000e+01
      vertex  4.475000e+01  1.642489e+03 -7.265000e+01
      vertex  3.985000e+01  1.642489e+03 -7.265000e+01
    endloop
  endfacet
  facet normal  0.000000e+00  0.000000e+00 -1.000000e+00
    outer loop
      vertex  3.985000e+01  1.642489e+03 -7.265000e+01
      vertex  4.475000e+01  1.642489e+03 -7.265000e+01
      vertex  4.330000e+01  1.642100e+03 -7.265000e+01
    endloop
  endfacet
  facet normal  0.000000e+00  0.000000e+00 -9.999999e-01
    outer loop
      vertex  3.985000e+01  1.642489e+03 -7.265000e+01
      vertex  4.330000e+01  1.642100e+03 -7.265000e+01
      vertex  4.130000e+01  1.642100e+03 -7.265000e+01
    endloop
  endfacet
  facet normal  0.000000e+00  0.000000e+00 -1.000000e+00
    outer loop
      vertex -3.060000e+01  1.650000e+03 -7.265000e+01
      vertex -3.801147e+01  1.651450e+03 -7.265000e+01
      vertex -3.098853e+01  1.651450e+03 -7.265000e+01
    endloop
  endfacet
  facet normal  0.000000e+00  0.000000e+00 -1.000000e+00
    outer loop
      vertex -3.098853e+01  1.651450e+03 -7.265000e+01
      vertex -3.801147e+01  1.651450e+03 -7.265000e+01
      vertex -3.695000e+01  1.652511e+03 -7.265000e+01
    endloop
  endfacet
  facet normal  0.000000e+00  0.000000e+00 -1.000000e+00
    outer loop
      vertex -3.098853e+01  1.651450e+03 -7.265000e+01
      vertex -3.695000e+01  1.652511e+03 -7.265000e+01
      vertex -3.205000e+01  1.652511e+03 -7.265000e+01
    endloop
  endfacet
  facet normal  0.000000e+00  0.000000e+00 -1.000000e+00
    outer loop
      vertex -3.205000e+01  1.652511e+03 -7.265000e+01
      vertex -3.695000e+01  1.652511e+03 -7.265000e+01
      vertex -3.550000e+01  1.652900e+03 -7.265000e+01
    endloop
  endfacet
  facet normal  0.000000e+00  0.000000e+00 -9.999999e-01
    outer loop
      vertex -3.205000e+01  1.652511e+03 -7.265000e+01
      vertex -3.550000e+01  1.652900e+03 -7.265000e+01
      vertex -3.350000e+01  1.652900e+03 -7.265000e+01
    endloop
  endfacet
  facet normal  0.000000e+00  0.000000e+00 -1.000000e+00
    outer loop
      vertex -3.801147e+01  1.651450e+03 -7.265000e+01
      vertex -3.060000e+01  1.650000e+03 -7.265000e+01
      vertex -3.840000e+01  1.650000e+03 -7.265000e+01
    endloop
  endfacet
  facet normal  0.000000e+00  0.000000e+00 -1.000000e+00
    outer loop
      vertex -3.840000e+01  1.650000e+03 -7.265000e+01
      vertex -3.060000e+01  1.650000e+03 -7.265000e+01
      vertex -3.060000e+01  1.645000e+03 -7.265000e+01
    endloop
  endfacet
  facet normal  0.000000e+00  0.000000e+00 -1.000000e+00
    outer loop
      vertex -3.840000e+01  1.650000e+03 -7.265000e+01
      vertex -3.060000e+01  1.645000e+03 -7.265000e+01
      vertex -3.840000e+01  1.645000e+03 -7.265000e+01
    endloop
  endfacet
  facet normal  0.000000e+00  0.000000e+00 -1.000000e+00
    outer loop
      vertex -3.840000e+01  1.645000e+03 -7.265000e+01
      vertex -3.060000e+01  1.645000e+03 -7.265000e+01
      vertex -3.098853e+01  1.643550e+03 -7.265000e+01
    endloop
  endfacet
  facet normal  0.000000e+00  0.000000e+00 -1.000000e+00
    outer loop
      vertex -3.840000e+01  1.645000e+03 -7.265000e+01
      vertex -3.098853e+01  1.643550e+03 -7.265000e+01
      vertex -3.801147e+01  1.643550e+03 -7.265000e+01
    endloop
  endfacet
  facet normal  0.000000e+00  0.000000e+00 -1.000000e+00
    outer loop
      vertex -3.801147e+01  1.643550e+03 -7.265000e+01
      vertex -3.098853e+01  1.643550e+03 -7.265000e+01
      vertex -3.205000e+01  1.642489e+03 -7.265000e+01
    endloop
  endfacet
  facet normal  0.000000e+00  0.000000e+00 -1.000000e+00
    outer loop
      vertex -3.801147e+01  1.643550e+03 -7.265000e+01
      vertex -3.205000e+01  1.642489e+03 -7.265000e+01
      vertex -3.695000e+01  1.642489e+03 -7.265000e+01
    endloop
  endfacet
  facet normal  0.000000e+00  0.000000e+00 -1.000000e+00
    outer loop
      vertex -3.695000e+01  1.642489e+03 -7.265000e+01
      vertex -3.205000e+01  1.642489e+03 -7.265000e+01
      vertex -3.350000e+01  1.642100e+03 -7.265000e+01
    endloop
  endfacet
  facet normal  0.000000e+00  0.000000e+00 -9.999999e-01
    outer loop
      vertex -3.695000e+01  1.642489e+03 -7.265000e+01
      vertex -3.350000e+01  1.642100e+03 -7.265000e+01
      vertex -3.550000e+01  1.642100e+03 -7.265000e+01
    endloop
  endfacet
  facet normal -1.000000e+00  0.000000e+00  -0.000000e+00
    outer loop
      vertex -7.265000e+01  1.650000e+03 -4.620000e+01
      vertex -7.265000e+01  1.651450e+03 -3.878852e+01
      vertex -7.265000e+01  1.651450e+03 -4.581147e+01
    endloop
  endfacet
  facet normal -1.000000e+00  0.000000e+00  0.000000e+00
    outer loop
      vertex -7.265000e+01  1.651450e+03 -4.581147e+01
      vertex -7.265000e+01  1.651450e+03 -3.878852e+01
      vertex -7.265000e+01  1.652511e+03 -3.985000e+01
    endloop
  endfacet
  facet normal -1.000000e+00  0.000000e+00  -0.000000e+00
    outer loop
      vertex -7.265000e+01  1.651450e+03 -4.581147e+01
      vertex -7.265000e+01  1.652511e+03 -3.985000e+01
      vertex -7.265000e+01  1.652511e+03 -4.475000e+01
    endloop
  endfacet
  facet normal -1.000000e+00  0.000000e+00  0.000000e+00
    outer loop
      vertex -7.265000e+01  1.652511e+03 -4.475000e+01
      vertex -7.265000e+01  1.652511e+03 -3.985000e+01
      vertex -7.265000e+01  1.652900e+03 -4.130000e+01
    endloop
  endfacet
  facet normal -9.999999e-01  0.000000e+00  -0.000000e+00
    outer loop
      vertex -7.265000e+01  1.652511e+03 -4.475000e+01
      vertex -7.265000e+01  1.652900e+03 -4.130000e+01
      vertex -7.265000e+01  1.652900e+03 -4.330000e+01
    endloop
  endfacet
  facet normal -1.000000e+00  0.000000e+00  0.000000e+00
    outer loop
      vertex -7.265000e+01  1.651450e+03 -3.878852e+01
      vertex -7.265000e+01  1.650000e+03 -4.620000e+01
      vertex -7.265000e+01  1.650000e+03 -3.840000e+01
    endloop
  endfacet
  facet normal -1.000000e+00  0.000000e+00  -0.000000e+00
    outer loop
      vertex -7.265000e+01  1.650000e+03 -3.840000e+01
      vertex -7.265000e+01  1.650000e+03 -4.620000e+01
      vertex -7.265000e+01  1.645000e+03 -4.620000e+01
    endloop
  endfacet
  facet normal -1.000000e+00  0.000000e+00  0.000000e+00
    outer loop
      vertex -7.265000e+01  1.650000e+03 -3.840000e+01
      vertex -7.265000e+01  1.645000e+03 -4.620000e+01
      vertex -7.265000e+01  1.645000e+03 -3.840000e+01
    endloop
  endfacet
  facet normal -1.000000e+00  0.000000e+00  -0.000000e+00
    outer loop
      vertex -7.265000e+01  1.645000e+03 -3.840000e+01
      vertex -7.265000e+01  1.645000e+03 -4.620000e+01
      vertex -7.265000e+01  1.643550e+03 -4.581147e+01
    endloop
  endfacet
  facet normal -1.000000e+00  0.000000e+00  0.000000e+00
    outer loop
      vertex -7.265000e+01  1.645000e+03 -3.840000e+01
      vertex -7.265000e+01  1.643550e+03 -4.581147e+01
      vertex -7.265000e+01  1.643550e+03 -3.878852e+01
    endloop
  endfacet
  facet normal -1.000000e+00  0.000000e+00  -0.000000e+00
    outer loop
      vertex -7.265000e+01  1.643550e+03 -3.878852e+01
      vertex -7.265000e+01  1.643550e+03 -4.581147e+01
      vertex -7.265000e+01  1.642489e+03 -4.475000e+01
    endloop
  endfacet
  facet normal -1.000000e+00  0.000000e+00  0.000000e+00
    outer loop
      vertex -7.265000e+01  1.643550e+03 -3.878852e+01
      vertex -7.265000e+01  1.642489e+03 -4.475000e+01
      vertex -7.265000e+01  1.642489e+03 -3.985000e+01
    endloop
  endfacet
  facet normal -1.000000e+00  0.000000e+00  -0.000000e+00
    outer loop
      vertex -7.265000e+01  1.642489e+03 -3.985000e+01
      vertex -7.265000e+01  1.642489e+03 -4.475000e+01
      vertex -7.265000e+01  1.642100e+03 -4.330000e+01
    endloop
  endfacet
  facet normal -9.999999e-01  0.000000e+00  0.000000e+00
    outer loop
      vertex -7.265000e+01  1.642489e+03 -3.985000e+01
      vertex -7.265000e+01  1.642100e+03 -4.330000e+01
      vertex -7.265000e+01  1.642100e+03 -4.130000e+01
    endloop
  endfacet
  facet normal -1.000000e+00  0.000000e+00  -0.000000e+00
    outer loop
      vertex -7.265000e+01  1.650000e+03  3.060000e+01
      vertex -7.265000e+01  1.651450e+03  3.801147e+01
      vertex -7.265000e+01  1.651450e+03  3.098853e+01
    endloop
  endfacet
  facet normal -1.000000e+00  0.000000e+00  0.000000e+00
    outer loop
      vertex -7.265000e+01  1.651450e+03  3.098853e+01
      vertex -7.265000e+01  1.651450e+03  3.801147e+01
      vertex -7.265000e+01  1.652511e+03  3.695000e+01
    endloop
  endfacet
  facet normal -1.000000e+00  0.000000e+00  -0.000000e+00
    outer loop
      vertex -7.265000e+01  1.651450e+03  3.098853e+01
      vertex -7.265000e+01  1.652511e+03  3.695000e+01
      vertex -7.265000e+01  1.652511e+03  3.205000e+01
    endloop
  endfacet
  facet normal -1.000000e+00  0.000000e+00  0.000000e+00
    outer loop
      vertex -7.265000e+01  1.652511e+03  3.205000e+01
      vertex -7.265000e+01  1.652511e+03  3.695000e+01
      vertex -7.265000e+01  1.652900e+03  3.550000e+01
    endloop
  endfacet
  facet normal -9.999999e-01  0.000000e+00  -0.000000e+00
    outer loop
      vertex -7.265000e+01  1.652511e+03  3.205000e+01
      vertex -7.265000e+01  1.652900e+03  3.550000e+01
      vertex -7.265000e+01  1.652900e+03  3.350000e+01
    endloop
  endfacet
  facet normal -1.000000e+00  0.000000e+00  0.000000e+00
    outer loop
      vertex -7.265000e+01  1.651450e+03  3.801147e+01
      vertex -7.265000e+01  1.650000e+03  3.060000e+01
      vertex -7.265000e+01  1.650000e+03  3.840000e+01
    endloop
  endfacet
  facet normal -1.000000e+00  0.000000e+00  -0.000000e+00
    outer loop
      vertex -7.265000e+01  1.650000e+03  3.840000e+01
      vertex -7.265000e+01  1.650000e+03  3.060000e+01
      vertex -7.265000e+01  1.645000e+03  3.060000e+01
    endloop
  endfacet
  facet normal -1.000000e+00  0.000000e+00  0.000000e+00
    outer loop
      vertex -7.265000e+01  1.650000e+03  3.840000e+01
      vertex -7.265000e+01  1.645000e+03  3.060000e+01
      vertex -7.265000e+01  1.645000e+03  3.840000e+01
    endloop
  endfacet
  facet normal -1.000000e+00  0.000000e+00  -0.000000e+00
    outer loop
      vertex -7.265000e+01  1.645000e+03  3.840000e+01
      vertex -7.265000e+01  1.645000e+03  3.060000e+01
      vertex -7.265000e+01  1.643550e+03  3.098853e+01
    endloop
  endfacet
  facet normal -1.000000e+00  0.000000e+00  0.000000e+00
    outer loop
      vertex -7.265000e+01  1.645000e+03  3.840000e+01
      vertex -7.265000e+01  1.643550e+03  3.098853e+01
      vertex -7.265000e+01  1.643550e+03  3.801147e+01
    endloop
  endfacet
  facet normal -1.000000e+00  0.000000e+00  -0.000000e+00
    outer loop
      vertex -7.265000e+01  1.643550e+03  3.801147e+01
      vertex -7.265000e+01  1.643550e+03  3.098853e+01
      vertex -7.265000e+01  1.642489e+03  3.205000e+01
    endloop
  endfacet
  facet normal -1.000000e+00  0.000000e+00  0.000000e+00
    outer loop
      vertex -7.265000e+01  1.643550e+03  3.801147e+01
      vertex -7.265000e+01  1.642489e+03  3.205000e+01
      vertex -7.265000e+01  1.642489e+03  3.695000e+01
    endloop
  endfacet
  facet normal -1.000000e+00  0.000000e+00  -0.000000e+00
    outer loop
      vertex -7.265000e+01  1.642489e+03  3.695000e+01
      vertex -7.265000e+01  1.642489e+03  3.205000e+01
      vertex -7.265000e+01  1.642100e+03  3.350000e+01
    endloop
  endfacet
  facet normal -9.999999e-01  0.000000e+00  0.000000e+00
    outer loop
      vertex -7.265000e+01  1.642489e+03  3.695000e+01
      vertex -7.265000e+01  1.642100e+03  3.350000e+01
      vertex -7.265000e+01  1.642100e+03  3.550000e+01
    endloop
  endfacet
  facet normal  0.000000e+00 -1.000000e+00  0.000000e+00
    outer loop
      vertex  1.537871e+01  1.447000e+03  6.279290e+01
      vertex  1.750000e+01  1.447000e+03  6.450000e+01
      vertex  1.673693e+01  1.447000e+03  6.415114e+01
    endloop
  endfacet
  facet normal  0.000000e+00 -1.000000e+00  -0.000000e+00
    outer loop
      vertex  1.750000e+01  1.447000e+03  6.450000e+01
      vertex  1.685832e+01  1.447000e+03  6.426698e+01
      vertex  1.673693e+01  1.447000e+03  6.415114e+01
    endloop
  endfacet
  facet normal  0.000000e+00 -1.000000e+00  0.000000e+00
    outer loop
      vertex  5.512500e+01  1.447000e+03 -5.050000e+01
      vertex  5.450537e+01  1.447000e+03 -5.281250e+01
      vertex  6.420711e+01  1.447000e+03 -4.960559e+01
    endloop
  endfacet
  facet normal  0.000000e+00 -1.000000e+00  0.000000e+00
    outer loop
      vertex  5.450537e+01  1.447000e+03 -5.281250e+01
      vertex  4.960559e+01  1.447000e+03 -6.420711e+01
      vertex  6.420711e+01  1.447000e+03 -4.960559e+01
    endloop
  endfacet
  facet normal  0.000000e+00 -1.000000e+00  0.000000e+00
    outer loop
      vertex  1.537871e+01  1.447000e+03 -6.279290e+01
      vertex  1.671670e+01  1.447000e+03 -6.413091e+01
      vertex  1.750000e+01  1.447000e+03 -6.450000e+01
    endloop
  endfacet
  facet normal  0.000000e+00 -1.000000e+00  0.000000e+00
    outer loop
      vertex  1.671670e+01  1.447000e+03 -6.413091e+01
      vertex  1.683758e+01  1.447000e+03 -6.424913e+01
      vertex  1.750000e+01  1.447000e+03 -6.450000e+01
    endloop
  endfacet
  facet normal  0.000000e+00 -9.999999e-01  0.000000e+00
    outer loop
      vertex -6.257612e+01  1.447000e+03  1.505429e+01
      vertex -5.750000e+01  1.447000e+03  3.985089e+01
      vertex -6.279290e+01  1.447000e+03  1.537871e+01
    endloop
  endfacet
  facet normal  0.000000e+00 -1.000000e+00  0.000000e+00
    outer loop
      vertex -5.750000e+01  1.447000e+03  3.985089e+01
      vertex -6.420710e+01  1.447000e+03  1.679289e+01
      vertex -6.279290e+01  1.447000e+03  1.537871e+01
    endloop
  endfacet
  facet normal  0.000000e+00 -1.000000e+00  0.000000e+00
    outer loop
      vertex -6.450000e+01  1.447000e+03  1.750000e+01
      vertex -6.442387e+01  1.447000e+03  1.711731e+01
      vertex -6.450000e+01  1.447000e+03  4.889849e+01
    endloop
  endfacet
  facet normal  0.000000e+00 -1.000000e+00  0.000000e+00
    outer loop
      vertex -4.960559e+01  1.447000e+03  6.420711e+01
      vertex -5.281250e+01  1.447000e+03  5.450537e+01
      vertex -5.050000e+01  1.447000e+03  5.512500e+01
    endloop
  endfacet
  facet normal  0.000000e+00 -1.000000e+00  0.000000e+00
    outer loop
      vertex -4.587500e+01  1.447000e+03  5.050000e+01
      vertex -4.649463e+01  1.447000e+03  4.818750e+01
      vertex -4.523465e+01  1.447000e+03  4.424078e+01
    endloop
  endfacet
  facet normal  0.000000e+00 -1.000000e+00  0.000000e+00
    outer loop
      vertex -4.587500e+01  1.447000e+03  5.050000e+01
      vertex -4.523465e+01  1.447000e+03  4.424078e+01
      vertex -4.278709e+01  1.447000e+03  4.733673e+01
    endloop
  endfacet
  facet normal  0.000000e+00 -1.000000e+00  0.000000e+00
    outer loop
      vertex -4.587500e+01  1.447000e+03  5.050000e+01
      vertex -4.278709e+01  1.447000e+03  4.733673e+01
      vertex -4.158980e+01  1.447000e+03  5.109732e+01
    endloop
  endfacet
  facet normal  -0.000000e+00 -1.000000e+00  0.000000e+00
    outer loop
      vertex -4.587500e+01  1.447000e+03  5.050000e+01
      vertex -4.158980e+01  1.447000e+03  5.109732e+01
      vertex -4.179691e+01  1.447000e+03  5.503846e+01
    endloop
  endfacet
  facet normal  0.000000e+00 -1.000000e+00  0.000000e+00
    outer loop
      vertex -4.587500e+01  1.447000e+03 -5.050000e+01
      vertex -4.179691e+01  1.447000e+03 -5.503846e+01
      vertex -4.158980e+01  1.447000e+03 -5.109732e+01
    endloop
  endfacet
  facet normal  0.000000e+00 -1.000000e+00  0.000000e+00
    outer loop
      vertex -4.587500e+01  1.447000e+03 -5.050000e+01
      vertex -4.158980e+01  1.447000e+03 -5.109732e+01
      vertex -4.278709e+01  1.447000e+03 -4.733673e+01
    endloop
  endfacet
  facet normal  -0.000000e+00 -1.000000e+00  0.000000e+00
    outer loop
      vertex -4.587500e+01  1.447000e+03 -5.050000e+01
      vertex -4.278709e+01  1.447000e+03 -4.733673e+01
      vertex -4.523465e+01  1.447000e+03 -4.424078e+01
    endloop
  endfacet
  facet normal  0.000000e+00 -1.000000e+00  0.000000e+00
    outer loop
      vertex -4.587500e+01  1.447000e+03 -5.050000e+01
      vertex -4.523465e+01  1.447000e+03 -4.424078e+01
      vertex -4.649463e+01  1.447000e+03 -4.818750e+01
    endloop
  endfacet
  facet normal  -0.000000e+00 -1.000000e+00  0.000000e+00
    outer loop
      vertex -5.512500e+01  1.447000e+03 -5.050000e+01
      vertex -5.450537e+01  1.447000e+03 -4.818750e+01
      vertex -5.503846e+01  1.447000e+03 -4.179691e+01
    endloop
  endfacet
  facet normal  0.000000e+00 -1.000000e+00  0.000000e+00
    outer loop
      vertex -5.512500e+01  1.447000e+03 -5.050000e+01
      vertex -5.503846e+01  1.447000e+03 -4.179691e+01
      vertex -5.550000e+01  1.447000e+03 -4.185089e+01
    endloop
  endfacet
  facet normal  -0.000000e+00 -9.999999e-01  -0.000000e+00
    outer loop
      vertex -5.512500e+01  1.447000e+03 -5.050000e+01
      vertex -5.550000e+01  1.447000e+03 -4.185089e+01
      vertex -5.691422e+01  1.447000e+03 -4.126510e+01
    endloop
  endfacet
  facet normal  0.000000e+00 -1.000000e+00  -0.000000e+00
    outer loop
      vertex -5.512500e+01  1.447000e+03 -5.050000e+01
      vertex -5.691422e+01  1.447000e+03 -4.126510e+01
      vertex -6.420711e+01  1.447000e+03 -4.960559e+01
    endloop
  endfacet
  facet normal  0.000000e+00 -1.000000e+00  0.000000e+00
    outer loop
      vertex -5.512500e+01  1.447000e+03 -5.050000e+01
      vertex -6.420711e+01  1.447000e+03 -4.960559e+01
      vertex -5.450537e+01  1.447000e+03 -5.281250e+01
    endloop
  endfacet
  facet normal  0.000000e+00 -1.000000e+00  0.000000e+00
    outer loop
      vertex  5.512500e+01  1.447000e+03  5.050000e+01
      vertex  5.450537e+01  1.447000e+03  4.818750e+01
      vertex  5.503846e+01  1.447000e+03  4.179691e+01
    endloop
  endfacet
  facet normal  0.000000e+00 -1.000000e+00  0.000000e+00
    outer loop
      vertex  5.512500e+01  1.447000e+03  5.050000e+01
      vertex  5.503846e+01  1.447000e+03  4.179691e+01
      vertex  5.550000e+01  1.447000e+03  4.185089e+01
    endloop
  endfacet
  facet normal  0.000000e+00 -9.999999e-01  0.000000e+00
    outer loop
      vertex  5.512500e+01  1.447000e+03  5.050000e+01
      vertex  5.550000e+01  1.447000e+03  4.185089e+01
      vertex  5.691422e+01  1.447000e+03  4.126510e+01
    endloop
  endfacet
  facet normal  0.000000e+00 -1.000000e+00  0.000000e+00
    outer loop
      vertex  5.512500e+01  1.447000e+03  5.050000e+01
      vertex  5.691422e+01  1.447000e+03  4.126510e+01
      vertex  5.750000e+01  1.447000e+03  3.985089e+01
    endloop
  endfacet
  facet normal  0.000000e+00 -1.000000e+00  0.000000e+00
    outer loop
      vertex  5.512500e+01  1.447000e+03  5.050000e+01
      vertex  5.750000e+01  1.447000e+03  3.985089e+01
      vertex  6.425401e+01  1.447000e+03  1.684315e+01
    endloop
  endfacet
  facet normal  0.000000e+00 -1.000000e+00  0.000000e+00
    outer loop
      vertex  5.512500e+01  1.447000e+03  5.050000e+01
      vertex  6.425401e+01  1.447000e+03  1.684315e+01
      vertex  6.420711e+01  1.447000e+03  4.960559e+01
    endloop
  endfacet
  facet normal  0.000000e+00 -1.000000e+00  0.000000e+00
    outer loop
      vertex  5.512500e+01  1.447000e+03  5.050000e+01
      vertex  6.420711e+01  1.447000e+03  4.960559e+01
      vertex  5.450537e+01  1.447000e+03  5.281250e+01
    endloop
  endfacet
  facet normal  0.000000e+00 -9.999999e-01  0.000000e+00
    outer loop
      vertex  5.512500e+01  1.447000e+03 -5.050000e+01
      vertex  5.691422e+01  1.447000e+03 -4.126510e+01
      vertex  5.550000e+01  1.447000e+03 -4.185089e+01
    endloop
  endfacet
  facet normal  -0.000000e+00 -1.000000e+00  0.000000e+00
    outer loop
      vertex  5.512500e+01  1.447000e+03 -5.050000e+01
      vertex  5.550000e+01  1.447000e+03 -4.185089e+01
      vertex  5.503846e+01  1.447000e+03 -4.179691e+01
    endloop
  endfacet
  facet normal  0.000000e+00 -1.000000e+00  -0.000000e+00
    outer loop
      vertex  5.512500e+01  1.447000e+03 -5.050000e+01
      vertex  5.503846e+01  1.447000e+03 -4.179691e+01
      vertex  5.450537e+01  1.447000e+03 -4.818750e+01
    endloop
  endfacet
  facet normal  0.000000e+00 -1.000000e+00  0.000000e+00
    outer loop
      vertex -6.250000e+01  1.447000e+03  1.467160e+01
      vertex -6.250000e+01  1.447000e+03 -1.467160e+01
      vertex -5.750000e+01  1.447000e+03 -3.985089e+01
    endloop
  endfacet
  facet normal  0.000000e+00 -1.000000e+00  0.000000e+00
    outer loop
      vertex -6.250000e+01  1.447000e+03  1.467160e+01
      vertex -5.750000e+01  1.447000e+03 -3.985089e+01
      vertex -5.750000e+01  1.447000e+03  3.985089e+01
    endloop
  endfacet
  facet normal  0.000000e+00 -1.000000e+00  0.000000e+00
    outer loop
      vertex -6.250000e+01  1.447000e+03  1.467160e+01
      vertex -5.750000e+01  1.447000e+03  3.985089e+01
      vertex -6.257612e+01  1.447000e+03  1.505429e+01
    endloop
  endfacet
  facet normal  -0.000000e+00 -9.999999e-01  0.000000e+00
    outer loop
      vertex -6.420711e+01  1.447000e+03 -4.960559e+01
      vertex -5.691422e+01  1.447000e+03 -4.126510e+01
      vertex -5.750000e+01  1.447000e+03 -3.985089e+01
    endloop
  endfacet
  facet normal  -0.000000e+00 -1.000000e+00  0.000000e+00
    outer loop
      vertex -6.420711e+01  1.447000e+03 -4.960559e+01
      vertex -5.750000e+01  1.447000e+03 -3.985089e+01
      vertex -6.413405e+01  1.447000e+03 -1.671984e+01
    endloop
  endfacet
  facet normal  0.000000e+00 -1.000000e+00  0.000000e+00
    outer loop
      vertex -6.420711e+01  1.447000e+03 -4.960559e+01
      vertex -6.413405e+01  1.447000e+03 -1.671984e+01
      vertex -6.423334e+01  1.447000e+03 -1.682014e+01
    endloop
  endfacet
  facet normal  0.000000e+00 -1.000000e+00  -0.000000e+00
    outer loop
      vertex -6.420711e+01  1.447000e+03 -4.960559e+01
      vertex -6.423334e+01  1.447000e+03 -1.682014e+01
      vertex -6.450000e+01  1.447000e+03 -1.750000e+01
    endloop
  endfacet
  facet normal  0.000000e+00 -1.000000e+00  0.000000e+00
    outer loop
      vertex -6.420711e+01  1.447000e+03 -4.960559e+01
      vertex -6.450000e+01  1.447000e+03 -1.750000e+01
      vertex -6.450000e+01  1.447000e+03 -4.889849e+01
    endloop
  endfacet
  facet normal  0.000000e+00 -1.000000e+00  0.000000e+00
    outer loop
      vertex  4.960559e+01  1.447000e+03 -6.420711e+01
      vertex  5.450537e+01  1.447000e+03 -5.281250e+01
      vertex  5.281250e+01  1.447000e+03 -5.450537e+01
    endloop
  endfacet
  facet normal  0.000000e+00 -1.000000e+00  0.000000e+00
    outer loop
      vertex  4.960559e+01  1.447000e+03 -6.420711e+01
      vertex  5.281250e+01  1.447000e+03 -5.450537e+01
      vertex  5.050000e+01  1.447000e+03 -5.512500e+01
    endloop
  endfacet
  facet normal  -0.000000e+00 -1.000000e+00  0.000000e+00
    outer loop
      vertex  4.960559e+01  1.447000e+03 -6.420711e+01
      vertex  5.050000e+01  1.447000e+03 -5.512500e+01
      vertex  4.818750e+01  1.447000e+03 -5.450537e+01
    endloop
  endfacet
  facet normal  0.000000e+00 -1.000000e+00  0.000000e+00
    outer loop
      vertex  4.960559e+01  1.447000e+03 -6.420711e+01
      vertex  4.818750e+01  1.447000e+03 -5.450537e+01
      vertex  4.889849e+01  1.447000e+03 -6.450000e+01
    endloop
  endfacet
  facet normal  0.000000e+00 -1.000000e+00  -0.000000e+00
    outer loop
      vertex  4.960559e+01  1.447000e+03  6.420711e+01
      vertex  4.889849e+01  1.447000e+03  6.450000e+01
      vertex  4.818750e+01  1.447000e+03  5.450537e+01
    endloop
  endfacet
  facet normal  0.000000e+00 -1.000000e+00  0.000000e+00
    outer loop
      vertex  4.960559e+01  1.447000e+03  6.420711e+01
      vertex  4.818750e+01  1.447000e+03  5.450537e+01
      vertex  5.050000e+01  1.447000e+03  5.512500e+01
    endloop
  endfacet
  facet normal  0.000000e+00 -1.000000e+00  0.000000e+00
    outer loop
      vertex  4.960559e+01  1.447000e+03  6.420711e+01
      vertex  5.050000e+01  1.447000e+03  5.512500e+01
      vertex  5.281250e+01  1.447000e+03  5.450537e+01
    endloop
  endfacet
  facet normal  0.000000e+00 -1.000000e+00  0.000000e+00
    outer loop
      vertex  4.960559e+01  1.447000e+03  6.420711e+01
      vertex  5.281250e+01  1.447000e+03  5.450537e+01
      vertex  5.450537e+01  1.447000e+03  5.281250e+01
    endloop
  endfacet
  facet normal  0.000000e+00 -1.000000e+00  0.000000e+00
    outer loop
      vertex  4.960559e+01  1.447000e+03  6.420711e+01
      vertex  5.450537e+01  1.447000e+03  5.281250e+01
      vertex  6.420711e+01  1.447000e+03  4.960559e+01
    endloop
  endfacet
  facet normal  0.000000e+00 -1.000000e+00  0.000000e+00
    outer loop
      vertex  4.889849e+01  1.447000e+03  6.450000e+01
      vertex  1.750000e+01  1.447000e+03  6.450000e+01
      vertex  3.985089e+01  1.447000e+03  5.750000e+01
    endloop
  endfacet
  facet normal  0.000000e+00 -1.000000e+00  0.000000e+00
    outer loop
      vertex  4.889849e+01  1.447000e+03  6.450000e+01
      vertex  3.985089e+01  1.447000e+03  5.750000e+01
      vertex  4.098219e+01  1.447000e+03  5.714929e+01
    endloop
  endfacet
  facet normal  0.000000e+00 -1.000000e+00  0.000000e+00
    outer loop
      vertex  4.889849e+01  1.447000e+03  6.450000e+01
      vertex  4.098219e+01  1.447000e+03  5.714929e+01
      vertex  4.818750e+01  1.447000e+03  5.450537e+01
    endloop
  endfacet
  facet normal  0.000000e+00 -1.000000e+00  0.000000e+00
    outer loop
      vertex -6.420711e+01  1.447000e+03  4.960559e+01
      vertex -6.450000e+01  1.447000e+03  4.889849e+01
      vertex -6.442387e+01  1.447000e+03  1.711731e+01
    endloop
  endfacet
  facet normal  0.000000e+00 -1.000000e+00  0.000000e+00
    outer loop
      vertex -6.420711e+01  1.447000e+03  4.960559e+01
      vertex -6.442387e+01  1.447000e+03  1.711731e+01
      vertex -6.420710e+01  1.447000e+03  1.679289e+01
    endloop
  endfacet
  facet normal  0.000000e+00 -9.999999e-01  0.000000e+00
    outer loop
      vertex -6.420711e+01  1.447000e+03  4.960559e+01
      vertex -6.420710e+01  1.447000e+03  1.679289e+01
      vertex -5.750000e+01  1.447000e+03  3.985089e+01
    endloop
  endfacet
  facet normal  0.000000e+00 -1.000000e+00  0.000000e+00
    outer loop
      vertex -6.420711e+01  1.447000e+03  4.960559e+01
      vertex -5.750000e+01  1.447000e+03  3.985089e+01
      vertex -5.691422e+01  1.447000e+03  4.126510e+01
    endloop
  endfacet
  facet normal  0.000000e+00 -1.000000e+00  0.000000e+00
    outer loop
      vertex -6.420711e+01  1.447000e+03  4.960559e+01
      vertex -5.691422e+01  1.447000e+03  4.126510e+01
      vertex -5.550000e+01  1.447000e+03  4.185089e+01
    endloop
  endfacet
  facet normal  0.000000e+00 -1.000000e+00  0.000000e+00
    outer loop
      vertex -6.420711e+01  1.447000e+03  4.960559e+01
      vertex -5.550000e+01  1.447000e+03  4.185089e+01
      vertex -5.512500e+01  1.447000e+03  5.050000e+01
    endloop
  endfacet
  facet normal  -0.000000e+00 -1.000000e+00  0.000000e+00
    outer loop
      vertex -6.420711e+01  1.447000e+03  4.960559e+01
      vertex -5.512500e+01  1.447000e+03  5.050000e+01
      vertex -5.450537e+01  1.447000e+03  5.281250e+01
    endloop
  endfacet
  facet normal  -0.000000e+00 -1.000000e+00  0.000000e+00
    outer loop
      vertex -6.420711e+01  1.447000e+03  4.960559e+01
      vertex -5.450537e+01  1.447000e+03  5.281250e+01
      vertex -5.281250e+01  1.447000e+03  5.450537e+01
    endloop
  endfacet
  facet normal  -0.000000e+00 -1.000000e+00  0.000000e+00
    outer loop
      vertex -6.420711e+01  1.447000e+03  4.960559e+01
      vertex -5.281250e+01  1.447000e+03  5.450537e+01
      vertex -4.960559e+01  1.447000e+03  6.420711e+01
    endloop
  endfacet
  facet normal  0.000000e+00 -9.999999e-01  -0.000000e+00
    outer loop
      vertex -5.750000e+01  1.447000e+03 -3.985089e+01
      vertex -6.250000e+01  1.447000e+03 -1.467160e+01
      vertex -6.257612e+01  1.447000e+03 -1.505429e+01
    endloop
  endfacet
  facet normal  0.000000e+00 -1.000000e+00  -0.000000e+00
    outer loop
      vertex -5.750000e+01  1.447000e+03 -3.985089e+01
      vertex -6.257612e+01  1.447000e+03 -1.505429e+01
      vertex -6.279290e+01  1.447000e+03 -1.537871e+01
    endloop
  endfacet
  facet normal  0.000000e+00 -1.000000e+00  -0.000000e+00
    outer loop
      vertex -5.750000e+01  1.447000e+03 -3.985089e+01
      vertex -6.279290e+01  1.447000e+03 -1.537871e+01
      vertex -6.413405e+01  1.447000e+03 -1.671984e+01
    endloop
  endfacet
  facet normal  0.000000e+00 -1.000000e+00  0.000000e+00
    outer loop
      vertex -3.985089e+01  1.447000e+03 -5.750000e+01
      vertex -1.750000e+01  1.447000e+03 -6.450000e+01
      vertex -1.683758e+01  1.447000e+03 -6.424913e+01
    endloop
  endfacet
  facet normal  0.000000e+00 -9.999999e-01  0.000000e+00
    outer loop
      vertex -3.985089e+01  1.447000e+03 -5.750000e+01
      vertex -1.683758e+01  1.447000e+03 -6.424913e+01
      vertex -1.671670e+01  1.447000e+03 -6.413091e+01
    endloop
  endfacet
  facet normal  0.000000e+00 -1.000000e+00  0.000000e+00
    outer loop
      vertex -3.985089e+01  1.447000e+03 -5.750000e+01
      vertex -1.671670e+01  1.447000e+03 -6.413091e+01
      vertex -1.537871e+01  1.447000e+03 -6.279290e+01
    endloop
  endfacet
  facet normal  0.000000e+00 -1.000000e+00  0.000000e+00
    outer loop
      vertex -3.985089e+01  1.447000e+03 -5.750000e+01
      vertex -1.537871e+01  1.447000e+03 -6.279290e+01
      vertex -1.505429e+01  1.447000e+03 -6.257612e+01
    endloop
  endfacet
  facet normal  0.000000e+00 -9.999999e-01  0.000000e+00
    outer loop
      vertex -3.985089e+01  1.447000e+03 -5.750000e+01
      vertex -1.505429e+01  1.447000e+03 -6.257612e+01
      vertex -1.467160e+01  1.447000e+03 -6.250000e+01
    endloop
  endfacet
  facet normal  0.000000e+00 -1.000000e+00  0.000000e+00
    outer loop
      vertex -3.985089e+01  1.447000e+03 -5.750000e+01
      vertex -1.467160e+01  1.447000e+03 -6.250000e+01
      vertex  1.467160e+01  1.447000e+03 -6.250000e+01
    endloop
  endfacet
  facet normal  0.000000e+00 -1.000000e+00  0.000000e+00
    outer loop
      vertex  3.985089e+01  1.447000e+03 -5.750000e+01
      vertex -3.985089e+01  1.447000e+03 -5.750000e+01
      vertex  1.467160e+01  1.447000e+03 -6.250000e+01
    endloop
  endfacet
  facet normal  0.000000e+00 -9.999999e-01  0.000000e+00
    outer loop
      vertex  3.985089e+01  1.447000e+03 -5.750000e+01
      vertex  1.467160e+01  1.447000e+03 -6.250000e+01
      vertex  1.505429e+01  1.447000e+03 -6.257612e+01
    endloop
  endfacet
  facet normal  0.000000e+00 -1.000000e+00  0.000000e+00
    outer loop
      vertex  3.985089e+01  1.447000e+03 -5.750000e+01
      vertex  1.505429e+01  1.447000e+03 -6.257612e+01
      vertex  1.537871e+01  1.447000e+03 -6.279290e+01
    endloop
  endfacet
  facet normal  0.000000e+00 -1.000000e+00  0.000000e+00
    outer loop
      vertex  3.985089e+01  1.447000e+03 -5.750000e+01
      vertex  1.537871e+01  1.447000e+03 -6.279290e+01
      vertex  1.750000e+01  1.447000e+03 -6.450000e+01
    endloop
  endfacet
  facet normal  0.000000e+00 -1.000000e+00  -0.000000e+00
    outer loop
      vertex  4.889849e+01  1.447000e+03 -6.450000e+01
      vertex  4.818750e+01  1.447000e+03 -5.450537e+01
      vertex  4.098219e+01  1.447000e+03 -5.714929e+01
    endloop
  endfacet
  facet normal  0.000000e+00 -1.000000e+00  -0.000000e+00
    outer loop
      vertex  4.889849e+01  1.447000e+03 -6.450000e+01
      vertex  4.098219e+01  1.447000e+03 -5.714929e+01
      vertex  3.985089e+01  1.447000e+03 -5.750000e+01
    endloop
  endfacet
  facet normal  0.000000e+00 -1.000000e+00  -0.000000e+00
    outer loop
      vertex  4.889849e+01  1.447000e+03 -6.450000e+01
      vertex  3.985089e+01  1.447000e+03 -5.750000e+01
      vertex  1.750000e+01  1.447000e+03 -6.450000e+01
    endloop
  endfacet
  facet normal  0.000000e+00 -1.000000e+00  0.000000e+00
    outer loop
      vertex -4.889849e+01  1.447000e+03 -6.450000e+01
      vertex -1.750000e+01  1.447000e+03 -6.450000e+01
      vertex -3.985089e+01  1.447000e+03 -5.750000e+01
    endloop
  endfacet
  facet normal  -0.000000e+00 -1.000000e+00  0.000000e+00
    outer loop
      vertex -4.889849e+01  1.447000e+03 -6.450000e+01
      vertex -3.985089e+01  1.447000e+03 -5.750000e+01
      vertex -4.098219e+01  1.447000e+03 -5.714929e+01
    endloop
  endfacet
  facet normal  -0.000000e+00 -1.000000e+00  0.000000e+00
    outer loop
      vertex -4.889849e+01  1.447000e+03 -6.450000e+01
      vertex -4.098219e+01  1.447000e+03 -5.714929e+01
      vertex -4.171673e+01  1.447000e+03 -5.622016e+01
    endloop
  endfacet
  facet normal  -0.000000e+00 -1.000000e+00  0.000000e+00
    outer loop
      vertex -4.889849e+01  1.447000e+03 -6.450000e+01
      vertex -4.171673e+01  1.447000e+03 -5.622016e+01
      vertex -4.179691e+01  1.447000e+03 -5.503846e+01
    endloop
  endfacet
  facet normal  -0.000000e+00 -1.000000e+00  0.000000e+00
    outer loop
      vertex -4.889849e+01  1.447000e+03 -6.450000e+01
      vertex -4.179691e+01  1.447000e+03 -5.503846e+01
      vertex -4.587500e+01  1.447000e+03 -5.050000e+01
    endloop
  endfacet
  facet normal  0.000000e+00 -1.000000e+00  0.000000e+00
    outer loop
      vertex -4.889849e+01  1.447000e+03 -6.450000e+01
      vertex -4.587500e+01  1.447000e+03 -5.050000e+01
      vertex -4.649463e+01  1.447000e+03 -5.281250e+01
    endloop
  endfacet
  facet normal  0.000000e+00 -1.000000e+00  0.000000e+00
    outer loop
      vertex -4.889849e+01  1.447000e+03 -6.450000e+01
      vertex -4.649463e+01  1.447000e+03 -5.281250e+01
      vertex -4.818750e+01  1.447000e+03 -5.450537e+01
    endloop
  endfacet
  facet normal  0.000000e+00 -9.999999e-01  0.000000e+00
    outer loop
      vertex -4.889849e+01  1.447000e+03 -6.450000e+01
      vertex -4.818750e+01  1.447000e+03 -5.450537e+01
      vertex -5.050000e+01  1.447000e+03 -5.512500e+01
    endloop
  endfacet
  facet normal  0.000000e+00 -1.000000e+00  0.000000e+00
    outer loop
      vertex -4.889849e+01  1.447000e+03 -6.450000e+01
      vertex -5.050000e+01  1.447000e+03 -5.512500e+01
      vertex -4.960559e+01  1.447000e+03 -6.420711e+01
    endloop
  endfacet
  facet normal  -0.000000e+00 -1.000000e+00  0.000000e+00
    outer loop
      vertex  5.750000e+01  1.447000e+03 -3.985089e+01
      vertex  6.413644e+01  1.447000e+03 -1.672223e+01
      vertex  6.279290e+01  1.447000e+03 -1.537871e+01
    endloop
  endfacet
  facet normal  -0.000000e+00 -1.000000e+00  0.000000e+00
    outer loop
      vertex  5.750000e+01  1.447000e+03 -3.985089e+01
      vertex  6.279290e+01  1.447000e+03 -1.537871e+01
      vertex  6.257612e+01  1.447000e+03 -1.505429e+01
    endloop
  endfacet
  facet normal  -0.000000e+00 -9.999999e-01  0.000000e+00
    outer loop
      vertex  5.750000e+01  1.447000e+03 -3.985089e+01
      vertex  6.257612e+01  1.447000e+03 -1.505429e+01
      vertex  6.250000e+01  1.447000e+03 -1.467160e+01
    endloop
  endfacet
  facet normal  -0.000000e+00 -1.000000e+00  0.000000e+00
    outer loop
      vertex  5.750000e+01  1.447000e+03 -3.985089e+01
      vertex  6.250000e+01  1.447000e+03 -1.467160e+01
      vertex  6.250000e+01  1.447000e+03  1.467160e+01
    endloop
  endfacet
  facet normal  -0.000000e+00 -1.000000e+00  0.000000e+00
    outer loop
      vertex  5.750000e+01  1.447000e+03 -3.985089e+01
      vertex  6.250000e+01  1.447000e+03  1.467160e+01
      vertex  5.750000e+01  1.447000e+03  3.985089e+01
    endloop
  endfacet
  facet normal  0.000000e+00 -9.999999e-01  0.000000e+00
    outer loop
      vertex  5.750000e+01  1.447000e+03  3.985089e+01
      vertex  6.250000e+01  1.447000e+03  1.467160e+01
      vertex  6.257612e+01  1.447000e+03  1.505429e+01
    endloop
  endfacet
  facet normal  0.000000e+00 -1.000000e+00  0.000000e+00
    outer loop
      vertex  5.750000e+01  1.447000e+03  3.985089e+01
      vertex  6.257612e+01  1.447000e+03  1.505429e+01
      vertex  6.279290e+01  1.447000e+03  1.537871e+01
    endloop
  endfacet
  facet normal  0.000000e+00 -1.000000e+00  0.000000e+00
    outer loop
      vertex  5.750000e+01  1.447000e+03  3.985089e+01
      vertex  6.279290e+01  1.447000e+03  1.537871e+01
      vertex  6.413644e+01  1.447000e+03  1.672223e+01
    endloop
  endfacet
  facet normal  0.000000e+00 -9.999999e-01  0.000000e+00
    outer loop
      vertex  5.750000e+01  1.447000e+03  3.985089e+01
      vertex  6.413644e+01  1.447000e+03  1.672223e+01
      vertex  6.425401e+01  1.447000e+03  1.684315e+01
    endloop
  endfacet
  facet normal  0.000000e+00 -9.999999e-01  0.000000e+00
    outer loop
      vertex  4.523465e+01  1.447000e+03  4.424078e+01
      vertex  4.861744e+01  1.447000e+03  4.220798e+01
      vertex  4.818750e+01  1.447000e+03  4.649463e+01
    endloop
  endfacet
  facet normal  -0.000000e+00 -1.000000e+00  0.000000e+00
    outer loop
      vertex  4.523465e+01  1.447000e+03  4.424078e+01
      vertex  4.818750e+01  1.447000e+03  4.649463e+01
      vertex  4.649463e+01  1.447000e+03  4.818750e+01
    endloop
  endfacet
  facet normal  -0.000000e+00 -1.000000e+00  0.000000e+00
    outer loop
      vertex  4.523465e+01  1.447000e+03  4.424078e+01
      vertex  4.649463e+01  1.447000e+03  4.818750e+01
      vertex  4.587500e+01  1.447000e+03  5.050000e+01
    endloop
  endfacet
  facet normal  0.000000e+00 -1.000000e+00  0.000000e+00
    outer loop
      vertex  4.523465e+01  1.447000e+03  4.424078e+01
      vertex  4.587500e+01  1.447000e+03  5.050000e+01
      vertex  4.278709e+01  1.447000e+03  4.733673e+01
    endloop
  endfacet
  facet normal  -0.000000e+00 -1.000000e+00  0.000000e+00
    outer loop
      vertex -3.985089e+01  1.447000e+03  5.750000e+01
      vertex  1.467160e+01  1.447000e+03  6.250000e+01
      vertex -1.467160e+01  1.447000e+03  6.250000e+01
    endloop
  endfacet
  facet normal  -0.000000e+00 -9.999999e-01  0.000000e+00
    outer loop
      vertex -3.985089e+01  1.447000e+03  5.750000e+01
      vertex -1.467160e+01  1.447000e+03  6.250000e+01
      vertex -1.505429e+01  1.447000e+03  6.257612e+01
    endloop
  endfacet
  facet normal  -0.000000e+00 -1.000000e+00  0.000000e+00
    outer loop
      vertex -3.985089e+01  1.447000e+03  5.750000e+01
      vertex -1.505429e+01  1.447000e+03  6.257612e+01
      vertex -1.537871e+01  1.447000e+03  6.279290e+01
    endloop
  endfacet
  facet normal  -0.000000e+00 -1.000000e+00  0.000000e+00
    outer loop
      vertex -3.985089e+01  1.447000e+03  5.750000e+01
      vertex -1.537871e+01  1.447000e+03  6.279290e+01
      vertex -1.673693e+01  1.447000e+03  6.415114e+01
    endloop
  endfacet
  facet normal  -0.000000e+00 -9.999999e-01  0.000000e+00
    outer loop
      vertex -3.985089e+01  1.447000e+03  5.750000e+01
      vertex -1.673693e+01  1.447000e+03  6.415114e+01
      vertex -1.685832e+01  1.447000e+03  6.426698e+01
    endloop
  endfacet
  facet normal  -0.000000e+00 -1.000000e+00  0.000000e+00
    outer loop
      vertex -3.985089e+01  1.447000e+03  5.750000e+01
      vertex -1.685832e+01  1.447000e+03  6.426698e+01
      vertex -1.750000e+01  1.447000e+03  6.450000e+01
    endloop
  endfacet
  facet normal  -0.000000e+00 -1.000000e+00  0.000000e+00
    outer loop
      vertex -3.985089e+01  1.447000e+03  5.750000e+01
      vertex -1.750000e+01  1.447000e+03  6.450000e+01
      vertex -4.889849e+01  1.447000e+03  6.450000e+01
    endloop
  endfacet
  facet normal  0.000000e+00 -1.000000e+00  -0.000000e+00
    outer loop
      vertex  3.985089e+01  1.447000e+03  5.750000e+01
      vertex  1.750000e+01  1.447000e+03  6.450000e+01
      vertex  1.537871e+01  1.447000e+03  6.279290e+01
    endloop
  endfacet
  facet normal  0.000000e+00 -1.000000e+00  -0.000000e+00
    outer loop
      vertex  3.985089e+01  1.447000e+03  5.750000e+01
      vertex  1.537871e+01  1.447000e+03  6.279290e+01
      vertex  1.505429e+01  1.447000e+03  6.257612e+01
    endloop
  endfacet
  facet normal  0.000000e+00 -9.999999e-01  -0.000000e+00
    outer loop
      vertex  3.985089e+01  1.447000e+03  5.750000e+01
      vertex  1.505429e+01  1.447000e+03  6.257612e+01
      vertex  1.467160e+01  1.447000e+03  6.250000e+01
    endloop
  endfacet
  facet normal  0.000000e+00 -1.000000e+00  -0.000000e+00
    outer loop
      vertex  3.985089e+01  1.447000e+03  5.750000e+01
      vertex  1.467160e+01  1.447000e+03  6.250000e+01
      vertex -3.985089e+01  1.447000e+03  5.750000e+01
    endloop
  endfacet
  facet normal  0.000000e+00 -1.000000e+00  -0.000000e+00
    outer loop
      vertex -4.889849e+01  1.447000e+03  6.450000e+01
      vertex -4.960559e+01  1.447000e+03  6.420711e+01
      vertex -5.050000e+01  1.447000e+03  5.512500e+01
    endloop
  endfacet
  facet normal  0.000000e+00 -9.999999e-01  0.000000e+00
    outer loop
      vertex -4.889849e+01  1.447000e+03  6.450000e+01
      vertex -5.050000e+01  1.447000e+03  5.512500e+01
      vertex -4.818750e+01  1.447000e+03  5.450537e+01
    endloop
  endfacet
  facet normal  0.000000e+00 -1.000000e+00  0.000000e+00
    outer loop
      vertex -4.889849e+01  1.447000e+03  6.450000e+01
      vertex -4.818750e+01  1.447000e+03  5.450537e+01
      vertex -4.649463e+01  1.447000e+03  5.281250e+01
    endloop
  endfacet
  facet normal  0.000000e+00 -1.000000e+00  0.000000e+00
    outer loop
      vertex -4.889849e+01  1.447000e+03  6.450000e+01
      vertex -4.649463e+01  1.447000e+03  5.281250e+01
      vertex -4.587500e+01  1.447000e+03  5.050000e+01
    endloop
  endfacet
  facet normal  0.000000e+00 -1.000000e+00  0.000000e+00
    outer loop
      vertex -4.889849e+01  1.447000e+03  6.450000e+01
      vertex -4.587500e+01  1.447000e+03  5.050000e+01
      vertex -4.179691e+01  1.447000e+03  5.503846e+01
    endloop
  endfacet
  facet normal  0.000000e+00 -1.000000e+00  0.000000e+00
    outer loop
      vertex -4.889849e+01  1.447000e+03  6.450000e+01
      vertex -4.179691e+01  1.447000e+03  5.503846e+01
      vertex -4.171673e+01  1.447000e+03  5.622016e+01
    endloop
  endfacet
  facet normal  0.000000e+00 -1.000000e+00  0.000000e+00
    outer loop
      vertex -4.889849e+01  1.447000e+03  6.450000e+01
      vertex -4.171673e+01  1.447000e+03  5.622016e+01
      vertex -4.098219e+01  1.447000e+03  5.714929e+01
    endloop
  endfacet
  facet normal  0.000000e+00 -1.000000e+00  0.000000e+00
    outer loop
      vertex -4.889849e+01  1.447000e+03  6.450000e+01
      vertex -4.098219e+01  1.447000e+03  5.714929e+01
      vertex -3.985089e+01  1.447000e+03  5.750000e+01
    endloop
  endfacet
  facet normal  0.000000e+00 -1.000000e+00  0.000000e+00
    outer loop
      vertex -5.050000e+01  1.447000e+03  4.587500e+01
      vertex -5.281250e+01  1.447000e+03  4.649463e+01
      vertex -5.250000e+01  1.447000e+03  4.150000e+01
    endloop
  endfacet
  facet normal  0.000000e+00 -1.000000e+00  0.000000e+00
    outer loop
      vertex -5.250000e+01  1.447000e+03  4.150000e+01
      vertex -5.281250e+01  1.447000e+03  4.649463e+01
      vertex -5.450537e+01  1.447000e+03  4.818750e+01
    endloop
  endfacet
  facet normal  0.000000e+00 -1.000000e+00  -0.000000e+00
    outer loop
      vertex -5.250000e+01  1.447000e+03  4.150000e+01
      vertex -5.450537e+01  1.447000e+03  4.818750e+01
      vertex -5.503846e+01  1.447000e+03  4.179691e+01
    endloop
  endfacet
  facet normal  0.000000e+00 -1.000000e+00  0.000000e+00
    outer loop
      vertex -5.503846e+01  1.447000e+03  4.179691e+01
      vertex -5.450537e+01  1.447000e+03  4.818750e+01
      vertex -5.512500e+01  1.447000e+03  5.050000e+01
    endloop
  endfacet
  facet normal  0.000000e+00 -1.000000e+00  -0.000000e+00
    outer loop
      vertex -5.503846e+01  1.447000e+03  4.179691e+01
      vertex -5.512500e+01  1.447000e+03  5.050000e+01
      vertex -5.550000e+01  1.447000e+03  4.185089e+01
    endloop
  endfacet
  facet normal  0.000000e+00 -1.000000e+00  0.000000e+00
    outer loop
      vertex  4.171673e+01  1.447000e+03  5.622016e+01
      vertex  4.818750e+01  1.447000e+03  5.450537e+01
      vertex  4.098219e+01  1.447000e+03  5.714929e+01
    endloop
  endfacet
  facet normal  0.000000e+00 -1.000000e+00  0.000000e+00
    outer loop
      vertex  4.818750e+01  1.447000e+03  5.450537e+01
      vertex  4.171673e+01  1.447000e+03  5.622016e+01
      vertex  4.649463e+01  1.447000e+03  5.281250e+01
    endloop
  endfacet
  facet normal  0.000000e+00 -1.000000e+00  0.000000e+00
    outer loop
      vertex  4.649463e+01  1.447000e+03  5.281250e+01
      vertex  4.171673e+01  1.447000e+03  5.622016e+01
      vertex  4.179691e+01  1.447000e+03  5.503846e+01
    endloop
  endfacet
  facet normal  0.000000e+00 -1.000000e+00  0.000000e+00
    outer loop
      vertex  4.649463e+01  1.447000e+03  5.281250e+01
      vertex  4.179691e+01  1.447000e+03  5.503846e+01
      vertex  4.587500e+01  1.447000e+03  5.050000e+01
    endloop
  endfacet
  facet normal  0.000000e+00 -1.000000e+00  0.000000e+00
    outer loop
      vertex  4.587500e+01  1.447000e+03  5.050000e+01
      vertex  4.179691e+01  1.447000e+03  5.503846e+01
      vertex  4.158980e+01  1.447000e+03  5.109732e+01
    endloop
  endfacet
  facet normal  0.000000e+00 -1.000000e+00  0.000000e+00
    outer loop
      vertex  4.587500e+01  1.447000e+03  5.050000e+01
      vertex  4.158980e+01  1.447000e+03  5.109732e+01
      vertex  4.278709e+01  1.447000e+03  4.733673e+01
    endloop
  endfacet
  facet normal  0.000000e+00 -1.000000e+00  0.000000e+00
    outer loop
      vertex -5.050000e+01  1.447000e+03 -5.512500e+01
      vertex -5.281250e+01  1.447000e+03 -5.450537e+01
      vertex -4.960559e+01  1.447000e+03 -6.420711e+01
    endloop
  endfacet
  facet normal  0.000000e+00 -1.000000e+00  0.000000e+00
    outer loop
      vertex -4.960559e+01  1.447000e+03 -6.420711e+01
      vertex -5.281250e+01  1.447000e+03 -5.450537e+01
      vertex -5.450537e+01  1.447000e+03 -5.281250e+01
    endloop
  endfacet
  facet normal  -0.000000e+00 -1.000000e+00  -0.000000e+00
    outer loop
      vertex -4.960559e+01  1.447000e+03 -6.420711e+01
      vertex -5.450537e+01  1.447000e+03 -5.281250e+01
      vertex -6.420711e+01  1.447000e+03 -4.960559e+01
    endloop
  endfacet
  facet normal  0.000000e+00 -1.000000e+00  0.000000e+00
    outer loop
      vertex  4.649463e+01  1.447000e+03 -4.818750e+01
      vertex  4.523465e+01  1.447000e+03 -4.424078e+01
      vertex  4.587500e+01  1.447000e+03 -5.050000e+01
    endloop
  endfacet
  facet normal  0.000000e+00 -1.000000e+00  0.000000e+00
    outer loop
      vertex  4.587500e+01  1.447000e+03 -5.050000e+01
      vertex  4.523465e+01  1.447000e+03 -4.424078e+01
      vertex  4.278709e+01  1.447000e+03 -4.733673e+01
    endloop
  endfacet
  facet normal  0.000000e+00 -1.000000e+00  -0.000000e+00
    outer loop
      vertex  4.587500e+01  1.447000e+03 -5.050000e+01
      vertex  4.278709e+01  1.447000e+03 -4.733673e+01
      vertex  4.158980e+01  1.447000e+03 -5.109732e+01
    endloop
  endfacet
  facet normal  0.000000e+00 -1.000000e+00  0.000000e+00
    outer loop
      vertex  6.413644e+01  1.447000e+03 -1.672223e+01
      vertex  5.750000e+01  1.447000e+03 -3.985089e+01
      vertex  6.425401e+01  1.447000e+03 -1.684315e+01
    endloop
  endfacet
  facet normal  0.000000e+00 -1.000000e+00  0.000000e+00
    outer loop
      vertex  6.425401e+01  1.447000e+03 -1.684315e+01
      vertex  5.750000e+01  1.447000e+03 -3.985089e+01
      vertex  6.420711e+01  1.447000e+03 -4.960559e+01
    endloop
  endfacet
  facet normal  0.000000e+00 -9.999999e-01  0.000000e+00
    outer loop
      vertex  5.750000e+01  1.447000e+03 -3.985089e+01
      vertex  5.691422e+01  1.447000e+03 -4.126510e+01
      vertex  6.420711e+01  1.447000e+03 -4.960559e+01
    endloop
  endfacet
  facet normal  -0.000000e+00 -1.000000e+00  0.000000e+00
    outer loop
      vertex  6.420711e+01  1.447000e+03 -4.960559e+01
      vertex  5.691422e+01  1.447000e+03 -4.126510e+01
      vertex  5.512500e+01  1.447000e+03 -5.050000e+01
    endloop
  endfacet
  facet normal  -0.000000e+00 -1.000000e+00  0.000000e+00
    outer loop
      vertex -5.281250e+01  1.447000e+03 -4.649463e+01
      vertex -5.050000e+01  1.447000e+03 -4.587500e+01
      vertex -5.250000e+01  1.447000e+03 -4.150000e+01
    endloop
  endfacet
  facet normal  0.000000e+00 -1.000000e+00  0.000000e+00
    outer loop
      vertex -5.250000e+01  1.447000e+03 -4.150000e+01
      vertex -5.050000e+01  1.447000e+03 -4.587500e+01
      vertex -4.818750e+01  1.447000e+03 -4.649463e+01
    endloop
  endfacet
  facet normal  0.000000e+00 -1.000000e+00  0.000000e+00
    outer loop
      vertex -5.250000e+01  1.447000e+03 -4.150000e+01
      vertex -4.818750e+01  1.447000e+03 -4.649463e+01
      vertex -4.861744e+01  1.447000e+03 -4.220798e+01
    endloop
  endfacet
  facet normal  0.000000e+00 -1.000000e+00  0.000000e+00
    outer loop
      vertex -4.861744e+01  1.447000e+03 -4.220798e+01
      vertex -4.818750e+01  1.447000e+03 -4.649463e+01
      vertex -4.649463e+01  1.447000e+03 -4.818750e+01
    endloop
  endfacet
  facet normal  0.000000e+00 -1.000000e+00  0.000000e+00
    outer loop
      vertex -4.861744e+01  1.447000e+03 -4.220798e+01
      vertex -4.649463e+01  1.447000e+03 -4.818750e+01
      vertex -4.523465e+01  1.447000e+03 -4.424078e+01
    endloop
  endfacet
  facet normal  -0.000000e+00 -9.999999e-01  0.000000e+00
    outer loop
      vertex -5.450537e+01  1.447000e+03 -4.818750e+01
      vertex -5.281250e+01  1.447000e+03 -4.649463e+01
      vertex -5.503846e+01  1.447000e+03 -4.179691e+01
    endloop
  endfacet
  facet normal  0.000000e+00 -9.999999e-01  0.000000e+00
    outer loop
      vertex -5.503846e+01  1.447000e+03 -4.179691e+01
      vertex -5.281250e+01  1.447000e+03 -4.649463e+01
      vertex -5.250000e+01  1.447000e+03 -4.150000e+01
    endloop
  endfacet
  facet normal  0.000000e+00 -1.000000e+00  0.000000e+00
    outer loop
      vertex  4.158980e+01  1.447000e+03 -5.109732e+01
      vertex  4.179691e+01  1.447000e+03 -5.503846e+01
      vertex  4.587500e+01  1.447000e+03 -5.050000e+01
    endloop
  endfacet
  facet normal  0.000000e+00 -9.999999e-01  0.000000e+00
    outer loop
      vertex  4.587500e+01  1.447000e+03 -5.050000e+01
      vertex  4.179691e+01  1.447000e+03 -5.503846e+01
      vertex  4.171673e+01  1.447000e+03 -5.622016e+01
    endloop
  endfacet
  facet normal  0.000000e+00 -1.000000e+00  0.000000e+00
    outer loop
      vertex  4.587500e+01  1.447000e+03 -5.050000e+01
      vertex  4.171673e+01  1.447000e+03 -5.622016e+01
      vertex  4.649463e+01  1.447000e+03 -5.281250e+01
    endloop
  endfacet
  facet normal  0.000000e+00 -1.000000e+00  0.000000e+00
    outer loop
      vertex  4.649463e+01  1.447000e+03 -5.281250e+01
      vertex  4.171673e+01  1.447000e+03 -5.622016e+01
      vertex  4.098219e+01  1.447000e+03 -5.714929e+01
    endloop
  endfacet
  facet normal  0.000000e+00 -1.000000e+00  0.000000e+00
    outer loop
      vertex  4.649463e+01  1.447000e+03 -5.281250e+01
      vertex  4.098219e+01  1.447000e+03 -5.714929e+01
      vertex  4.818750e+01  1.447000e+03 -5.450537e+01
    endloop
  endfacet
  facet normal  -0.000000e+00 -1.000000e+00  0.000000e+00
    outer loop
      vertex  6.420711e+01  1.447000e+03 -4.960559e+01
      vertex  6.450000e+01  1.447000e+03 -4.889849e+01
      vertex  6.425401e+01  1.447000e+03 -1.684315e+01
    endloop
  endfacet
  facet normal  0.000000e+00 -1.000000e+00  0.000000e+00
    outer loop
      vertex  6.425401e+01  1.447000e+03 -1.684315e+01
      vertex  6.450000e+01  1.447000e+03 -4.889849e+01
      vertex  6.450000e+01  1.447000e+03 -1.750000e+01
    endloop
  endfacet
  facet normal  -0.000000e+00 -1.000000e+00  0.000000e+00
    outer loop
      vertex  4.818750e+01  1.447000e+03 -4.649463e+01
      vertex  5.050000e+01  1.447000e+03 -4.587500e+01
      vertex  4.861744e+01  1.447000e+03 -4.220798e+01
    endloop
  endfacet
  facet normal  0.000000e+00 -1.000000e+00  0.000000e+00
    outer loop
      vertex  4.861744e+01  1.447000e+03 -4.220798e+01
      vertex  5.050000e+01  1.447000e+03 -4.587500e+01
      vertex  5.281250e+01  1.447000e+03 -4.649463e+01
    endloop
  endfacet
  facet normal  0.000000e+00 -1.000000e+00  0.000000e+00
    outer loop
      vertex  4.861744e+01  1.447000e+03 -4.220798e+01
      vertex  5.281250e+01  1.447000e+03 -4.649463e+01
      vertex  5.250000e+01  1.447000e+03 -4.150000e+01
    endloop
  endfacet
  facet normal  0.000000e+00 -1.000000e+00  0.000000e+00
    outer loop
      vertex  5.250000e+01  1.447000e+03 -4.150000e+01
      vertex  5.281250e+01  1.447000e+03 -4.649463e+01
      vertex  5.450537e+01  1.447000e+03 -4.818750e+01
    endloop
  endfacet
  facet normal  0.000000e+00 -1.000000e+00  0.000000e+00
    outer loop
      vertex  5.250000e+01  1.447000e+03 -4.150000e+01
      vertex  5.450537e+01  1.447000e+03 -4.818750e+01
      vertex  5.503846e+01  1.447000e+03 -4.179691e+01
    endloop
  endfacet
  facet normal  0.000000e+00 -1.000000e+00  0.000000e+00
    outer loop
      vertex  4.818750e+01  1.447000e+03 -4.649463e+01
      vertex  4.861744e+01  1.447000e+03 -4.220798e+01
      vertex  4.649463e+01  1.447000e+03 -4.818750e+01
    endloop
  endfacet
  facet normal  0.000000e+00 -1.000000e+00  0.000000e+00
    outer loop
      vertex  4.649463e+01  1.447000e+03 -4.818750e+01
      vertex  4.861744e+01  1.447000e+03 -4.220798e+01
      vertex  4.523465e+01  1.447000e+03 -4.424078e+01
    endloop
  endfacet
  facet normal  -0.000000e+00 -1.000000e+00  0.000000e+00
    outer loop
      vertex  6.425401e+01  1.447000e+03  1.684315e+01
      vertex  6.450000e+01  1.447000e+03  1.750000e+01
      vertex  6.420711e+01  1.447000e+03  4.960559e+01
    endloop
  endfacet
  facet normal  0.000000e+00 -1.000000e+00  0.000000e+00
    outer loop
      vertex  6.420711e+01  1.447000e+03  4.960559e+01
      vertex  6.450000e+01  1.447000e+03  1.750000e+01
      vertex  6.450000e+01  1.447000e+03  4.889849e+01
    endloop
  endfacet
  facet normal  0.000000e+00 -1.000000e+00  0.000000e+00
    outer loop
      vertex  4.818750e+01  1.447000e+03  4.649463e+01
      vertex  4.861744e+01  1.447000e+03  4.220798e+01
      vertex  5.050000e+01  1.447000e+03  4.587500e+01
    endloop
  endfacet
  facet normal  0.000000e+00 -9.999999e-01  -0.000000e+00
    outer loop
      vertex  5.050000e+01  1.447000e+03  4.587500e+01
      vertex  4.861744e+01  1.447000e+03  4.220798e+01
      vertex  5.250000e+01  1.447000e+03  4.150000e+01
    endloop
  endfacet
  facet normal  0.000000e+00 -1.000000e+00  0.000000e+00
    outer loop
      vertex  5.050000e+01  1.447000e+03  4.587500e+01
      vertex  5.250000e+01  1.447000e+03  4.150000e+01
      vertex  5.281250e+01  1.447000e+03  4.649463e+01
    endloop
  endfacet
  facet normal  0.000000e+00 -1.000000e+00  -0.000000e+00
    outer loop
      vertex  5.281250e+01  1.447000e+03  4.649463e+01
      vertex  5.250000e+01  1.447000e+03  4.150000e+01
      vertex  5.503846e+01  1.447000e+03  4.179691e+01
    endloop
  endfacet
  facet normal  0.000000e+00 -9.999999e-01  0.000000e+00
    outer loop
      vertex  5.281250e+01  1.447000e+03  4.649463e+01
      vertex  5.503846e+01  1.447000e+03  4.179691e+01
      vertex  5.450537e+01  1.447000e+03  4.818750e+01
    endloop
  endfacet
  facet normal  -0.000000e+00 -9.999999e-01  0.000000e+00
    outer loop
      vertex -5.250000e+01  1.447000e+03  4.150000e+01
      vertex -4.861744e+01  1.447000e+03  4.220798e+01
      vertex -5.050000e+01  1.447000e+03  4.587500e+01
    endloop
  endfacet
  facet normal  0.000000e+00 -1.000000e+00  0.000000e+00
    outer loop
      vertex -5.050000e+01  1.447000e+03  4.587500e+01
      vertex -4.861744e+01  1.447000e+03  4.220798e+01
      vertex -4.818750e+01  1.447000e+03  4.649463e+01
    endloop
  endfacet
  facet normal  -0.000000e+00 -9.999999e-01  0.000000e+00
    outer loop
      vertex -4.861744e+01  1.447000e+03  4.220798e+01
      vertex -4.523465e+01  1.447000e+03  4.424078e+01
      vertex -4.818750e+01  1.447000e+03  4.649463e+01
    endloop
  endfacet
  facet normal  0.000000e+00 -1.000000e+00  0.000000e+00
    outer loop
      vertex -4.818750e+01  1.447000e+03  4.649463e+01
      vertex -4.523465e+01  1.447000e+03  4.424078e+01
      vertex -4.649463e+01  1.447000e+03  4.818750e+01
    endloop
  endfacet
  facet normal  0.000000e+00 -1.000000e+00  0.000000e+00
    outer loop
      vertex -1.680709e+01  1.664600e+03  6.570710e+01
      vertex -1.539291e+01  1.664600e+03  6.429290e+01
      vertex -1.506849e+01  1.664600e+03  6.407613e+01
    endloop
  endfacet
  facet normal  0.000000e+00 -1.000000e+00  0.000000e+00
    outer loop
      vertex -1.680709e+01  1.664600e+03  6.570710e+01
      vertex -1.506849e+01  1.664600e+03  6.407613e+01
      vertex -1.468580e+01  1.664600e+03  6.400000e+01
    endloop
  endfacet
  facet normal  0.000000e+00 -1.000000e+00  0.000000e+00
    outer loop
      vertex -1.680709e+01  1.664600e+03  6.570710e+01
      vertex -1.468580e+01  1.664600e+03  6.400000e+01
      vertex  1.468580e+01  1.664600e+03  6.400000e+01
    endloop
  endfacet
  facet normal  0.000000e+00 -9.999999e-01  0.000000e+00
    outer loop
      vertex -1.680709e+01  1.664600e+03  6.570710e+01
      vertex  1.468580e+01  1.664600e+03  6.400000e+01
      vertex -1.713151e+01  1.664600e+03  6.592387e+01
    endloop
  endfacet
  facet normal  0.000000e+00 -1.000000e+00  0.000000e+00
    outer loop
      vertex -1.751420e+01  1.664600e+03  6.600000e+01
      vertex -1.713151e+01  1.664600e+03  6.592387e+01
      vertex  1.468580e+01  1.664600e+03  6.400000e+01
    endloop
  endfacet
  facet normal  0.000000e+00 -1.000000e+00  0.000000e+00
    outer loop
      vertex -1.751420e+01  1.664600e+03  6.600000e+01
      vertex  1.468580e+01  1.664600e+03  6.400000e+01
      vertex  1.506849e+01  1.664600e+03  6.407613e+01
    endloop
  endfacet
  facet normal  0.000000e+00 -1.000000e+00  0.000000e+00
    outer loop
      vertex -1.751420e+01  1.664600e+03  6.600000e+01
      vertex  1.506849e+01  1.664600e+03  6.407613e+01
      vertex  1.539291e+01  1.664600e+03  6.429290e+01
    endloop
  endfacet
  facet normal  0.000000e+00 -1.000000e+00  0.000000e+00
    outer loop
      vertex -1.751420e+01  1.664600e+03  6.600000e+01
      vertex  1.539291e+01  1.664600e+03  6.429290e+01
      vertex  1.680709e+01  1.664600e+03  6.570710e+01
    endloop
  endfacet
  facet normal  0.000000e+00 -1.000000e+00  0.000000e+00
    outer loop
      vertex -1.751420e+01  1.664600e+03  6.600000e+01
      vertex  1.680709e+01  1.664600e+03  6.570710e+01
      vertex  1.713151e+01  1.664600e+03  6.592387e+01
    endloop
  endfacet
  facet normal  0.000000e+00 -9.999999e-01  0.000000e+00
    outer loop
      vertex -1.751420e+01  1.664600e+03  6.600000e+01
      vertex  1.713151e+01  1.664600e+03  6.592387e+01
      vertex  1.751420e+01  1.664600e+03  6.600000e+01
    endloop
  endfacet
  facet normal  0.000000e+00 -1.000000e+00  0.000000e+00
    outer loop
      vertex  6.570710e+01  1.664600e+03  1.680709e+01
      vertex  6.592387e+01  1.664600e+03 -1.713151e+01
      vertex  6.592387e+01  1.664600e+03  1.713151e+01
    endloop
  endfacet
  facet normal  0.000000e+00 -1.000000e+00  0.000000e+00
    outer loop
      vertex  6.592387e+01  1.664600e+03  1.713151e+01
      vertex  6.592387e+01  1.664600e+03 -1.713151e+01
      vertex  6.600000e+01  1.664600e+03 -1.751420e+01
    endloop
  endfacet
  facet normal  0.000000e+00 -1.000000e+00  0.000000e+00
    outer loop
      vertex  6.592387e+01  1.664600e+03  1.713151e+01
      vertex  6.600000e+01  1.664600e+03 -1.751420e+01
      vertex  6.600000e+01  1.664600e+03  1.751420e+01
    endloop
  endfacet
  facet normal  0.000000e+00 -1.000000e+00  0.000000e+00
    outer loop
      vertex  6.592387e+01  1.664600e+03 -1.713151e+01
      vertex  6.570710e+01  1.664600e+03  1.680709e+01
      vertex  6.570710e+01  1.664600e+03 -1.680709e+01
    endloop
  endfacet
  facet normal  0.000000e+00 -1.000000e+00  0.000000e+00
    outer loop
      vertex  6.570710e+01  1.664600e+03 -1.680709e+01
      vertex  6.570710e+01  1.664600e+03  1.680709e+01
      vertex  6.429290e+01  1.664600e+03  1.539291e+01
    endloop
  endfacet
  facet normal  0.000000e+00 -1.000000e+00  0.000000e+00
    outer loop
      vertex  6.570710e+01  1.664600e+03 -1.680709e+01
      vertex  6.429290e+01  1.664600e+03  1.539291e+01
      vertex  6.429290e+01  1.664600e+03 -1.539291e+01
    endloop
  endfacet
  facet normal  0.000000e+00 -9.999999e-01  0.000000e+00
    outer loop
      vertex  6.429290e+01  1.664600e+03 -1.539291e+01
      vertex  6.429290e+01  1.664600e+03  1.539291e+01
      vertex  6.407613e+01  1.664600e+03  1.506849e+01
    endloop
  endfacet
  facet normal  0.000000e+00 -1.000000e+00  0.000000e+00
    outer loop
      vertex  6.429290e+01  1.664600e+03 -1.539291e+01
      vertex  6.407613e+01  1.664600e+03  1.506849e+01
      vertex  6.407613e+01  1.664600e+03 -1.506849e+01
    endloop
  endfacet
  facet normal  0.000000e+00 -1.000000e+00  0.000000e+00
    outer loop
      vertex  6.407613e+01  1.664600e+03 -1.506849e+01
      vertex  6.407613e+01  1.664600e+03  1.506849e+01
      vertex  6.400000e+01  1.664600e+03  1.468580e+01
    endloop
  endfacet
  facet normal  0.000000e+00 -1.000000e+00  0.000000e+00
    outer loop
      vertex  6.407613e+01  1.664600e+03 -1.506849e+01
      vertex  6.400000e+01  1.664600e+03  1.468580e+01
      vertex  6.400000e+01  1.664600e+03 -1.468580e+01
    endloop
  endfacet
  facet normal  0.000000e+00 -1.000000e+00  0.000000e+00
    outer loop
      vertex -1.680709e+01  1.664600e+03 -6.570710e+01
      vertex -1.713151e+01  1.664600e+03 -6.592387e+01
      vertex  1.468580e+01  1.664600e+03 -6.400000e+01
    endloop
  endfacet
  facet normal  -0.000000e+00 -1.000000e+00  0.000000e+00
    outer loop
      vertex -1.680709e+01  1.664600e+03 -6.570710e+01
      vertex  1.468580e+01  1.664600e+03 -6.400000e+01
      vertex -1.468580e+01  1.664600e+03 -6.400000e+01
    endloop
  endfacet
  facet normal  0.000000e+00 -1.000000e+00  0.000000e+00
    outer loop
      vertex -1.680709e+01  1.664600e+03 -6.570710e+01
      vertex -1.468580e+01  1.664600e+03 -6.400000e+01
      vertex -1.506849e+01  1.664600e+03 -6.407613e+01
    endloop
  endfacet
  facet normal  0.000000e+00 -1.000000e+00  0.000000e+00
    outer loop
      vertex -1.680709e+01  1.664600e+03 -6.570710e+01
      vertex -1.506849e+01  1.664600e+03 -6.407613e+01
      vertex -1.539291e+01  1.664600e+03 -6.429290e+01
    endloop
  endfacet
  facet normal  0.000000e+00 -1.000000e+00  0.000000e+00
    outer loop
      vertex -1.751420e+01  1.664600e+03 -6.600000e+01
      vertex  1.751420e+01  1.664600e+03 -6.600000e+01
      vertex  1.713151e+01  1.664600e+03 -6.592387e+01
    endloop
  endfacet
  facet normal  -0.000000e+00 -1.000000e+00  0.000000e+00
    outer loop
      vertex -1.751420e+01  1.664600e+03 -6.600000e+01
      vertex  1.713151e+01  1.664600e+03 -6.592387e+01
      vertex  1.680709e+01  1.664600e+03 -6.570710e+01
    endloop
  endfacet
  facet normal  -0.000000e+00 -1.000000e+00  0.000000e+00
    outer loop
      vertex -1.751420e+01  1.664600e+03 -6.600000e+01
      vertex  1.680709e+01  1.664600e+03 -6.570710e+01
      vertex  1.539291e+01  1.664600e+03 -6.429290e+01
    endloop
  endfacet
  facet normal  -0.000000e+00 -1.000000e+00  0.000000e+00
    outer loop
      vertex -1.751420e+01  1.664600e+03 -6.600000e+01
      vertex  1.539291e+01  1.664600e+03 -6.429290e+01
      vertex  1.506849e+01  1.664600e+03 -6.407613e+01
    endloop
  endfacet
  facet normal  -0.000000e+00 -1.000000e+00  0.000000e+00
    outer loop
      vertex -1.751420e+01  1.664600e+03 -6.600000e+01
      vertex  1.506849e+01  1.664600e+03 -6.407613e+01
      vertex  1.468580e+01  1.664600e+03 -6.400000e+01
    endloop
  endfacet
  facet normal  0.000000e+00 -1.000000e+00  0.000000e+00
    outer loop
      vertex -1.751420e+01  1.664600e+03 -6.600000e+01
      vertex  1.468580e+01  1.664600e+03 -6.400000e+01
      vertex -1.713151e+01  1.664600e+03 -6.592387e+01
    endloop
  endfacet
  facet normal  0.000000e+00 -1.000000e+00  0.000000e+00
    outer loop
      vertex -6.429290e+01  1.664600e+03  1.539291e+01
      vertex -6.407613e+01  1.664600e+03 -1.506849e+01
      vertex -6.407613e+01  1.664600e+03  1.506849e+01
    endloop
  endfacet
  facet normal  0.000000e+00 -1.000000e+00  0.000000e+00
    outer loop
      vertex -6.407613e+01  1.664600e+03  1.506849e+01
      vertex -6.407613e+01  1.664600e+03 -1.506849e+01
      vertex -6.400000e+01  1.664600e+03 -1.468580e+01
    endloop
  endfacet
  facet normal  0.000000e+00 -1.000000e+00  0.000000e+00
    outer loop
      vertex -6.407613e+01  1.664600e+03  1.506849e+01
      vertex -6.400000e+01  1.664600e+03 -1.468580e+01
      vertex -6.400000e+01  1.664600e+03  1.468580e+01
    endloop
  endfacet
  facet normal  0.000000e+00 -9.999999e-01  0.000000e+00
    outer loop
      vertex -6.407613e+01  1.664600e+03 -1.506849e+01
      vertex -6.429290e+01  1.664600e+03  1.539291e+01
      vertex -6.429290e+01  1.664600e+03 -1.539291e+01
    endloop
  endfacet
  facet normal  0.000000e+00 -1.000000e+00  0.000000e+00
    outer loop
      vertex -6.429290e+01  1.664600e+03 -1.539291e+01
      vertex -6.429290e+01  1.664600e+03  1.539291e+01
      vertex -6.570710e+01  1.664600e+03  1.680709e+01
    endloop
  endfacet
  facet normal  0.000000e+00 -1.000000e+00  0.000000e+00
    outer loop
      vertex -6.429290e+01  1.664600e+03 -1.539291e+01
      vertex -6.570710e+01  1.664600e+03  1.680709e+01
      vertex -6.570710e+01  1.664600e+03 -1.680709e+01
    endloop
  endfacet
  facet normal  0.000000e+00 -1.000000e+00  0.000000e+00
    outer loop
      vertex -6.570710e+01  1.664600e+03 -1.680709e+01
      vertex -6.570710e+01  1.664600e+03  1.680709e+01
      vertex -6.592387e+01  1.664600e+03  1.713151e+01
    endloop
  endfacet
  facet normal  0.000000e+00 -1.000000e+00  0.000000e+00
    outer loop
      vertex -6.570710e+01  1.664600e+03 -1.680709e+01
      vertex -6.592387e+01  1.664600e+03  1.713151e+01
      vertex -6.592387e+01  1.664600e+03 -1.713151e+01
    endloop
  endfacet
  facet normal  0.000000e+00 -1.000000e+00  0.000000e+00
    outer loop
      vertex -6.592387e+01  1.664600e+03 -1.713151e+01
      vertex -6.592387e+01  1.664600e+03  1.713151e+01
      vertex -6.600000e+01  1.664600e+03  1.751420e+01
    endloop
  endfacet
  facet normal  0.000000e+00 -1.000000e+00  0.000000e+00
    outer loop
      vertex -6.592387e+01  1.664600e+03 -1.713151e+01
      vertex -6.600000e+01  1.664600e+03  1.751420e+01
      vertex -6.600000e+01  1.664600e+03 -1.751420e+01
    endloop
  endfacet
  facet normal -1.951017e-01  0.000000e+00 -9.807830e-01
    outer loop
      vertex -1.751420e+01  1.670600e+03  6.600000e+01
      vertex -1.713151e+01  1.670600e+03  6.592387e+01
      vertex -1.751420e+01  1.664600e+03  6.600000e+01
    endloop
  endfacet
  facet normal -1.951017e-01  0.000000e+00 -9.807830e-01
    outer loop
      vertex -1.751420e+01  1.664600e+03  6.600000e+01
      vertex -1.713151e+01  1.670600e+03  6.592387e+01
      vertex -1.713151e+01  1.664600e+03  6.592387e+01
    endloop
  endfacet
  facet normal -5.555708e-01  0.000000e+00 -8.314692e-01
    outer loop
      vertex -1.713151e+01  1.670600e+03  6.592387e+01
      vertex -1.680709e+01  1.670600e+03  6.570710e+01
      vertex -1.713151e+01  1.664600e+03  6.592387e+01
    endloop
  endfacet
  facet normal -5.555708e-01  0.000000e+00 -8.314692e-01
    outer loop
      vertex -1.713151e+01  1.664600e+03  6.592387e+01
      vertex -1.680709e+01  1.670600e+03  6.570710e+01
      vertex -1.680709e+01  1.664600e+03  6.570710e+01
    endloop
  endfacet
  facet normal -7.071134e-01  0.000000e+00 -7.071001e-01
    outer loop
      vertex -1.539291e+01  1.664600e+03  6.429290e+01
      vertex -1.680709e+01  1.664600e+03  6.570710e+01
      vertex -1.539291e+01  1.670600e+03  6.429290e+01
    endloop
  endfacet
  facet normal -7.071134e-01  0.000000e+00 -7.071001e-01
    outer loop
      vertex -1.539291e+01  1.670600e+03  6.429290e+01
      vertex -1.680709e+01  1.664600e+03  6.570710e+01
      vertex -1.680709e+01  1.670600e+03  6.570710e+01
    endloop
  endfacet
  facet normal  0.000000e+00  0.000000e+00 -1.000000e+00
    outer loop
      vertex  1.468580e+01  1.664600e+03  6.400000e+01
      vertex -1.468580e+01  1.664600e+03  6.400000e+01
      vertex  1.468580e+01  1.670600e+03  6.400000e+01
    endloop
  endfacet
  facet normal  -0.000000e+00  0.000000e+00 -1.000000e+00
    outer loop
      vertex  1.468580e+01  1.670600e+03  6.400000e+01
      vertex -1.468580e+01  1.664600e+03  6.400000e+01
      vertex -1.468580e+01  1.670600e+03  6.400000e+01
    endloop
  endfacet
  facet normal  7.071134e-01  0.000000e+00 -7.071001e-01
    outer loop
      vertex  1.680709e+01  1.664600e+03  6.570710e+01
      vertex  1.539291e+01  1.664600e+03  6.429290e+01
      vertex  1.680709e+01  1.670600e+03  6.570710e+01
    endloop
  endfacet
  facet normal  7.071134e-01  0.000000e+00 -7.071001e-01
    outer loop
      vertex  1.680709e+01  1.670600e+03  6.570710e+01
      vertex  1.539291e+01  1.664600e+03  6.429290e+01
      vertex  1.539291e+01  1.670600e+03  6.429290e+01
    endloop
  endfacet
  facet normal  5.555708e-01  0.000000e+00 -8.314692e-01
    outer loop
      vertex  1.680709e+01  1.670600e+03  6.570710e+01
      vertex  1.713151e+01  1.670600e+03  6.592387e+01
      vertex  1.680709e+01  1.664600e+03  6.570710e+01
    endloop
  endfacet
  facet normal  5.555708e-01  0.000000e+00 -8.314692e-01
    outer loop
      vertex  1.680709e+01  1.664600e+03  6.570710e+01
      vertex  1.713151e+01  1.670600e+03  6.592387e+01
      vertex  1.713151e+01  1.664600e+03  6.592387e+01
    endloop
  endfacet
  facet normal  1.951017e-01  0.000000e+00 -9.807830e-01
    outer loop
      vertex  1.713151e+01  1.670600e+03  6.592387e+01
      vertex  1.751420e+01  1.670600e+03  6.600000e+01
      vertex  1.713151e+01  1.664600e+03  6.592387e+01
    endloop
  endfacet
  facet normal  1.951017e-01  0.000000e+00 -9.807830e-01
    outer loop
      vertex  1.713151e+01  1.664600e+03  6.592387e+01
      vertex  1.751420e+01  1.670600e+03  6.600000e+01
      vertex  1.751420e+01  1.664600e+03  6.600000e+01
    endloop
  endfacet
  facet normal -3.826822e-01  0.000000e+00 -9.238800e-01
    outer loop
      vertex  5.125842e+01  1.667000e+03  6.541422e+01
      vertex  4.984420e+01  1.667000e+03  6.600000e+01
      vertex  5.125842e+01  1.670600e+03  6.541422e+01
    endloop
  endfacet
  facet normal -3.826822e-01  0.000000e+00 -9.238800e-01
    outer loop
      vertex  5.125842e+01  1.670600e+03  6.541422e+01
      vertex  4.984420e+01  1.667000e+03  6.600000e+01
      vertex  4.984420e+01  1.670600e+03  6.600000e+01
    endloop
  endfacet
  facet normal -7.071068e-01  0.000000e+00 -7.071068e-01
    outer loop
      vertex  6.541422e+01  1.667000e+03  5.125842e+01
      vertex  5.125842e+01  1.667000e+03  6.541422e+01
      vertex  6.541422e+01  1.670600e+03  5.125842e+01
    endloop
  endfacet
  facet normal -7.071068e-01  0.000000e+00 -7.071068e-01
    outer loop
      vertex  6.541422e+01  1.670600e+03  5.125842e+01
      vertex  5.125842e+01  1.667000e+03  6.541422e+01
      vertex  5.125842e+01  1.670600e+03  6.541422e+01
    endloop
  endfacet
  facet normal -9.238800e-01  0.000000e+00 -3.826822e-01
    outer loop
      vertex  6.600000e+01  1.667000e+03  4.984420e+01
      vertex  6.541422e+01  1.667000e+03  5.125842e+01
      vertex  6.600000e+01  1.670600e+03  4.984420e+01
    endloop
  endfacet
  facet normal -9.238800e-01  0.000000e+00 -3.826822e-01
    outer loop
      vertex  6.600000e+01  1.670600e+03  4.984420e+01
      vertex  6.541422e+01  1.667000e+03  5.125842e+01
      vertex  6.541422e+01  1.670600e+03  5.125842e+01
    endloop
  endfacet
  facet normal -9.807830e-01  0.000000e+00  1.951017e-01
    outer loop
      vertex  6.600000e+01  1.670600e+03  1.751420e+01
      vertex  6.592387e+01  1.670600e+03  1.713151e+01
      vertex  6.600000e+01  1.664600e+03  1.751420e+01
    endloop
  endfacet
  facet normal -9.807830e-01  0.000000e+00  1.951017e-01
    outer loop
      vertex  6.600000e+01  1.664600e+03  1.751420e+01
      vertex  6.592387e+01  1.670600e+03  1.713151e+01
      vertex  6.592387e+01  1.664600e+03  1.713151e+01
    endloop
  endfacet
  facet normal -8.314692e-01  0.000000e+00  5.555708e-01
    outer loop
      vertex  6.592387e+01  1.670600e+03  1.713151e+01
      vertex  6.570710e+01  1.670600e+03  1.680709e+01
      vertex  6.592387e+01  1.664600e+03  1.713151e+01
    endloop
  endfacet
  facet normal -8.314692e-01  0.000000e+00  5.555708e-01
    outer loop
      vertex  6.592387e+01  1.664600e+03  1.713151e+01
      vertex  6.570710e+01  1.670600e+03  1.680709e+01
      vertex  6.570710e+01  1.664600e+03  1.680709e+01
    endloop
  endfacet
  facet normal -7.071001e-01  0.000000e+00  7.071134e-01
    outer loop
      vertex  6.429290e+01  1.664600e+03  1.539291e+01
      vertex  6.570710e+01  1.664600e+03  1.680709e+01
      vertex  6.429290e+01  1.670600e+03  1.539291e+01
    endloop
  endfacet
  facet normal -7.071001e-01  0.000000e+00  7.071134e-01
    outer loop
      vertex  6.429290e+01  1.670600e+03  1.539291e+01
      vertex  6.570710e+01  1.664600e+03  1.680709e+01
      vertex  6.570710e+01  1.670600e+03  1.680709e+01
    endloop
  endfacet
  facet normal -1.000000e+00  0.000000e+00  0.000000e+00
    outer loop
      vertex  6.400000e+01  1.664600e+03 -1.468580e+01
      vertex  6.400000e+01  1.664600e+03  1.468580e+01
      vertex  6.400000e+01  1.670600e+03 -1.468580e+01
    endloop
  endfacet
  facet normal -1.000000e+00  0.000000e+00  0.000000e+00
    outer loop
      vertex  6.400000e+01  1.670600e+03 -1.468580e+01
      vertex  6.400000e+01  1.664600e+03  1.468580e+01
      vertex  6.400000e+01  1.670600e+03  1.468580e+01
    endloop
  endfacet
  facet normal -7.071001e-01  0.000000e+00 -7.071134e-01
    outer loop
      vertex  6.570710e+01  1.664600e+03 -1.680709e+01
      vertex  6.429290e+01  1.664600e+03 -1.539291e+01
      vertex  6.570710e+01  1.670600e+03 -1.680709e+01
    endloop
  endfacet
  facet normal -7.071001e-01  0.000000e+00 -7.071134e-01
    outer loop
      vertex  6.570710e+01  1.670600e+03 -1.680709e+01
      vertex  6.429290e+01  1.664600e+03 -1.539291e+01
      vertex  6.429290e+01  1.670600e+03 -1.539291e+01
    endloop
  endfacet
  facet normal -8.314692e-01  0.000000e+00 -5.555708e-01
    outer loop
      vertex  6.570710e+01  1.670600e+03 -1.680709e+01
      vertex  6.592387e+01  1.670600e+03 -1.713151e+01
      vertex  6.570710e+01  1.664600e+03 -1.680709e+01
    endloop
  endfacet
  facet normal -8.314692e-01  0.000000e+00 -5.555708e-01
    outer loop
      vertex  6.570710e+01  1.664600e+03 -1.680709e+01
      vertex  6.592387e+01  1.670600e+03 -1.713151e+01
      vertex  6.592387e+01  1.664600e+03 -1.713151e+01
    endloop
  endfacet
  facet normal -9.807830e-01  0.000000e+00 -1.951017e-01
    outer loop
      vertex  6.592387e+01  1.670600e+03 -1.713151e+01
      vertex  6.600000e+01  1.670600e+03 -1.751420e+01
      vertex  6.592387e+01  1.664600e+03 -1.713151e+01
    endloop
  endfacet
  facet normal -9.807830e-01  0.000000e+00 -1.951017e-01
    outer loop
      vertex  6.592387e+01  1.664600e+03 -1.713151e+01
      vertex  6.600000e+01  1.670600e+03 -1.751420e+01
      vertex  6.600000e+01  1.664600e+03 -1.751420e+01
    endloop
  endfacet
  facet normal -9.238800e-01  0.000000e+00  3.826822e-01
    outer loop
      vertex  6.541422e+01  1.667000e+03 -5.125842e+01
      vertex  6.600000e+01  1.667000e+03 -4.984420e+01
      vertex  6.541422e+01  1.670600e+03 -5.125842e+01
    endloop
  endfacet
  facet normal -9.238800e-01  0.000000e+00  3.826822e-01
    outer loop
      vertex  6.541422e+01  1.670600e+03 -5.125842e+01
      vertex  6.600000e+01  1.667000e+03 -4.984420e+01
      vertex  6.600000e+01  1.670600e+03 -4.984420e+01
    endloop
  endfacet
  facet normal -7.071068e-01  0.000000e+00  7.071068e-01
    outer loop
      vertex  5.125842e+01  1.667000e+03 -6.541422e+01
      vertex  6.541422e+01  1.667000e+03 -5.125842e+01
      vertex  5.125842e+01  1.670600e+03 -6.541422e+01
    endloop
  endfacet
  facet normal -7.071068e-01  0.000000e+00  7.071068e-01
    outer loop
      vertex  5.125842e+01  1.670600e+03 -6.541422e+01
      vertex  6.541422e+01  1.667000e+03 -5.125842e+01
      vertex  6.541422e+01  1.670600e+03 -5.125842e+01
    endloop
  endfacet
  facet normal -3.826822e-01  0.000000e+00  9.238800e-01
    outer loop
      vertex  4.984420e+01  1.667000e+03 -6.600000e+01
      vertex  5.125842e+01  1.667000e+03 -6.541422e+01
      vertex  4.984420e+01  1.670600e+03 -6.600000e+01
    endloop
  endfacet
  facet normal -3.826822e-01  0.000000e+00  9.238800e-01
    outer loop
      vertex  4.984420e+01  1.670600e+03 -6.600000e+01
      vertex  5.125842e+01  1.667000e+03 -6.541422e+01
      vertex  5.125842e+01  1.670600e+03 -6.541422e+01
    endloop
  endfacet
  facet normal  1.951017e-01  0.000000e+00  9.807830e-01
    outer loop
      vertex  1.751420e+01  1.670600e+03 -6.600000e+01
      vertex  1.713151e+01  1.670600e+03 -6.592387e+01
      vertex  1.751420e+01  1.664600e+03 -6.600000e+01
    endloop
  endfacet
  facet normal  1.951017e-01  0.000000e+00  9.807830e-01
    outer loop
      vertex  1.751420e+01  1.664600e+03 -6.600000e+01
      vertex  1.713151e+01  1.670600e+03 -6.592387e+01
      vertex  1.713151e+01  1.664600e+03 -6.592387e+01
    endloop
  endfacet
  facet normal  5.555708e-01  0.000000e+00  8.314692e-01
    outer loop
      vertex  1.713151e+01  1.670600e+03 -6.592387e+01
      vertex  1.680709e+01  1.670600e+03 -6.570710e+01
      vertex  1.713151e+01  1.664600e+03 -6.592387e+01
    endloop
  endfacet
  facet normal  5.555708e-01  0.000000e+00  8.314692e-01
    outer loop
      vertex  1.713151e+01  1.664600e+03 -6.592387e+01
      vertex  1.680709e+01  1.670600e+03 -6.570710e+01
      vertex  1.680709e+01  1.664600e+03 -6.570710e+01
    endloop
  endfacet
  facet normal  7.071134e-01  0.000000e+00  7.071001e-01
    outer loop
      vertex  1.539291e+01  1.664600e+03 -6.429290e+01
      vertex  1.680709e+01  1.664600e+03 -6.570710e+01
      vertex  1.539291e+01  1.670600e+03 -6.429290e+01
    endloop
  endfacet
  facet normal  7.071134e-01  0.000000e+00  7.071001e-01
    outer loop
      vertex  1.539291e+01  1.670600e+03 -6.429290e+01
      vertex  1.680709e+01  1.664600e+03 -6.570710e+01
      vertex  1.680709e+01  1.670600e+03 -6.570710e+01
    endloop
  endfacet
  facet normal  0.000000e+00  0.000000e+00  1.000000e+00
    outer loop
      vertex -1.468580e+01  1.664600e+03 -6.400000e+01
      vertex  1.468580e+01  1.664600e+03 -6.400000e+01
      vertex -1.468580e+01  1.670600e+03 -6.400000e+01
    endloop
  endfacet
  facet normal  -0.000000e+00  0.000000e+00  1.000000e+00
    outer loop
      vertex -1.468580e+01  1.670600e+03 -6.400000e+01
      vertex  1.468580e+01  1.664600e+03 -6.400000e+01
      vertex  1.468580e+01  1.670600e+03 -6.400000e+01
    endloop
  endfacet
  facet normal -7.071134e-01  0.000000e+00  7.071001e-01
    outer loop
      vertex -1.680709e+01  1.664600e+03 -6.570710e+01
      vertex -1.539291e+01  1.664600e+03 -6.429290e+01
      vertex -1.680709e+01  1.670600e+03 -6.570710e+01
    endloop
  endfacet
  facet normal -7.071134e-01  0.000000e+00  7.071001e-01
    outer loop
      vertex -1.680709e+01  1.670600e+03 -6.570710e+01
      vertex -1.539291e+01  1.664600e+03 -6.429290e+01
      vertex -1.539291e+01  1.670600e+03 -6.429290e+01
    endloop
  endfacet
  facet normal -5.555708e-01  0.000000e+00  8.314692e-01
    outer loop
      vertex -1.680709e+01  1.670600e+03 -6.570710e+01
      vertex -1.713151e+01  1.670600e+03 -6.592387e+01
      vertex -1.680709e+01  1.664600e+03 -6.570710e+01
    endloop
  endfacet
  facet normal -5.555708e-01  0.000000e+00  8.314692e-01
    outer loop
      vertex -1.680709e+01  1.664600e+03 -6.570710e+01
      vertex -1.713151e+01  1.670600e+03 -6.592387e+01
      vertex -1.713151e+01  1.664600e+03 -6.592387e+01
    endloop
  endfacet
  facet normal -1.951017e-01  0.000000e+00  9.807830e-01
    outer loop
      vertex -1.713151e+01  1.670600e+03 -6.592387e+01
      vertex -1.751420e+01  1.670600e+03 -6.600000e+01
      vertex -1.713151e+01  1.664600e+03 -6.592387e+01
    endloop
  endfacet
  facet normal -1.951017e-01  0.000000e+00  9.807830e-01
    outer loop
      vertex -1.713151e+01  1.664600e+03 -6.592387e+01
      vertex -1.751420e+01  1.670600e+03 -6.600000e+01
      vertex -1.751420e+01  1.664600e+03 -6.600000e+01
    endloop
  endfacet
  facet normal  3.826822e-01  0.000000e+00  9.238800e-01
    outer loop
      vertex -5.125842e+01  1.667000e+03 -6.541422e+01
      vertex -4.984420e+01  1.667000e+03 -6.600000e+01
      vertex -5.125842e+01  1.670600e+03 -6.541422e+01
    endloop
  endfacet
  facet normal  3.826822e-01  0.000000e+00  9.238800e-01
    outer loop
      vertex -5.125842e+01  1.670600e+03 -6.541422e+01
      vertex -4.984420e+01  1.667000e+03 -6.600000e+01
      vertex -4.984420e+01  1.670600e+03 -6.600000e+01
    endloop
  endfacet
  facet normal  7.071068e-01  0.000000e+00  7.071068e-01
    outer loop
      vertex -6.541422e+01  1.667000e+03 -5.125842e+01
      vertex -5.125842e+01  1.667000e+03 -6.541422e+01
      vertex -6.541422e+01  1.670600e+03 -5.125842e+01
    endloop
  endfacet
  facet normal  7.071068e-01  0.000000e+00  7.071068e-01
    outer loop
      vertex -6.541422e+01  1.670600e+03 -5.125842e+01
      vertex -5.125842e+01  1.667000e+03 -6.541422e+01
      vertex -5.125842e+01  1.670600e+03 -6.541422e+01
    endloop
  endfacet
  facet normal  9.238800e-01  0.000000e+00  3.826822e-01
    outer loop
      vertex -6.600000e+01  1.667000e+03 -4.984420e+01
      vertex -6.541422e+01  1.667000e+03 -5.125842e+01
      vertex -6.600000e+01  1.670600e+03 -4.984420e+01
    endloop
  endfacet
  facet normal  9.238800e-01  0.000000e+00  3.826822e-01
    outer loop
      vertex -6.600000e+01  1.670600e+03 -4.984420e+01
      vertex -6.541422e+01  1.667000e+03 -5.125842e+01
      vertex -6.541422e+01  1.670600e+03 -5.125842e+01
    endloop
  endfacet
  facet normal  9.807830e-01  0.000000e+00 -1.951017e-01
    outer loop
      vertex -6.600000e+01  1.670600e+03 -1.751420e+01
      vertex -6.592387e+01  1.670600e+03 -1.713151e+01
      vertex -6.600000e+01  1.664600e+03 -1.751420e+01
    endloop
  endfacet
  facet normal  9.807830e-01  0.000000e+00 -1.951017e-01
    outer loop
      vertex -6.600000e+01  1.664600e+03 -1.751420e+01
      vertex -6.592387e+01  1.670600e+03 -1.713151e+01
      vertex -6.592387e+01  1.664600e+03 -1.713151e+01
    endloop
  endfacet
  facet normal  8.314692e-01  0.000000e+00 -5.555708e-01
    outer loop
      vertex -6.592387e+01  1.670600e+03 -1.713151e+01
      vertex -6.570710e+01  1.670600e+03 -1.680709e+01
      vertex -6.592387e+01  1.664600e+03 -1.713151e+01
    endloop
  endfacet
  facet normal  8.314692e-01  0.000000e+00 -5.555708e-01
    outer loop
      vertex -6.592387e+01  1.664600e+03 -1.713151e+01
      vertex -6.570710e+01  1.670600e+03 -1.680709e+01
      vertex -6.570710e+01  1.664600e+03 -1.680709e+01
    endloop
  endfacet
  facet normal  7.071001e-01  0.000000e+00 -7.071134e-01
    outer loop
      vertex -6.429290e+01  1.664600e+03 -1.539291e+01
      vertex -6.570710e+01  1.664600e+03 -1.680709e+01
      vertex -6.429290e+01  1.670600e+03 -1.539291e+01
    endloop
  endfacet
  facet normal  7.071001e-01  0.000000e+00 -7.071134e-01
    outer loop
      vertex -6.429290e+01  1.670600e+03 -1.539291e+01
      vertex -6.570710e+01  1.664600e+03 -1.680709e+01
      vertex -6.570710e+01  1.670600e+03 -1.680709e+01
    endloop
  endfacet
  facet normal  1.000000e+00  0.000000e+00  0.000000e+00
    outer loop
      vertex -6.400000e+01  1.664600e+03  1.468580e+01
      vertex -6.400000e+01  1.664600e+03 -1.468580e+01
      vertex -6.400000e+01  1.670600e+03  1.468580e+01
    endloop
  endfacet
  facet normal  1.000000e+00  0.000000e+00  0.000000e+00
    outer loop
      vertex -6.400000e+01  1.670600e+03  1.468580e+01
      vertex -6.400000e+01  1.664600e+03 -1.468580e+01
      vertex -6.400000e+01  1.670600e+03 -1.468580e+01
    endloop
  endfacet
  facet normal  7.071001e-01  0.000000e+00  7.071134e-01
    outer loop
      vertex -6.570710e+01  1.664600e+03  1.680709e+01
      vertex -6.429290e+01  1.664600e+03  1.539291e+01
      vertex -6.570710e+01  1.670600e+03  1.680709e+01
    endloop
  endfacet
  facet normal  7.071001e-01  0.000000e+00  7.071134e-01
    outer loop
      vertex -6.570710e+01  1.670600e+03  1.680709e+01
      vertex -6.429290e+01  1.664600e+03  1.539291e+01
      vertex -6.429290e+01  1.670600e+03  1.539291e+01
    endloop
  endfacet
  facet normal  8.314692e-01  0.000000e+00  5.555708e-01
    outer loop
      vertex -6.570710e+01  1.670600e+03  1.680709e+01
      vertex -6.592387e+01  1.670600e+03  1.713151e+01
      vertex -6.570710e+01  1.664600e+03  1.680709e+01
    endloop
  endfacet
  facet normal  8.314692e-01  0.000000e+00  5.555708e-01
    outer loop
      vertex -6.570710e+01  1.664600e+03  1.680709e+01
      vertex -6.592387e+01  1.670600e+03  1.713151e+01
      vertex -6.592387e+01  1.664600e+03  1.713151e+01
    endloop
  endfacet
  facet normal  9.807830e-01  0.000000e+00  1.951017e-01
    outer loop
      vertex -6.592387e+01  1.670600e+03  1.713151e+01
      vertex -6.600000e+01  1.670600e+03  1.751420e+01
      vertex -6.592387e+01  1.664600e+03  1.713151e+01
    endloop
  endfacet
  facet normal  9.807830e-01  0.000000e+00  1.951017e-01
    outer loop
      vertex -6.592387e+01  1.664600e+03  1.713151e+01
      vertex -6.600000e+01  1.670600e+03  1.751420e+01
      vertex -6.600000e+01  1.664600e+03  1.751420e+01
    endloop
  endfacet
  facet normal  -0.000000e+00  1.000000e+00  -0.000000e+00
    outer loop
      vertex -5.125842e+01  1.670600e+03 -6.541422e+01
      vertex -5.735000e+01  1.670600e+03 -6.185000e+01
      vertex -5.795288e+01  1.670600e+03 -5.960000e+01
    endloop
  endfacet
  facet normal  0.000000e+00  1.000000e+00  0.000000e+00
    outer loop
      vertex  5.125842e+01  1.670600e+03  6.541422e+01
      vertex  5.735000e+01  1.670600e+03  6.185000e+01
      vertex  5.795288e+01  1.670600e+03  5.960000e+01
    endloop
  endfacet
  facet normal  0.000000e+00  9.999999e-01  0.000000e+00
    outer loop
      vertex -7.220000e+01  1.670600e+03  1.463580e+01
      vertex -6.635000e+01  1.670600e+03 -6.185000e+01
      vertex -7.220000e+01  1.670600e+03 -1.463580e+01
    endloop
  endfacet
  facet normal  0.000000e+00  1.000000e+00  0.000000e+00
    outer loop
      vertex  5.125842e+01  1.670600e+03 -6.541422e+01
      vertex  5.795288e+01  1.670600e+03 -5.960000e+01
      vertex  5.735000e+01  1.670600e+03 -6.185000e+01
    endloop
  endfacet
  facet normal  0.000000e+00  1.000000e+00  0.000000e+00
    outer loop
      vertex -7.420000e+01  1.670600e+03 -1.746420e+01
      vertex -7.412388e+01  1.670600e+03 -1.708151e+01
      vertex -7.420000e+01  1.670600e+03 -5.789760e+01
    endloop
  endfacet
  facet normal  0.000000e+00  1.000000e+00  0.000000e+00
    outer loop
      vertex -6.600000e+01  1.670600e+03 -4.984420e+01
      vertex -6.574712e+01  1.670600e+03 -5.960000e+01
      vertex -6.635000e+01  1.670600e+03 -6.185000e+01
    endloop
  endfacet
  facet normal  0.000000e+00  1.000000e+00  0.000000e+00
    outer loop
      vertex -7.420000e+01  1.670600e+03  5.789760e+01
      vertex -7.412388e+01  1.670600e+03  1.708151e+01
      vertex -7.420000e+01  1.670600e+03  1.746420e+01
    endloop
  endfacet
  facet normal  -0.000000e+00  1.000000e+00  0.000000e+00
    outer loop
      vertex  6.600000e+01  1.670600e+03  4.984420e+01
      vertex  6.574712e+01  1.670600e+03  5.960000e+01
      vertex  6.635000e+01  1.670600e+03  6.185000e+01
    endloop
  endfacet
  facet normal  0.000000e+00  1.000000e+00  0.000000e+00
    outer loop
      vertex -5.789760e+01  1.670600e+03  7.420000e+01
      vertex -5.735000e+01  1.670600e+03  6.185000e+01
      vertex -5.795288e+01  1.670600e+03  6.410000e+01
    endloop
  endfacet
  facet normal  0.000000e+00  9.999999e-01  0.000000e+00
    outer loop
      vertex  6.541422e+01  1.670600e+03  5.125842e+01
      vertex  5.125842e+01  1.670600e+03  6.541422e+01
      vertex  5.795288e+01  1.670600e+03  5.960000e+01
    endloop
  endfacet
  facet normal  0.000000e+00  1.000000e+00  0.000000e+00
    outer loop
      vertex  6.541422e+01  1.670600e+03  5.125842e+01
      vertex  5.795288e+01  1.670600e+03  5.960000e+01
      vertex  5.960000e+01  1.670600e+03  5.795288e+01
    endloop
  endfacet
  facet normal  0.000000e+00  1.000000e+00  0.000000e+00
    outer loop
      vertex  6.541422e+01  1.670600e+03  5.125842e+01
      vertex  5.960000e+01  1.670600e+03  5.795288e+01
      vertex  6.185000e+01  1.670600e+03  5.735000e+01
    endloop
  endfacet
  facet normal  -0.000000e+00  9.999999e-01  0.000000e+00
    outer loop
      vertex  6.541422e+01  1.670600e+03  5.125842e+01
      vertex  6.185000e+01  1.670600e+03  5.735000e+01
      vertex  6.410000e+01  1.670600e+03  5.795288e+01
    endloop
  endfacet
  facet normal  -0.000000e+00  1.000000e+00  0.000000e+00
    outer loop
      vertex  6.541422e+01  1.670600e+03  5.125842e+01
      vertex  6.410000e+01  1.670600e+03  5.795288e+01
      vertex  6.574712e+01  1.670600e+03  5.960000e+01
    endloop
  endfacet
  facet normal  0.000000e+00  1.000000e+00  0.000000e+00
    outer loop
      vertex  6.541422e+01  1.670600e+03  5.125842e+01
      vertex  6.574712e+01  1.670600e+03  5.960000e+01
      vertex  6.600000e+01  1.670600e+03  4.984420e+01
    endloop
  endfacet
  facet normal  -0.000000e+00  1.000000e+00  0.000000e+00
    outer loop
      vertex  6.600000e+01  1.670600e+03  1.751420e+01
      vertex  6.600000e+01  1.670600e+03  4.984420e+01
      vertex  6.635000e+01  1.670600e+03  6.185000e+01
    endloop
  endfacet
  facet normal  0.000000e+00  1.000000e+00  0.000000e+00
    outer loop
      vertex  6.600000e+01  1.670600e+03  1.751420e+01
      vertex  6.635000e+01  1.670600e+03  6.185000e+01
      vertex  6.600000e+01  1.670600e+03 -1.751420e+01
    endloop
  endfacet
  facet normal  0.000000e+00  1.000000e+00  -0.000000e+00
    outer loop
      vertex  6.600000e+01  1.670600e+03  1.751420e+01
      vertex  6.600000e+01  1.670600e+03 -1.751420e+01
      vertex  6.592387e+01  1.670600e+03 -1.713151e+01
    endloop
  endfacet
  facet normal  0.000000e+00  1.000000e+00  0.000000e+00
    outer loop
      vertex  6.600000e+01  1.670600e+03  1.751420e+01
      vertex  6.592387e+01  1.670600e+03 -1.713151e+01
      vertex  6.592387e+01  1.670600e+03  1.713151e+01
    endloop
  endfacet
  facet normal  -0.000000e+00  1.000000e+00  0.000000e+00
    outer loop
      vertex  6.600000e+01  1.670600e+03 -4.984420e+01
      vertex  6.600000e+01  1.670600e+03 -1.751420e+01
      vertex  6.635000e+01  1.670600e+03  6.185000e+01
    endloop
  endfacet
  facet normal  0.000000e+00  1.000000e+00  0.000000e+00
    outer loop
      vertex  6.600000e+01  1.670600e+03 -4.984420e+01
      vertex  6.635000e+01  1.670600e+03  6.185000e+01
      vertex  6.635000e+01  1.670600e+03 -6.185000e+01
    endloop
  endfacet
  facet normal  0.000000e+00  1.000000e+00  0.000000e+00
    outer loop
      vertex  6.600000e+01  1.670600e+03 -4.984420e+01
      vertex  6.635000e+01  1.670600e+03 -6.185000e+01
      vertex  6.574712e+01  1.670600e+03 -5.960000e+01
    endloop
  endfacet
  facet normal  0.000000e+00  1.000000e+00  -0.000000e+00
    outer loop
      vertex  6.600000e+01  1.670600e+03 -4.984420e+01
      vertex  6.574712e+01  1.670600e+03 -5.960000e+01
      vertex  6.410000e+01  1.670600e+03 -5.795288e+01
    endloop
  endfacet
  facet normal  0.000000e+00  1.000000e+00  0.000000e+00
    outer loop
      vertex  6.600000e+01  1.670600e+03 -4.984420e+01
      vertex  6.410000e+01  1.670600e+03 -5.795288e+01
      vertex  6.541422e+01  1.670600e+03 -5.125842e+01
    endloop
  endfacet
  facet normal  0.000000e+00  9.999999e-01  -0.000000e+00
    outer loop
      vertex  6.541422e+01  1.670600e+03 -5.125842e+01
      vertex  6.410000e+01  1.670600e+03 -5.795288e+01
      vertex  6.185000e+01  1.670600e+03 -5.735000e+01
    endloop
  endfacet
  facet normal  0.000000e+00  1.000000e+00  -0.000000e+00
    outer loop
      vertex  6.541422e+01  1.670600e+03 -5.125842e+01
      vertex  6.185000e+01  1.670600e+03 -5.735000e+01
      vertex  5.960000e+01  1.670600e+03 -5.795288e+01
    endloop
  endfacet
  facet normal  0.000000e+00  1.000000e+00  -0.000000e+00
    outer loop
      vertex  6.541422e+01  1.670600e+03 -5.125842e+01
      vertex  5.960000e+01  1.670600e+03 -5.795288e+01
      vertex  5.795288e+01  1.670600e+03 -5.960000e+01
    endloop
  endfacet
  facet normal  0.000000e+00  9.999999e-01  -0.000000e+00
    outer loop
      vertex  6.541422e+01  1.670600e+03 -5.125842e+01
      vertex  5.795288e+01  1.670600e+03 -5.960000e+01
      vertex  5.125842e+01  1.670600e+03 -6.541422e+01
    endloop
  endfacet
  facet normal  -0.000000e+00  1.000000e+00  0.000000e+00
    outer loop
      vertex -7.390710e+01  1.670600e+03 -5.860471e+01
      vertex -7.420000e+01  1.670600e+03 -5.789760e+01
      vertex -7.412388e+01  1.670600e+03 -1.708151e+01
    endloop
  endfacet
  facet normal  -0.000000e+00  1.000000e+00  0.000000e+00
    outer loop
      vertex -7.390710e+01  1.670600e+03 -5.860471e+01
      vertex -7.412388e+01  1.670600e+03 -1.708151e+01
      vertex -7.390710e+01  1.670600e+03 -1.675709e+01
    endloop
  endfacet
  facet normal  -0.000000e+00  1.000000e+00  0.000000e+00
    outer loop
      vertex -7.390710e+01  1.670600e+03 -5.860471e+01
      vertex -7.390710e+01  1.670600e+03 -1.675709e+01
      vertex -7.249290e+01  1.670600e+03 -1.534291e+01
    endloop
  endfacet
  facet normal  -0.000000e+00  1.000000e+00  0.000000e+00
    outer loop
      vertex -7.390710e+01  1.670600e+03 -5.860471e+01
      vertex -7.249290e+01  1.670600e+03 -1.534291e+01
      vertex -7.227612e+01  1.670600e+03 -1.501849e+01
    endloop
  endfacet
  facet normal  -0.000000e+00  1.000000e+00  0.000000e+00
    outer loop
      vertex -7.390710e+01  1.670600e+03 -5.860471e+01
      vertex -7.227612e+01  1.670600e+03 -1.501849e+01
      vertex -7.220000e+01  1.670600e+03 -1.463580e+01
    endloop
  endfacet
  facet normal  0.000000e+00  1.000000e+00  0.000000e+00
    outer loop
      vertex -7.390710e+01  1.670600e+03 -5.860471e+01
      vertex -7.220000e+01  1.670600e+03 -1.463580e+01
      vertex -6.635000e+01  1.670600e+03 -6.185000e+01
    endloop
  endfacet
  facet normal  0.000000e+00  1.000000e+00  0.000000e+00
    outer loop
      vertex -7.390710e+01  1.670600e+03 -5.860471e+01
      vertex -6.635000e+01  1.670600e+03 -6.185000e+01
      vertex -6.574712e+01  1.670600e+03 -6.410000e+01
    endloop
  endfacet
  facet normal  0.000000e+00  1.000000e+00  0.000000e+00
    outer loop
      vertex -7.390710e+01  1.670600e+03 -5.860471e+01
      vertex -6.574712e+01  1.670600e+03 -6.410000e+01
      vertex -6.410000e+01  1.670600e+03 -6.574712e+01
    endloop
  endfacet
  facet normal  0.000000e+00  1.000000e+00  0.000000e+00
    outer loop
      vertex -7.390710e+01  1.670600e+03 -5.860471e+01
      vertex -6.410000e+01  1.670600e+03 -6.574712e+01
      vertex -5.860471e+01  1.670600e+03 -7.390710e+01
    endloop
  endfacet
  facet normal  0.000000e+00  1.000000e+00  0.000000e+00
    outer loop
      vertex -5.860471e+01  1.670600e+03 -7.390710e+01
      vertex -6.410000e+01  1.670600e+03 -6.574712e+01
      vertex -6.185000e+01  1.670600e+03 -6.635000e+01
    endloop
  endfacet
  facet normal  -0.000000e+00  1.000000e+00  0.000000e+00
    outer loop
      vertex -5.860471e+01  1.670600e+03 -7.390710e+01
      vertex -6.185000e+01  1.670600e+03 -6.635000e+01
      vertex -5.960000e+01  1.670600e+03 -6.574712e+01
    endloop
  endfacet
  facet normal  -0.000000e+00  9.999999e-01  0.000000e+00
    outer loop
      vertex -5.860471e+01  1.670600e+03 -7.390710e+01
      vertex -5.960000e+01  1.670600e+03 -6.574712e+01
      vertex -5.795288e+01  1.670600e+03 -6.410000e+01
    endloop
  endfacet
  facet normal  0.000000e+00  1.000000e+00  0.000000e+00
    outer loop
      vertex -5.860471e+01  1.670600e+03 -7.390710e+01
      vertex -5.795288e+01  1.670600e+03 -6.410000e+01
      vertex -5.789760e+01  1.670600e+03 -7.420000e+01
    endloop
  endfacet
  facet normal  -0.000000e+00  1.000000e+00  0.000000e+00
    outer loop
      vertex -5.789760e+01  1.670600e+03 -7.420000e+01
      vertex -5.795288e+01  1.670600e+03 -6.410000e+01
      vertex -5.735000e+01  1.670600e+03 -6.185000e+01
    endloop
  endfacet
  facet normal  0.000000e+00  1.000000e+00  0.000000e+00
    outer loop
      vertex -5.789760e+01  1.670600e+03 -7.420000e+01
      vertex -5.735000e+01  1.670600e+03 -6.185000e+01
      vertex -5.125842e+01  1.670600e+03 -6.541422e+01
    endloop
  endfacet
  facet normal  0.000000e+00  1.000000e+00  0.000000e+00
    outer loop
      vertex -5.789760e+01  1.670600e+03 -7.420000e+01
      vertex -5.125842e+01  1.670600e+03 -6.541422e+01
      vertex -4.984420e+01  1.670600e+03 -6.600000e+01
    endloop
  endfacet
  facet normal  -0.000000e+00  1.000000e+00  0.000000e+00
    outer loop
      vertex -5.789760e+01  1.670600e+03 -7.420000e+01
      vertex -4.984420e+01  1.670600e+03 -6.600000e+01
      vertex -1.751420e+01  1.670600e+03 -6.600000e+01
    endloop
  endfacet
  facet normal  0.000000e+00  1.000000e+00  0.000000e+00
    outer loop
      vertex -5.789760e+01  1.670600e+03 -7.420000e+01
      vertex -1.751420e+01  1.670600e+03 -6.600000e+01
      vertex -1.746420e+01  1.670600e+03 -7.420000e+01
    endloop
  endfacet
  facet normal  0.000000e+00  1.000000e+00  0.000000e+00
    outer loop
      vertex  7.390710e+01  1.670600e+03  5.860471e+01
      vertex  7.420000e+01  1.670600e+03  5.789760e+01
      vertex  7.420000e+01  1.670600e+03  1.746420e+01
    endloop
  endfacet
  facet normal  0.000000e+00  1.000000e+00  0.000000e+00
    outer loop
      vertex  7.390710e+01  1.670600e+03  5.860471e+01
      vertex  7.420000e+01  1.670600e+03  1.746420e+01
      vertex  7.412388e+01  1.670600e+03  1.708151e+01
    endloop
  endfacet
  facet normal  0.000000e+00  1.000000e+00  0.000000e+00
    outer loop
      vertex  7.390710e+01  1.670600e+03  5.860471e+01
      vertex  7.412388e+01  1.670600e+03  1.708151e+01
      vertex  7.390710e+01  1.670600e+03  1.675709e+01
    endloop
  endfacet
  facet normal  0.000000e+00  1.000000e+00  -0.000000e+00
    outer loop
      vertex  7.390710e+01  1.670600e+03  5.860471e+01
      vertex  7.390710e+01  1.670600e+03  1.675709e+01
      vertex  7.249290e+01  1.670600e+03  1.534291e+01
    endloop
  endfacet
  facet normal  0.000000e+00  1.000000e+00  -0.000000e+00
    outer loop
      vertex  7.390710e+01  1.670600e+03  5.860471e+01
      vertex  7.249290e+01  1.670600e+03  1.534291e+01
      vertex  7.227612e+01  1.670600e+03  1.501849e+01
    endloop
  endfacet
  facet normal  0.000000e+00  1.000000e+00  -0.000000e+00
    outer loop
      vertex  7.390710e+01  1.670600e+03  5.860471e+01
      vertex  7.227612e+01  1.670600e+03  1.501849e+01
      vertex  7.220000e+01  1.670600e+03  1.463580e+01
    endloop
  endfacet
  facet normal  0.000000e+00  1.000000e+00  -0.000000e+00
    outer loop
      vertex  7.390710e+01  1.670600e+03  5.860471e+01
      vertex  7.220000e+01  1.670600e+03  1.463580e+01
      vertex  6.635000e+01  1.670600e+03 -6.185000e+01
    endloop
  endfacet
  facet normal  0.000000e+00  1.000000e+00  0.000000e+00
    outer loop
      vertex  7.390710e+01  1.670600e+03  5.860471e+01
      vertex  6.635000e+01  1.670600e+03 -6.185000e+01
      vertex  6.635000e+01  1.670600e+03  6.185000e+01
    endloop
  endfacet
  facet normal  -0.000000e+00  1.000000e+00  -0.000000e+00
    outer loop
      vertex  7.390710e+01  1.670600e+03  5.860471e+01
      vertex  6.635000e+01  1.670600e+03  6.185000e+01
      vertex  6.574712e+01  1.670600e+03  6.410000e+01
    endloop
  endfacet
  facet normal  -0.000000e+00  1.000000e+00  -0.000000e+00
    outer loop
      vertex  7.390710e+01  1.670600e+03  5.860471e+01
      vertex  6.574712e+01  1.670600e+03  6.410000e+01
      vertex  5.860471e+01  1.670600e+03  7.390710e+01
    endloop
  endfacet
  facet normal  0.000000e+00  1.000000e+00  0.000000e+00
    outer loop
      vertex -5.860471e+01  1.670600e+03  7.390710e+01
      vertex -5.789760e+01  1.670600e+03  7.420000e+01
      vertex -5.795288e+01  1.670600e+03  6.410000e+01
    endloop
  endfacet
  facet normal  0.000000e+00  9.999999e-01  0.000000e+00
    outer loop
      vertex -5.860471e+01  1.670600e+03  7.390710e+01
      vertex -5.795288e+01  1.670600e+03  6.410000e+01
      vertex -5.960000e+01  1.670600e+03  6.574712e+01
    endloop
  endfacet
  facet normal  0.000000e+00  1.000000e+00  -0.000000e+00
    outer loop
      vertex -5.860471e+01  1.670600e+03  7.390710e+01
      vertex -5.960000e+01  1.670600e+03  6.574712e+01
      vertex -6.185000e+01  1.670600e+03  6.635000e+01
    endloop
  endfacet
  facet normal  0.000000e+00  1.000000e+00  -0.000000e+00
    outer loop
      vertex -5.860471e+01  1.670600e+03  7.390710e+01
      vertex -6.185000e+01  1.670600e+03  6.635000e+01
      vertex -6.410000e+01  1.670600e+03  6.574712e+01
    endloop
  endfacet
  facet normal  0.000000e+00  1.000000e+00  -0.000000e+00
    outer loop
      vertex -5.860471e+01  1.670600e+03  7.390710e+01
      vertex -6.410000e+01  1.670600e+03  6.574712e+01
      vertex -6.574712e+01  1.670600e+03  6.410000e+01
    endloop
  endfacet
  facet normal  0.000000e+00  1.000000e+00  -0.000000e+00
    outer loop
      vertex -5.860471e+01  1.670600e+03  7.390710e+01
      vertex -6.574712e+01  1.670600e+03  6.410000e+01
      vertex -7.390710e+01  1.670600e+03  5.860471e+01
    endloop
  endfacet
  facet normal  0.000000e+00  1.000000e+00  0.000000e+00
    outer loop
      vertex -5.125842e+01  1.670600e+03  6.541422e+01
      vertex -6.541422e+01  1.670600e+03  5.125842e+01
      vertex -5.795288e+01  1.670600e+03  5.960000e+01
    endloop
  endfacet
  facet normal  0.000000e+00  1.000000e+00  0.000000e+00
    outer loop
      vertex -5.125842e+01  1.670600e+03  6.541422e+01
      vertex -5.795288e+01  1.670600e+03  5.960000e+01
      vertex -5.735000e+01  1.670600e+03  6.185000e+01
    endloop
  endfacet
  facet normal  0.000000e+00  1.000000e+00  -0.000000e+00
    outer loop
      vertex -5.125842e+01  1.670600e+03  6.541422e+01
      vertex -5.735000e+01  1.670600e+03  6.185000e+01
      vertex -5.789760e+01  1.670600e+03  7.420000e+01
    endloop
  endfacet
  facet normal  0.000000e+00  1.000000e+00  0.000000e+00
    outer loop
      vertex  6.635000e+01  1.670600e+03 -6.185000e+01
      vertex  7.220000e+01  1.670600e+03  1.463580e+01
      vertex  7.220000e+01  1.670600e+03 -1.463580e+01
    endloop
  endfacet
  facet normal  0.000000e+00  1.000000e+00  0.000000e+00
    outer loop
      vertex  6.635000e+01  1.670600e+03 -6.185000e+01
      vertex  7.220000e+01  1.670600e+03 -1.463580e+01
      vertex  7.227612e+01  1.670600e+03 -1.501849e+01
    endloop
  endfacet
  facet normal  0.000000e+00  9.999999e-01  0.000000e+00
    outer loop
      vertex  6.635000e+01  1.670600e+03 -6.185000e+01
      vertex  7.227612e+01  1.670600e+03 -1.501849e+01
      vertex  7.249290e+01  1.670600e+03 -1.534291e+01
    endloop
  endfacet
  facet normal  0.000000e+00  1.000000e+00  0.000000e+00
    outer loop
      vertex  6.635000e+01  1.670600e+03 -6.185000e+01
      vertex  7.249290e+01  1.670600e+03 -1.534291e+01
      vertex  7.390710e+01  1.670600e+03 -1.675709e+01
    endloop
  endfacet
  facet normal  0.000000e+00  1.000000e+00  0.000000e+00
    outer loop
      vertex  6.635000e+01  1.670600e+03 -6.185000e+01
      vertex  7.390710e+01  1.670600e+03 -1.675709e+01
      vertex  7.390710e+01  1.670600e+03 -5.860471e+01
    endloop
  endfacet
  facet normal  0.000000e+00  1.000000e+00  0.000000e+00
    outer loop
      vertex  6.635000e+01  1.670600e+03 -6.185000e+01
      vertex  7.390710e+01  1.670600e+03 -5.860471e+01
      vertex  6.574712e+01  1.670600e+03 -6.410000e+01
    endloop
  endfacet
  facet normal  0.000000e+00  1.000000e+00  0.000000e+00
    outer loop
      vertex -6.541422e+01  1.670600e+03  5.125842e+01
      vertex -6.600000e+01  1.670600e+03  4.984420e+01
      vertex -6.574712e+01  1.670600e+03  5.960000e+01
    endloop
  endfacet
  facet normal  0.000000e+00  1.000000e+00  0.000000e+00
    outer loop
      vertex -6.541422e+01  1.670600e+03  5.125842e+01
      vertex -6.574712e+01  1.670600e+03  5.960000e+01
      vertex -6.410000e+01  1.670600e+03  5.795288e+01
    endloop
  endfacet
  facet normal  0.000000e+00  9.999999e-01  0.000000e+00
    outer loop
      vertex -6.541422e+01  1.670600e+03  5.125842e+01
      vertex -6.410000e+01  1.670600e+03  5.795288e+01
      vertex -6.185000e+01  1.670600e+03  5.735000e+01
    endloop
  endfacet
  facet normal  -0.000000e+00  1.000000e+00  0.000000e+00
    outer loop
      vertex -6.541422e+01  1.670600e+03  5.125842e+01
      vertex -6.185000e+01  1.670600e+03  5.735000e+01
      vertex -5.960000e+01  1.670600e+03  5.795288e+01
    endloop
  endfacet
  facet normal  -0.000000e+00  1.000000e+00  0.000000e+00
    outer loop
      vertex -6.541422e+01  1.670600e+03  5.125842e+01
      vertex -5.960000e+01  1.670600e+03  5.795288e+01
      vertex -5.795288e+01  1.670600e+03  5.960000e+01
    endloop
  endfacet
  facet normal  0.000000e+00  1.000000e+00  0.000000e+00
    outer loop
      vertex -6.635000e+01  1.670600e+03  6.185000e+01
      vertex -6.574712e+01  1.670600e+03  5.960000e+01
      vertex -6.600000e+01  1.670600e+03  4.984420e+01
    endloop
  endfacet
  facet normal  0.000000e+00  1.000000e+00  0.000000e+00
    outer loop
      vertex -6.635000e+01  1.670600e+03  6.185000e+01
      vertex -6.600000e+01  1.670600e+03  4.984420e+01
      vertex -6.600000e+01  1.670600e+03  1.751420e+01
    endloop
  endfacet
  facet normal  0.000000e+00  1.000000e+00  0.000000e+00
    outer loop
      vertex -6.635000e+01  1.670600e+03  6.185000e+01
      vertex -6.600000e+01  1.670600e+03  1.751420e+01
      vertex -6.600000e+01  1.670600e+03 -1.751420e+01
    endloop
  endfacet
  facet normal  0.000000e+00  1.000000e+00  0.000000e+00
    outer loop
      vertex -6.635000e+01  1.670600e+03  6.185000e+01
      vertex -6.600000e+01  1.670600e+03 -1.751420e+01
      vertex -6.600000e+01  1.670600e+03 -4.984420e+01
    endloop
  endfacet
  facet normal  0.000000e+00  1.000000e+00  0.000000e+00
    outer loop
      vertex -6.635000e+01  1.670600e+03  6.185000e+01
      vertex -6.600000e+01  1.670600e+03 -4.984420e+01
      vertex -6.635000e+01  1.670600e+03 -6.185000e+01
    endloop
  endfacet
  facet normal  0.000000e+00  1.000000e+00  -0.000000e+00
    outer loop
      vertex -6.635000e+01  1.670600e+03  6.185000e+01
      vertex -6.635000e+01  1.670600e+03 -6.185000e+01
      vertex -7.220000e+01  1.670600e+03  1.463580e+01
    endloop
  endfacet
  facet normal  0.000000e+00  1.000000e+00  -0.000000e+00
    outer loop
      vertex -6.635000e+01  1.670600e+03  6.185000e+01
      vertex -7.220000e+01  1.670600e+03  1.463580e+01
      vertex -7.390710e+01  1.670600e+03  5.860471e+01
    endloop
  endfacet
  facet normal  0.000000e+00  1.000000e+00  0.000000e+00
    outer loop
      vertex -6.635000e+01  1.670600e+03  6.185000e+01
      vertex -7.390710e+01  1.670600e+03  5.860471e+01
      vertex -6.574712e+01  1.670600e+03  6.410000e+01
    endloop
  endfacet
  facet normal  0.000000e+00  9.999999e-01  0.000000e+00
    outer loop
      vertex -6.541422e+01  1.670600e+03 -5.125842e+01
      vertex -5.125842e+01  1.670600e+03 -6.541422e+01
      vertex -5.795288e+01  1.670600e+03 -5.960000e+01
    endloop
  endfacet
  facet normal  0.000000e+00  1.000000e+00  0.000000e+00
    outer loop
      vertex -6.541422e+01  1.670600e+03 -5.125842e+01
      vertex -5.795288e+01  1.670600e+03 -5.960000e+01
      vertex -5.960000e+01  1.670600e+03 -5.795288e+01
    endloop
  endfacet
  facet normal  0.000000e+00  1.000000e+00  0.000000e+00
    outer loop
      vertex -6.541422e+01  1.670600e+03 -5.125842e+01
      vertex -5.960000e+01  1.670600e+03 -5.795288e+01
      vertex -6.185000e+01  1.670600e+03 -5.735000e+01
    endloop
  endfacet
  facet normal  0.000000e+00  9.999999e-01  0.000000e+00
    outer loop
      vertex -6.541422e+01  1.670600e+03 -5.125842e+01
      vertex -6.185000e+01  1.670600e+03 -5.735000e+01
      vertex -6.410000e+01  1.670600e+03 -5.795288e+01
    endloop
  endfacet
  facet normal  0.000000e+00  1.000000e+00  0.000000e+00
    outer loop
      vertex -6.541422e+01  1.670600e+03 -5.125842e+01
      vertex -6.410000e+01  1.670600e+03 -5.795288e+01
      vertex -6.574712e+01  1.670600e+03 -5.960000e+01
    endloop
  endfacet
  facet normal  0.000000e+00  1.000000e+00  -0.000000e+00
    outer loop
      vertex -6.541422e+01  1.670600e+03 -5.125842e+01
      vertex -6.574712e+01  1.670600e+03 -5.960000e+01
      vertex -6.600000e+01  1.670600e+03 -4.984420e+01
    endloop
  endfacet
  facet normal  0.000000e+00  1.000000e+00  0.000000e+00
    outer loop
      vertex -7.390710e+01  1.670600e+03  5.860471e+01
      vertex -7.220000e+01  1.670600e+03  1.463580e+01
      vertex -7.227612e+01  1.670600e+03  1.501849e+01
    endloop
  endfacet
  facet normal  0.000000e+00  1.000000e+00  0.000000e+00
    outer loop
      vertex -7.390710e+01  1.670600e+03  5.860471e+01
      vertex -7.227612e+01  1.670600e+03  1.501849e+01
      vertex -7.249290e+01  1.670600e+03  1.534291e+01
    endloop
  endfacet
  facet normal  0.000000e+00  1.000000e+00  0.000000e+00
    outer loop
      vertex -7.390710e+01  1.670600e+03  5.860471e+01
      vertex -7.249290e+01  1.670600e+03  1.534291e+01
      vertex -7.390710e+01  1.670600e+03  1.675709e+01
    endloop
  endfacet
  facet normal  0.000000e+00  1.000000e+00  0.000000e+00
    outer loop
      vertex -7.390710e+01  1.670600e+03  5.860471e+01
      vertex -7.390710e+01  1.670600e+03  1.675709e+01
      vertex -7.412388e+01  1.670600e+03  1.708151e+01
    endloop
  endfacet
  facet normal  0.000000e+00  1.000000e+00  -0.000000e+00
    outer loop
      vertex -7.390710e+01  1.670600e+03  5.860471e+01
      vertex -7.412388e+01  1.670600e+03  1.708151e+01
      vertex -7.420000e+01  1.670600e+03  5.789760e+01
    endloop
  endfacet
  facet normal  0.000000e+00  1.000000e+00  0.000000e+00
    outer loop
      vertex  5.860471e+01  1.670600e+03 -7.390710e+01
      vertex  5.789760e+01  1.670600e+03 -7.420000e+01
      vertex  5.795288e+01  1.670600e+03 -6.410000e+01
    endloop
  endfacet
  facet normal  0.000000e+00  9.999999e-01  0.000000e+00
    outer loop
      vertex  5.860471e+01  1.670600e+03 -7.390710e+01
      vertex  5.795288e+01  1.670600e+03 -6.410000e+01
      vertex  5.960000e+01  1.670600e+03 -6.574712e+01
    endloop
  endfacet
  facet normal  0.000000e+00  1.000000e+00  0.000000e+00
    outer loop
      vertex  5.860471e+01  1.670600e+03 -7.390710e+01
      vertex  5.960000e+01  1.670600e+03 -6.574712e+01
      vertex  6.185000e+01  1.670600e+03 -6.635000e+01
    endloop
  endfacet
  facet normal  -0.000000e+00  1.000000e+00  0.000000e+00
    outer loop
      vertex  5.860471e+01  1.670600e+03 -7.390710e+01
      vertex  6.185000e+01  1.670600e+03 -6.635000e+01
      vertex  6.410000e+01  1.670600e+03 -6.574712e+01
    endloop
  endfacet
  facet normal  -0.000000e+00  1.000000e+00  0.000000e+00
    outer loop
      vertex  5.860471e+01  1.670600e+03 -7.390710e+01
      vertex  6.410000e+01  1.670600e+03 -6.574712e+01
      vertex  6.574712e+01  1.670600e+03 -6.410000e+01
    endloop
  endfacet
  facet normal  -0.000000e+00  1.000000e+00  0.000000e+00
    outer loop
      vertex  5.860471e+01  1.670600e+03 -7.390710e+01
      vertex  6.574712e+01  1.670600e+03 -6.410000e+01
      vertex  7.390710e+01  1.670600e+03 -5.860471e+01
    endloop
  endfacet
  facet normal  0.000000e+00  1.000000e+00  0.000000e+00
    outer loop
      vertex  5.789760e+01  1.670600e+03 -7.420000e+01
      vertex  1.746420e+01  1.670600e+03 -7.420000e+01
      vertex  4.984420e+01  1.670600e+03 -6.600000e+01
    endloop
  endfacet
  facet normal  -0.000000e+00  1.000000e+00  0.000000e+00
    outer loop
      vertex  5.789760e+01  1.670600e+03 -7.420000e+01
      vertex  4.984420e+01  1.670600e+03 -6.600000e+01
      vertex  5.125842e+01  1.670600e+03 -6.541422e+01
    endloop
  endfacet
  facet normal  -0.000000e+00  1.000000e+00  0.000000e+00
    outer loop
      vertex  5.789760e+01  1.670600e+03 -7.420000e+01
      vertex  5.125842e+01  1.670600e+03 -6.541422e+01
      vertex  5.735000e+01  1.670600e+03 -6.185000e+01
    endloop
  endfacet
  facet normal  0.000000e+00  1.000000e+00  0.000000e+00
    outer loop
      vertex  5.789760e+01  1.670600e+03 -7.420000e+01
      vertex  5.735000e+01  1.670600e+03 -6.185000e+01
      vertex  5.795288e+01  1.670600e+03 -6.410000e+01
    endloop
  endfacet
  facet normal  0.000000e+00  9.999999e-01  0.000000e+00
    outer loop
      vertex  5.860471e+01  1.670600e+03  7.390710e+01
      vertex  6.574712e+01  1.670600e+03  6.410000e+01
      vertex  6.410000e+01  1.670600e+03  6.574712e+01
    endloop
  endfacet
  facet normal  0.000000e+00  1.000000e+00  0.000000e+00
    outer loop
      vertex  5.860471e+01  1.670600e+03  7.390710e+01
      vertex  6.410000e+01  1.670600e+03  6.574712e+01
      vertex  6.185000e+01  1.670600e+03  6.635000e+01
    endloop
  endfacet
  facet normal  0.000000e+00  1.000000e+00  0.000000e+00
    outer loop
      vertex  5.860471e+01  1.670600e+03  7.390710e+01
      vertex  6.185000e+01  1.670600e+03  6.635000e+01
      vertex  5.960000e+01  1.670600e+03  6.574712e+01
    endloop
  endfacet
  facet normal  0.000000e+00  9.999999e-01  0.000000e+00
    outer loop
      vertex  5.860471e+01  1.670600e+03  7.390710e+01
      vertex  5.960000e+01  1.670600e+03  6.574712e+01
      vertex  5.795288e+01  1.670600e+03  6.410000e+01
    endloop
  endfacet
  facet normal  0.000000e+00  1.000000e+00  -0.000000e+00
    outer loop
      vertex  5.860471e+01  1.670600e+03  7.390710e+01
      vertex  5.795288e+01  1.670600e+03  6.410000e+01
      vertex  5.789760e+01  1.670600e+03  7.420000e+01
    endloop
  endfacet
  facet normal  0.000000e+00  1.000000e+00  0.000000e+00
    outer loop
      vertex  5.789760e+01  1.670600e+03  7.420000e+01
      vertex  5.795288e+01  1.670600e+03  6.410000e+01
      vertex  5.735000e+01  1.670600e+03  6.185000e+01
    endloop
  endfacet
  facet normal  0.000000e+00  1.000000e+00  -0.000000e+00
    outer loop
      vertex  5.789760e+01  1.670600e+03  7.420000e+01
      vertex  5.735000e+01  1.670600e+03  6.185000e+01
      vertex  5.125842e+01  1.670600e+03  6.541422e+01
    endloop
  endfacet
  facet normal  0.000000e+00  1.000000e+00  -0.000000e+00
    outer loop
      vertex  5.789760e+01  1.670600e+03  7.420000e+01
      vertex  5.125842e+01  1.670600e+03  6.541422e+01
      vertex  4.984420e+01  1.670600e+03  6.600000e+01
    endloop
  endfacet
  facet normal  0.000000e+00  1.000000e+00  -0.000000e+00
    outer loop
      vertex  5.789760e+01  1.670600e+03  7.420000e+01
      vertex  4.984420e+01  1.670600e+03  6.600000e+01
      vertex  1.746420e+01  1.670600e+03  7.420000e+01
    endloop
  endfacet
  facet normal  0.000000e+00  1.000000e+00  0.000000e+00
    outer loop
      vertex -5.789760e+01  1.670600e+03  7.420000e+01
      vertex -1.746420e+01  1.670600e+03  7.420000e+01
      vertex -1.751420e+01  1.670600e+03  6.600000e+01
    endloop
  endfacet
  facet normal  0.000000e+00  1.000000e+00  0.000000e+00
    outer loop
      vertex -5.789760e+01  1.670600e+03  7.420000e+01
      vertex -1.751420e+01  1.670600e+03  6.600000e+01
      vertex -4.984420e+01  1.670600e+03  6.600000e+01
    endloop
  endfacet
  facet normal  0.000000e+00  1.000000e+00  0.000000e+00
    outer loop
      vertex -5.789760e+01  1.670600e+03  7.420000e+01
      vertex -4.984420e+01  1.670600e+03  6.600000e+01
      vertex -5.125842e+01  1.670600e+03  6.541422e+01
    endloop
  endfacet
  facet normal  0.000000e+00  1.000000e+00  -0.000000e+00
    outer loop
      vertex -6.400000e+01  1.670600e+03  1.468580e+01
      vertex -6.400000e+01  1.670600e+03 -1.468580e+01
      vertex -6.407613e+01  1.670600e+03  1.506849e+01
    endloop
  endfacet
  facet normal  0.000000e+00  1.000000e+00  0.000000e+00
    outer loop
      vertex -6.407613e+01  1.670600e+03  1.506849e+01
      vertex -6.400000e+01  1.670600e+03 -1.468580e+01
      vertex -6.407613e+01  1.670600e+03 -1.506849e+01
    endloop
  endfacet
  facet normal  0.000000e+00  1.000000e+00  -0.000000e+00
    outer loop
      vertex -6.407613e+01  1.670600e+03  1.506849e+01
      vertex -6.407613e+01  1.670600e+03 -1.506849e+01
      vertex -6.429290e+01  1.670600e+03  1.539291e+01
    endloop
  endfacet
  facet normal  0.000000e+00  9.999999e-01  0.000000e+00
    outer loop
      vertex -6.429290e+01  1.670600e+03  1.539291e+01
      vertex -6.407613e+01  1.670600e+03 -1.506849e+01
      vertex -6.429290e+01  1.670600e+03 -1.539291e+01
    endloop
  endfacet
  facet normal  0.000000e+00  1.000000e+00  -0.000000e+00
    outer loop
      vertex -6.429290e+01  1.670600e+03  1.539291e+01
      vertex -6.429290e+01  1.670600e+03 -1.539291e+01
      vertex -6.570710e+01  1.670600e+03  1.680709e+01
    endloop
  endfacet
  facet normal  0.000000e+00  1.000000e+00  0.000000e+00
    outer loop
      vertex -6.570710e+01  1.670600e+03  1.680709e+01
      vertex -6.429290e+01  1.670600e+03 -1.539291e+01
      vertex -6.570710e+01  1.670600e+03 -1.680709e+01
    endloop
  endfacet
  facet normal  0.000000e+00  1.000000e+00  -0.000000e+00
    outer loop
      vertex -6.570710e+01  1.670600e+03  1.680709e+01
      vertex -6.570710e+01  1.670600e+03 -1.680709e+01
      vertex -6.592387e+01  1.670600e+03  1.713151e+01
    endloop
  endfacet
  facet normal  0.000000e+00  1.000000e+00  0.000000e+00
    outer loop
      vertex -6.592387e+01  1.670600e+03  1.713151e+01
      vertex -6.570710e+01  1.670600e+03 -1.680709e+01
      vertex -6.592387e+01  1.670600e+03 -1.713151e+01
    endloop
  endfacet
  facet normal  0.000000e+00  1.000000e+00  -0.000000e+00
    outer loop
      vertex -6.592387e+01  1.670600e+03  1.713151e+01
      vertex -6.592387e+01  1.670600e+03 -1.713151e+01
      vertex -6.600000e+01  1.670600e+03  1.751420e+01
    endloop
  endfacet
  facet normal  0.000000e+00  1.000000e+00  0.000000e+00
    outer loop
      vertex -6.600000e+01  1.670600e+03  1.751420e+01
      vertex -6.592387e+01  1.670600e+03 -1.713151e+01
      vertex -6.600000e+01  1.670600e+03 -1.751420e+01
    endloop
  endfacet
  facet normal  0.000000e+00  1.000000e+00  0.000000e+00
    outer loop
      vertex -1.746420e+01  1.670600e+03 -7.420000e+01
      vertex -1.751420e+01  1.670600e+03 -6.600000e+01
      vertex -1.708151e+01  1.670600e+03 -7.412388e+01
    endloop
  endfacet
  facet normal  0.000000e+00  1.000000e+00  0.000000e+00
    outer loop
      vertex -1.708151e+01  1.670600e+03 -7.412388e+01
      vertex -1.751420e+01  1.670600e+03 -6.600000e+01
      vertex -1.713151e+01  1.670600e+03 -6.592387e+01
    endloop
  endfacet
  facet normal  0.000000e+00  1.000000e+00  0.000000e+00
    outer loop
      vertex -1.708151e+01  1.670600e+03 -7.412388e+01
      vertex -1.713151e+01  1.670600e+03 -6.592387e+01
      vertex -1.675709e+01  1.670600e+03 -7.390710e+01
    endloop
  endfacet
  facet normal  0.000000e+00  1.000000e+00  0.000000e+00
    outer loop
      vertex -1.675709e+01  1.670600e+03 -7.390710e+01
      vertex -1.713151e+01  1.670600e+03 -6.592387e+01
      vertex -1.680709e+01  1.670600e+03 -6.570710e+01
    endloop
  endfacet
  facet normal  0.000000e+00  1.000000e+00  0.000000e+00
    outer loop
      vertex -1.675709e+01  1.670600e+03 -7.390710e+01
      vertex -1.680709e+01  1.670600e+03 -6.570710e+01
      vertex -1.534291e+01  1.670600e+03 -7.249290e+01
    endloop
  endfacet
  facet normal  0.000000e+00  1.000000e+00  0.000000e+00
    outer loop
      vertex -1.534291e+01  1.670600e+03 -7.249290e+01
      vertex -1.680709e+01  1.670600e+03 -6.570710e+01
      vertex -1.539291e+01  1.670600e+03 -6.429290e+01
    endloop
  endfacet
  facet normal  0.000000e+00  1.000000e+00  0.000000e+00
    outer loop
      vertex -1.534291e+01  1.670600e+03 -7.249290e+01
      vertex -1.539291e+01  1.670600e+03 -6.429290e+01
      vertex -1.501849e+01  1.670600e+03 -7.227612e+01
    endloop
  endfacet
  facet normal  0.000000e+00  1.000000e+00  0.000000e+00
    outer loop
      vertex -1.501849e+01  1.670600e+03 -7.227612e+01
      vertex -1.539291e+01  1.670600e+03 -6.429290e+01
      vertex -1.506849e+01  1.670600e+03 -6.407613e+01
    endloop
  endfacet
  facet normal  0.000000e+00  1.000000e+00  0.000000e+00
    outer loop
      vertex -1.501849e+01  1.670600e+03 -7.227612e+01
      vertex -1.506849e+01  1.670600e+03 -6.407613e+01
      vertex -1.463580e+01  1.670600e+03 -7.220000e+01
    endloop
  endfacet
  facet normal  0.000000e+00  9.999999e-01  0.000000e+00
    outer loop
      vertex -1.463580e+01  1.670600e+03 -7.220000e+01
      vertex -1.506849e+01  1.670600e+03 -6.407613e+01
      vertex -1.468580e+01  1.670600e+03 -6.400000e+01
    endloop
  endfacet
  facet normal  0.000000e+00  1.000000e+00  0.000000e+00
    outer loop
      vertex -1.463580e+01  1.670600e+03 -7.220000e+01
      vertex -1.468580e+01  1.670600e+03 -6.400000e+01
      vertex  1.463580e+01  1.670600e+03 -7.220000e+01
    endloop
  endfacet
  facet normal  0.000000e+00  1.000000e+00  -0.000000e+00
    outer loop
      vertex  1.463580e+01  1.670600e+03 -7.220000e+01
      vertex -1.468580e+01  1.670600e+03 -6.400000e+01
      vertex  1.468580e+01  1.670600e+03 -6.400000e+01
    endloop
  endfacet
  facet normal  0.000000e+00  1.000000e+00  0.000000e+00
    outer loop
      vertex  1.463580e+01  1.670600e+03 -7.220000e+01
      vertex  1.468580e+01  1.670600e+03 -6.400000e+01
      vertex  1.501849e+01  1.670600e+03 -7.227612e+01
    endloop
  endfacet
  facet normal  0.000000e+00  9.999999e-01  -0.000000e+00
    outer loop
      vertex  1.501849e+01  1.670600e+03 -7.227612e+01
      vertex  1.468580e+01  1.670600e+03 -6.400000e+01
      vertex  1.506849e+01  1.670600e+03 -6.407613e+01
    endloop
  endfacet
  facet normal  0.000000e+00  1.000000e+00  0.000000e+00
    outer loop
      vertex  1.501849e+01  1.670600e+03 -7.227612e+01
      vertex  1.506849e+01  1.670600e+03 -6.407613e+01
      vertex  1.534291e+01  1.670600e+03 -7.249290e+01
    endloop
  endfacet
  facet normal  0.000000e+00  1.000000e+00  -0.000000e+00
    outer loop
      vertex  1.534291e+01  1.670600e+03 -7.249290e+01
      vertex  1.506849e+01  1.670600e+03 -6.407613e+01
      vertex  1.539291e+01  1.670600e+03 -6.429290e+01
    endloop
  endfacet
  facet normal  0.000000e+00  1.000000e+00  0.000000e+00
    outer loop
      vertex  1.534291e+01  1.670600e+03 -7.249290e+01
      vertex  1.539291e+01  1.670600e+03 -6.429290e+01
      vertex  1.675709e+01  1.670600e+03 -7.390710e+01
    endloop
  endfacet
  facet normal  0.000000e+00  1.000000e+00  -0.000000e+00
    outer loop
      vertex  1.675709e+01  1.670600e+03 -7.390710e+01
      vertex  1.539291e+01  1.670600e+03 -6.429290e+01
      vertex  1.680709e+01  1.670600e+03 -6.570710e+01
    endloop
  endfacet
  facet normal  0.000000e+00  1.000000e+00  0.000000e+00
    outer loop
      vertex  1.675709e+01  1.670600e+03 -7.390710e+01
      vertex  1.680709e+01  1.670600e+03 -6.570710e+01
      vertex  1.708151e+01  1.670600e+03 -7.412388e+01
    endloop
  endfacet
  facet normal  0.000000e+00  1.000000e+00  -0.000000e+00
    outer loop
      vertex  1.708151e+01  1.670600e+03 -7.412388e+01
      vertex  1.680709e+01  1.670600e+03 -6.570710e+01
      vertex  1.713151e+01  1.670600e+03 -6.592387e+01
    endloop
  endfacet
  facet normal  0.000000e+00  1.000000e+00  0.000000e+00
    outer loop
      vertex  1.708151e+01  1.670600e+03 -7.412388e+01
      vertex  1.713151e+01  1.670600e+03 -6.592387e+01
      vertex  1.746420e+01  1.670600e+03 -7.420000e+01
    endloop
  endfacet
  facet normal  0.000000e+00  9.999999e-01  -0.000000e+00
    outer loop
      vertex  1.746420e+01  1.670600e+03 -7.420000e+01
      vertex  1.713151e+01  1.670600e+03 -6.592387e+01
      vertex  1.751420e+01  1.670600e+03 -6.600000e+01
    endloop
  endfacet
  facet normal  -0.000000e+00  1.000000e+00  0.000000e+00
    outer loop
      vertex  1.746420e+01  1.670600e+03 -7.420000e+01
      vertex  1.751420e+01  1.670600e+03 -6.600000e+01
      vertex  4.984420e+01  1.670600e+03 -6.600000e+01
    endloop
  endfacet
  facet normal  0.000000e+00  1.000000e+00  -0.000000e+00
    outer loop
      vertex  7.420000e+01  1.670600e+03 -1.746420e+01
      vertex  7.420000e+01  1.670600e+03 -5.789760e+01
      vertex  7.412388e+01  1.670600e+03 -1.708151e+01
    endloop
  endfacet
  facet normal  0.000000e+00  1.000000e+00  0.000000e+00
    outer loop
      vertex  7.412388e+01  1.670600e+03 -1.708151e+01
      vertex  7.420000e+01  1.670600e+03 -5.789760e+01
      vertex  7.390710e+01  1.670600e+03 -5.860471e+01
    endloop
  endfacet
  facet normal  0.000000e+00  1.000000e+00  -0.000000e+00
    outer loop
      vertex  7.412388e+01  1.670600e+03 -1.708151e+01
      vertex  7.390710e+01  1.670600e+03 -5.860471e+01
      vertex  7.390710e+01  1.670600e+03 -1.675709e+01
    endloop
  endfacet
  facet normal  0.000000e+00  1.000000e+00  -0.000000e+00
    outer loop
      vertex  6.592387e+01  1.670600e+03  1.713151e+01
      vertex  6.592387e+01  1.670600e+03 -1.713151e+01
      vertex  6.570710e+01  1.670600e+03  1.680709e+01
    endloop
  endfacet
  facet normal  0.000000e+00  1.000000e+00  0.000000e+00
    outer loop
      vertex  6.570710e+01  1.670600e+03  1.680709e+01
      vertex  6.592387e+01  1.670600e+03 -1.713151e+01
      vertex  6.570710e+01  1.670600e+03 -1.680709e+01
    endloop
  endfacet
  facet normal  0.000000e+00  1.000000e+00  -0.000000e+00
    outer loop
      vertex  6.570710e+01  1.670600e+03  1.680709e+01
      vertex  6.570710e+01  1.670600e+03 -1.680709e+01
      vertex  6.429290e+01  1.670600e+03  1.539291e+01
    endloop
  endfacet
  facet normal  0.000000e+00  1.000000e+00  0.000000e+00
    outer loop
      vertex  6.429290e+01  1.670600e+03  1.539291e+01
      vertex  6.570710e+01  1.670600e+03 -1.680709e+01
      vertex  6.429290e+01  1.670600e+03 -1.539291e+01
    endloop
  endfacet
  facet normal  0.000000e+00  9.999999e-01  -0.000000e+00
    outer loop
      vertex  6.429290e+01  1.670600e+03  1.539291e+01
      vertex  6.429290e+01  1.670600e+03 -1.539291e+01
      vertex  6.407613e+01  1.670600e+03  1.506849e+01
    endloop
  endfacet
  facet normal  0.000000e+00  1.000000e+00  0.000000e+00
    outer loop
      vertex  6.407613e+01  1.670600e+03  1.506849e+01
      vertex  6.429290e+01  1.670600e+03 -1.539291e+01
      vertex  6.407613e+01  1.670600e+03 -1.506849e+01
    endloop
  endfacet
  facet normal  0.000000e+00  1.000000e+00  -0.000000e+00
    outer loop
      vertex  6.407613e+01  1.670600e+03  1.506849e+01
      vertex  6.407613e+01  1.670600e+03 -1.506849e+01
      vertex  6.400000e+01  1.670600e+03  1.468580e+01
    endloop
  endfacet
  facet normal  0.000000e+00  1.000000e+00  0.000000e+00
    outer loop
      vertex  6.400000e+01  1.670600e+03  1.468580e+01
      vertex  6.407613e+01  1.670600e+03 -1.506849e+01
      vertex  6.400000e+01  1.670600e+03 -1.468580e+01
    endloop
  endfacet
  facet normal  0.000000e+00  9.999999e-01  0.000000e+00
    outer loop
      vertex -1.751420e+01  1.670600e+03  6.600000e+01
      vertex -1.746420e+01  1.670600e+03  7.420000e+01
      vertex -1.713151e+01  1.670600e+03  6.592387e+01
    endloop
  endfacet
  facet normal  0.000000e+00  1.000000e+00  -0.000000e+00
    outer loop
      vertex -1.713151e+01  1.670600e+03  6.592387e+01
      vertex -1.746420e+01  1.670600e+03  7.420000e+01
      vertex -1.708151e+01  1.670600e+03  7.412388e+01
    endloop
  endfacet
  facet normal  0.000000e+00  1.000000e+00  0.000000e+00
    outer loop
      vertex -1.713151e+01  1.670600e+03  6.592387e+01
      vertex -1.708151e+01  1.670600e+03  7.412388e+01
      vertex -1.680709e+01  1.670600e+03  6.570710e+01
    endloop
  endfacet
  facet normal  0.000000e+00  1.000000e+00  -0.000000e+00
    outer loop
      vertex -1.680709e+01  1.670600e+03  6.570710e+01
      vertex -1.708151e+01  1.670600e+03  7.412388e+01
      vertex -1.675709e+01  1.670600e+03  7.390710e+01
    endloop
  endfacet
  facet normal  0.000000e+00  1.000000e+00  0.000000e+00
    outer loop
      vertex -1.680709e+01  1.670600e+03  6.570710e+01
      vertex -1.675709e+01  1.670600e+03  7.390710e+01
      vertex -1.539291e+01  1.670600e+03  6.429290e+01
    endloop
  endfacet
  facet normal  0.000000e+00  1.000000e+00  -0.000000e+00
    outer loop
      vertex -1.539291e+01  1.670600e+03  6.429290e+01
      vertex -1.675709e+01  1.670600e+03  7.390710e+01
      vertex -1.534291e+01  1.670600e+03  7.249290e+01
    endloop
  endfacet
  facet normal  0.000000e+00  1.000000e+00  0.000000e+00
    outer loop
      vertex -1.539291e+01  1.670600e+03  6.429290e+01
      vertex -1.534291e+01  1.670600e+03  7.249290e+01
      vertex -1.506849e+01  1.670600e+03  6.407613e+01
    endloop
  endfacet
  facet normal  0.000000e+00  1.000000e+00  -0.000000e+00
    outer loop
      vertex -1.506849e+01  1.670600e+03  6.407613e+01
      vertex -1.534291e+01  1.670600e+03  7.249290e+01
      vertex -1.501849e+01  1.670600e+03  7.227612e+01
    endloop
  endfacet
  facet normal  0.000000e+00  9.999999e-01  0.000000e+00
    outer loop
      vertex -1.506849e+01  1.670600e+03  6.407613e+01
      vertex -1.501849e+01  1.670600e+03  7.227612e+01
      vertex -1.468580e+01  1.670600e+03  6.400000e+01
    endloop
  endfacet
  facet normal  0.000000e+00  1.000000e+00  -0.000000e+00
    outer loop
      vertex -1.468580e+01  1.670600e+03  6.400000e+01
      vertex -1.501849e+01  1.670600e+03  7.227612e+01
      vertex -1.463580e+01  1.670600e+03  7.220000e+01
    endloop
  endfacet
  facet normal  0.000000e+00  1.000000e+00  0.000000e+00
    outer loop
      vertex -1.468580e+01  1.670600e+03  6.400000e+01
      vertex -1.463580e+01  1.670600e+03  7.220000e+01
      vertex  1.468580e+01  1.670600e+03  6.400000e+01
    endloop
  endfacet
  facet normal  0.000000e+00  1.000000e+00  0.000000e+00
    outer loop
      vertex  1.468580e+01  1.670600e+03  6.400000e+01
      vertex -1.463580e+01  1.670600e+03  7.220000e+01
      vertex  1.463580e+01  1.670600e+03  7.220000e+01
    endloop
  endfacet
  facet normal  0.000000e+00  9.999999e-01  0.000000e+00
    outer loop
      vertex  1.468580e+01  1.670600e+03  6.400000e+01
      vertex  1.463580e+01  1.670600e+03  7.220000e+01
      vertex  1.506849e+01  1.670600e+03  6.407613e+01
    endloop
  endfacet
  facet normal  0.000000e+00  1.000000e+00  0.000000e+00
    outer loop
      vertex  1.506849e+01  1.670600e+03  6.407613e+01
      vertex  1.463580e+01  1.670600e+03  7.220000e+01
      vertex  1.501849e+01  1.670600e+03  7.227612e+01
    endloop
  endfacet
  facet normal  0.000000e+00  1.000000e+00  0.000000e+00
    outer loop
      vertex  1.506849e+01  1.670600e+03  6.407613e+01
      vertex  1.501849e+01  1.670600e+03  7.227612e+01
      vertex  1.539291e+01  1.670600e+03  6.429290e+01
    endloop
  endfacet
  facet normal  0.000000e+00  1.000000e+00  0.000000e+00
    outer loop
      vertex  1.539291e+01  1.670600e+03  6.429290e+01
      vertex  1.501849e+01  1.670600e+03  7.227612e+01
      vertex  1.534291e+01  1.670600e+03  7.249290e+01
    endloop
  endfacet
  facet normal  0.000000e+00  1.000000e+00  0.000000e+00
    outer loop
      vertex  1.539291e+01  1.670600e+03  6.429290e+01
      vertex  1.534291e+01  1.670600e+03  7.249290e+01
      vertex  1.680709e+01  1.670600e+03  6.570710e+01
    endloop
  endfacet
  facet normal  0.000000e+00  1.000000e+00  0.000000e+00
    outer loop
      vertex  1.680709e+01  1.670600e+03  6.570710e+01
      vertex  1.534291e+01  1.670600e+03  7.249290e+01
      vertex  1.675709e+01  1.670600e+03  7.390710e+01
    endloop
  endfacet
  facet normal  0.000000e+00  1.000000e+00  0.000000e+00
    outer loop
      vertex  1.680709e+01  1.670600e+03  6.570710e+01
      vertex  1.675709e+01  1.670600e+03  7.390710e+01
      vertex  1.713151e+01  1.670600e+03  6.592387e+01
    endloop
  endfacet
  facet normal  0.000000e+00  1.000000e+00  0.000000e+00
    outer loop
      vertex  1.713151e+01  1.670600e+03  6.592387e+01
      vertex  1.675709e+01  1.670600e+03  7.390710e+01
      vertex  1.708151e+01  1.670600e+03  7.412388e+01
    endloop
  endfacet
  facet normal  0.000000e+00  1.000000e+00  0.000000e+00
    outer loop
      vertex  1.713151e+01  1.670600e+03  6.592387e+01
      vertex  1.708151e+01  1.670600e+03  7.412388e+01
      vertex  1.751420e+01  1.670600e+03  6.600000e+01
    endloop
  endfacet
  facet normal  0.000000e+00  1.000000e+00  0.000000e+00
    outer loop
      vertex  1.751420e+01  1.670600e+03  6.600000e+01
      vertex  1.708151e+01  1.670600e+03  7.412388e+01
      vertex  1.746420e+01  1.670600e+03  7.420000e+01
    endloop
  endfacet
  facet normal  0.000000e+00  1.000000e+00  0.000000e+00
    outer loop
      vertex  1.751420e+01  1.670600e+03  6.600000e+01
      vertex  1.746420e+01  1.670600e+03  7.420000e+01
      vertex  4.984420e+01  1.670600e+03  6.600000e+01
    endloop
  endfacet
  facet normal  9.999999e-01  0.000000e+00  0.000000e+00
    outer loop
      vertex  7.265000e+01  1.652900e+03 -4.330000e+01
      vertex  7.265000e+01  1.652900e+03 -4.130000e+01
      vertex  7.265000e+01  1.652511e+03 -4.475000e+01
    endloop
  endfacet
  facet normal  1.000000e+00  0.000000e+00  0.000000e+00
    outer loop
      vertex  7.265000e+01  1.652511e+03 -4.475000e+01
      vertex  7.265000e+01  1.652900e+03 -4.130000e+01
      vertex  7.265000e+01  1.652511e+03 -3.985000e+01
    endloop
  endfacet
  facet normal  1.000000e+00  0.000000e+00  0.000000e+00
    outer loop
      vertex  7.265000e+01  1.652511e+03 -4.475000e+01
      vertex  7.265000e+01  1.652511e+03 -3.985000e+01
      vertex  7.265000e+01  1.651450e+03 -4.581147e+01
    endloop
  endfacet
  facet normal  1.000000e+00  0.000000e+00  0.000000e+00
    outer loop
      vertex  7.265000e+01  1.651450e+03 -4.581147e+01
      vertex  7.265000e+01  1.652511e+03 -3.985000e+01
      vertex  7.265000e+01  1.651450e+03 -3.878852e+01
    endloop
  endfacet
  facet normal  1.000000e+00  0.000000e+00  0.000000e+00
    outer loop
      vertex  7.265000e+01  1.651450e+03 -4.581147e+01
      vertex  7.265000e+01  1.651450e+03 -3.878852e+01
      vertex  7.265000e+01  1.650000e+03 -4.620000e+01
    endloop
  endfacet
  facet normal  1.000000e+00  0.000000e+00  0.000000e+00
    outer loop
      vertex  7.265000e+01  1.650000e+03 -4.620000e+01
      vertex  7.265000e+01  1.651450e+03 -3.878852e+01
      vertex  7.265000e+01  1.650000e+03 -3.840000e+01
    endloop
  endfacet
  facet normal  1.000000e+00  0.000000e+00  0.000000e+00
    outer loop
      vertex  7.265000e+01  1.650000e+03 -4.620000e+01
      vertex  7.265000e+01  1.650000e+03 -3.840000e+01
      vertex  7.265000e+01  1.645000e+03 -4.620000e+01
    endloop
  endfacet
  facet normal  1.000000e+00  0.000000e+00  0.000000e+00
    outer loop
      vertex  7.265000e+01  1.645000e+03 -4.620000e+01
      vertex  7.265000e+01  1.650000e+03 -3.840000e+01
      vertex  7.265000e+01  1.645000e+03 -3.840000e+01
    endloop
  endfacet
  facet normal  1.000000e+00  0.000000e+00  0.000000e+00
    outer loop
      vertex  7.265000e+01  1.645000e+03 -4.620000e+01
      vertex  7.265000e+01  1.645000e+03 -3.840000e+01
      vertex  7.265000e+01  1.643550e+03 -4.581147e+01
    endloop
  endfacet
  facet normal  1.000000e+00  0.000000e+00  0.000000e+00
    outer loop
      vertex  7.265000e+01  1.643550e+03 -4.581147e+01
      vertex  7.265000e+01  1.645000e+03 -3.840000e+01
      vertex  7.265000e+01  1.643550e+03 -3.878852e+01
    endloop
  endfacet
  facet normal  1.000000e+00  0.000000e+00  0.000000e+00
    outer loop
      vertex  7.265000e+01  1.643550e+03 -4.581147e+01
      vertex  7.265000e+01  1.643550e+03 -3.878852e+01
      vertex  7.265000e+01  1.642489e+03 -4.475000e+01
    endloop
  endfacet
  facet normal  1.000000e+00  0.000000e+00  0.000000e+00
    outer loop
      vertex  7.265000e+01  1.642489e+03 -4.475000e+01
      vertex  7.265000e+01  1.643550e+03 -3.878852e+01
      vertex  7.265000e+01  1.642489e+03 -3.985000e+01
    endloop
  endfacet
  facet normal  1.000000e+00  0.000000e+00  0.000000e+00
    outer loop
      vertex  7.265000e+01  1.642489e+03 -4.475000e+01
      vertex  7.265000e+01  1.642489e+03 -3.985000e+01
      vertex  7.265000e+01  1.642100e+03 -4.330000e+01
    endloop
  endfacet
  facet normal  9.999999e-01  0.000000e+00  0.000000e+00
    outer loop
      vertex  7.265000e+01  1.642100e+03 -4.330000e+01
      vertex  7.265000e+01  1.642489e+03 -3.985000e+01
      vertex  7.265000e+01  1.642100e+03 -4.130000e+01
    endloop
  endfacet
  facet normal  9.999999e-01  0.000000e+00  0.000000e+00
    outer loop
      vertex  7.265000e+01  1.652900e+03  3.350000e+01
      vertex  7.265000e+01  1.652900e+03  3.550000e+01
      vertex  7.265000e+01  1.652511e+03  3.205000e+01
    endloop
  endfacet
  facet normal  1.000000e+00  0.000000e+00  0.000000e+00
    outer loop
      vertex  7.265000e+01  1.652511e+03  3.205000e+01
      vertex  7.265000e+01  1.652900e+03  3.550000e+01
      vertex  7.265000e+01  1.652511e+03  3.695000e+01
    endloop
  endfacet
  facet normal  1.000000e+00  0.000000e+00  0.000000e+00
    outer loop
      vertex  7.265000e+01  1.652511e+03  3.205000e+01
      vertex  7.265000e+01  1.652511e+03  3.695000e+01
      vertex  7.265000e+01  1.651450e+03  3.098853e+01
    endloop
  endfacet
  facet normal  1.000000e+00  0.000000e+00  0.000000e+00
    outer loop
      vertex  7.265000e+01  1.651450e+03  3.098853e+01
      vertex  7.265000e+01  1.652511e+03  3.695000e+01
      vertex  7.265000e+01  1.651450e+03  3.801147e+01
    endloop
  endfacet
  facet normal  1.000000e+00  0.000000e+00  0.000000e+00
    outer loop
      vertex  7.265000e+01  1.651450e+03  3.098853e+01
      vertex  7.265000e+01  1.651450e+03  3.801147e+01
      vertex  7.265000e+01  1.650000e+03  3.060000e+01
    endloop
  endfacet
  facet normal  1.000000e+00  0.000000e+00  0.000000e+00
    outer loop
      vertex  7.265000e+01  1.650000e+03  3.060000e+01
      vertex  7.265000e+01  1.651450e+03  3.801147e+01
      vertex  7.265000e+01  1.650000e+03  3.840000e+01
    endloop
  endfacet
  facet normal  1.000000e+00  0.000000e+00  0.000000e+00
    outer loop
      vertex  7.265000e+01  1.650000e+03  3.060000e+01
      vertex  7.265000e+01  1.650000e+03  3.840000e+01
      vertex  7.265000e+01  1.645000e+03  3.060000e+01
    endloop
  endfacet
  facet normal  1.000000e+00  0.000000e+00  0.000000e+00
    outer loop
      vertex  7.265000e+01  1.645000e+03  3.060000e+01
      vertex  7.265000e+01  1.650000e+03  3.840000e+01
      vertex  7.265000e+01  1.645000e+03  3.840000e+01
    endloop
  endfacet
  facet normal  1.000000e+00  0.000000e+00  0.000000e+00
    outer loop
      vertex  7.265000e+01  1.645000e+03  3.060000e+01
      vertex  7.265000e+01  1.645000e+03  3.840000e+01
      vertex  7.265000e+01  1.643550e+03  3.098853e+01
    endloop
  endfacet
  facet normal  1.000000e+00  0.000000e+00  0.000000e+00
    outer loop
      vertex  7.265000e+01  1.643550e+03  3.098853e+01
      vertex  7.265000e+01  1.645000e+03  3.840000e+01
      vertex  7.265000e+01  1.643550e+03  3.801147e+01
    endloop
  endfacet
  facet normal  1.000000e+00  0.000000e+00  0.000000e+00
    outer loop
      vertex  7.265000e+01  1.643550e+03  3.098853e+01
      vertex  7.265000e+01  1.643550e+03  3.801147e+01
      vertex  7.265000e+01  1.642489e+03  3.205000e+01
    endloop
  endfacet
  facet normal  1.000000e+00  0.000000e+00  0.000000e+00
    outer loop
      vertex  7.265000e+01  1.642489e+03  3.205000e+01
      vertex  7.265000e+01  1.643550e+03  3.801147e+01
      vertex  7.265000e+01  1.642489e+03  3.695000e+01
    endloop
  endfacet
  facet normal  1.000000e+00  0.000000e+00  0.000000e+00
    outer loop
      vertex  7.265000e+01  1.642489e+03  3.205000e+01
      vertex  7.265000e+01  1.642489e+03  3.695000e+01
      vertex  7.265000e+01  1.642100e+03  3.350000e+01
    endloop
  endfacet
  facet normal  9.999999e-01  0.000000e+00  0.000000e+00
    outer loop
      vertex  7.265000e+01  1.642100e+03  3.350000e+01
      vertex  7.265000e+01  1.642489e+03  3.695000e+01
      vertex  7.265000e+01  1.642100e+03  3.550000e+01
    endloop
  endfacet
  facet normal  -0.000000e+00  0.000000e+00  9.999999e-01
    outer loop
      vertex  4.330000e+01  1.652900e+03  7.265000e+01
      vertex  4.130000e+01  1.652900e+03  7.265000e+01
      vertex  4.475000e+01  1.652511e+03  7.265000e+01
    endloop
  endfacet
  facet normal  0.000000e+00  0.000000e+00  1.000000e+00
    outer loop
      vertex  4.475000e+01  1.652511e+03  7.265000e+01
      vertex  4.130000e+01  1.652900e+03  7.265000e+01
      vertex  3.985000e+01  1.652511e+03  7.265000e+01
    endloop
  endfacet
  facet normal  -0.000000e+00  0.000000e+00  1.000000e+00
    outer loop
      vertex  4.475000e+01  1.652511e+03  7.265000e+01
      vertex  3.985000e+01  1.652511e+03  7.265000e+01
      vertex  4.581147e+01  1.651450e+03  7.265000e+01
    endloop
  endfacet
  facet normal  0.000000e+00  0.000000e+00  1.000000e+00
    outer loop
      vertex  4.581147e+01  1.651450e+03  7.265000e+01
      vertex  3.985000e+01  1.652511e+03  7.265000e+01
      vertex  3.878852e+01  1.651450e+03  7.265000e+01
    endloop
  endfacet
  facet normal  -0.000000e+00  0.000000e+00  1.000000e+00
    outer loop
      vertex  4.581147e+01  1.651450e+03  7.265000e+01
      vertex  3.878852e+01  1.651450e+03  7.265000e+01
      vertex  4.620000e+01  1.650000e+03  7.265000e+01
    endloop
  endfacet
  facet normal  0.000000e+00  0.000000e+00  1.000000e+00
    outer loop
      vertex  4.620000e+01  1.650000e+03  7.265000e+01
      vertex  3.878852e+01  1.651450e+03  7.265000e+01
      vertex  3.840000e+01  1.650000e+03  7.265000e+01
    endloop
  endfacet
  facet normal  -0.000000e+00  0.000000e+00  1.000000e+00
    outer loop
      vertex  4.620000e+01  1.650000e+03  7.265000e+01
      vertex  3.840000e+01  1.650000e+03  7.265000e+01
      vertex  4.620000e+01  1.645000e+03  7.265000e+01
    endloop
  endfacet
  facet normal  0.000000e+00  0.000000e+00  1.000000e+00
    outer loop
      vertex  4.620000e+01  1.645000e+03  7.265000e+01
      vertex  3.840000e+01  1.650000e+03  7.265000e+01
      vertex  3.840000e+01  1.645000e+03  7.265000e+01
    endloop
  endfacet
  facet normal  -0.000000e+00  0.000000e+00  1.000000e+00
    outer loop
      vertex  4.620000e+01  1.645000e+03  7.265000e+01
      vertex  3.840000e+01  1.645000e+03  7.265000e+01
      vertex  4.581147e+01  1.643550e+03  7.265000e+01
    endloop
  endfacet
  facet normal  0.000000e+00  0.000000e+00  1.000000e+00
    outer loop
      vertex  4.581147e+01  1.643550e+03  7.265000e+01
      vertex  3.840000e+01  1.645000e+03  7.265000e+01
      vertex  3.878852e+01  1.643550e+03  7.265000e+01
    endloop
  endfacet
  facet normal  -0.000000e+00  0.000000e+00  1.000000e+00
    outer loop
      vertex  4.581147e+01  1.643550e+03  7.265000e+01
      vertex  3.878852e+01  1.643550e+03  7.265000e+01
      vertex  4.475000e+01  1.642489e+03  7.265000e+01
    endloop
  endfacet
  facet normal  0.000000e+00  0.000000e+00  1.000000e+00
    outer loop
      vertex  4.475000e+01  1.642489e+03  7.265000e+01
      vertex  3.878852e+01  1.643550e+03  7.265000e+01
      vertex  3.985000e+01  1.642489e+03  7.265000e+01
    endloop
  endfacet
  facet normal  -0.000000e+00  0.000000e+00  1.000000e+00
    outer loop
      vertex  4.475000e+01  1.642489e+03  7.265000e+01
      vertex  3.985000e+01  1.642489e+03  7.265000e+01
      vertex  4.330000e+01  1.642100e+03  7.265000e+01
    endloop
  endfacet
  facet normal  0.000000e+00  0.000000e+00  9.999999e-01
    outer loop
      vertex  4.330000e+01  1.642100e+03  7.265000e+01
      vertex  3.985000e+01  1.642489e+03  7.265000e+01
      vertex  4.130000e+01  1.642100e+03  7.265000e+01
    endloop
  endfacet
  facet normal -8.314617e-01  0.000000e+00 -5.555820e-01
    outer loop
      vertex -7.390710e+01  1.670600e+03  1.675709e+01
      vertex -7.390710e+01  1.664600e+03  1.675709e+01
      vertex -7.412388e+01  1.670600e+03  1.708151e+01
    endloop
  endfacet
  facet normal -8.314617e-01  -0.000000e+00 -5.555820e-01
    outer loop
      vertex -7.412388e+01  1.670600e+03  1.708151e+01
      vertex -7.390710e+01  1.664600e+03  1.675709e+01
      vertex -7.412388e+01  1.664600e+03  1.708151e+01
    endloop
  endfacet
  facet normal -9.807866e-01  0.000000e+00 -1.950838e-01
    outer loop
      vertex -7.412388e+01  1.670600e+03  1.708151e+01
      vertex -7.412388e+01  1.664600e+03  1.708151e+01
      vertex -7.420000e+01  1.670600e+03  1.746420e+01
    endloop
  endfacet
  facet normal -9.807866e-01  -0.000000e+00 -1.950838e-01
    outer loop
      vertex -7.420000e+01  1.670600e+03  1.746420e+01
      vertex -7.412388e+01  1.664600e+03  1.708151e+01
      vertex -7.420000e+01  1.664600e+03  1.746420e+01
    endloop
  endfacet
  facet normal -7.070999e-01  -0.000000e+00 -7.071137e-01
    outer loop
      vertex -7.390710e+01  1.664600e+03  1.675709e+01
      vertex -7.390710e+01  1.670600e+03  1.675709e+01
      vertex -7.249290e+01  1.664600e+03  1.534291e+01
    endloop
  endfacet
  facet normal -7.070999e-01  0.000000e+00 -7.071137e-01
    outer loop
      vertex -7.249290e+01  1.664600e+03  1.534291e+01
      vertex -7.390710e+01  1.670600e+03  1.675709e+01
      vertex -7.249290e+01  1.670600e+03  1.534291e+01
    endloop
  endfacet
  facet normal -1.000000e+00  -0.000000e+00  0.000000e+00
    outer loop
      vertex -7.220000e+01  1.664600e+03  1.463580e+01
      vertex -7.220000e+01  1.670600e+03  1.463580e+01
      vertex -7.220000e+01  1.664600e+03 -1.463580e+01
    endloop
  endfacet
  facet normal -1.000000e+00  0.000000e+00  0.000000e+00
    outer loop
      vertex -7.220000e+01  1.664600e+03 -1.463580e+01
      vertex -7.220000e+01  1.670600e+03  1.463580e+01
      vertex -7.220000e+01  1.670600e+03 -1.463580e+01
    endloop
  endfacet
  facet normal -7.070999e-01  0.000000e+00  7.071137e-01
    outer loop
      vertex -7.249290e+01  1.664600e+03 -1.534291e+01
      vertex -7.249290e+01  1.670600e+03 -1.534291e+01
      vertex -7.390710e+01  1.664600e+03 -1.675709e+01
    endloop
  endfacet
  facet normal -7.070999e-01  0.000000e+00  7.071137e-01
    outer loop
      vertex -7.390710e+01  1.664600e+03 -1.675709e+01
      vertex -7.249290e+01  1.670600e+03 -1.534291e+01
      vertex -7.390710e+01  1.670600e+03 -1.675709e+01
    endloop
  endfacet
  facet normal -9.807866e-01  0.000000e+00  1.950838e-01
    outer loop
      vertex -7.420000e+01  1.670600e+03 -1.746420e+01
      vertex -7.420000e+01  1.664600e+03 -1.746420e+01
      vertex -7.412388e+01  1.670600e+03 -1.708151e+01
    endloop
  endfacet
  facet normal -9.807866e-01  0.000000e+00  1.950838e-01
    outer loop
      vertex -7.412388e+01  1.670600e+03 -1.708151e+01
      vertex -7.420000e+01  1.664600e+03 -1.746420e+01
      vertex -7.412388e+01  1.664600e+03 -1.708151e+01
    endloop
  endfacet
  facet normal -8.314617e-01  0.000000e+00  5.555820e-01
    outer loop
      vertex -7.412388e+01  1.670600e+03 -1.708151e+01
      vertex -7.412388e+01  1.664600e+03 -1.708151e+01
      vertex -7.390710e+01  1.670600e+03 -1.675709e+01
    endloop
  endfacet
  facet normal -8.314617e-01  0.000000e+00  5.555820e-01
    outer loop
      vertex -7.390710e+01  1.670600e+03 -1.675709e+01
      vertex -7.412388e+01  1.664600e+03 -1.708151e+01
      vertex -7.390710e+01  1.664600e+03 -1.675709e+01
    endloop
  endfacet
  facet normal -1.000000e+00  -0.000000e+00  0.000000e+00
    outer loop
      vertex -7.420000e+01  1.664600e+03 -1.746420e+01
      vertex -7.420000e+01  1.670600e+03 -1.746420e+01
      vertex -7.420000e+01  1.664600e+03 -5.789760e+01
    endloop
  endfacet
  facet normal -1.000000e+00  0.000000e+00  0.000000e+00
    outer loop
      vertex -7.420000e+01  1.664600e+03 -5.789760e+01
      vertex -7.420000e+01  1.670600e+03 -1.746420e+01
      vertex -7.420000e+01  1.670600e+03 -5.789760e+01
    endloop
  endfacet
  facet normal -9.238800e-01  -0.000000e+00 -3.826822e-01
    outer loop
      vertex -7.420000e+01  1.664600e+03 -5.789760e+01
      vertex -7.420000e+01  1.670600e+03 -5.789760e+01
      vertex -7.390710e+01  1.664600e+03 -5.860471e+01
    endloop
  endfacet
  facet normal -9.238800e-01  0.000000e+00 -3.826822e-01
    outer loop
      vertex -7.390710e+01  1.664600e+03 -5.860471e+01
      vertex -7.420000e+01  1.670600e+03 -5.789760e+01
      vertex -7.390710e+01  1.670600e+03 -5.860471e+01
    endloop
  endfacet
  facet normal -7.071068e-01  -0.000000e+00 -7.071068e-01
    outer loop
      vertex -7.390710e+01  1.664600e+03 -5.860471e+01
      vertex -7.390710e+01  1.670600e+03 -5.860471e+01
      vertex -5.860471e+01  1.664600e+03 -7.390710e+01
    endloop
  endfacet
  facet normal -7.071068e-01  0.000000e+00 -7.071068e-01
    outer loop
      vertex -5.860471e+01  1.664600e+03 -7.390710e+01
      vertex -7.390710e+01  1.670600e+03 -5.860471e+01
      vertex -5.860471e+01  1.670600e+03 -7.390710e+01
    endloop
  endfacet
  facet normal -3.826822e-01  -0.000000e+00 -9.238800e-01
    outer loop
      vertex -5.860471e+01  1.664600e+03 -7.390710e+01
      vertex -5.860471e+01  1.670600e+03 -7.390710e+01
      vertex -5.789760e+01  1.664600e+03 -7.420000e+01
    endloop
  endfacet
  facet normal -3.826822e-01  0.000000e+00 -9.238800e-01
    outer loop
      vertex -5.789760e+01  1.664600e+03 -7.420000e+01
      vertex -5.860471e+01  1.670600e+03 -7.390710e+01
      vertex -5.789760e+01  1.670600e+03 -7.420000e+01
    endloop
  endfacet
  facet normal  0.000000e+00  0.000000e+00 -1.000000e+00
    outer loop
      vertex -5.789760e+01  1.664600e+03 -7.420000e+01
      vertex -5.789760e+01  1.670600e+03 -7.420000e+01
      vertex -1.746420e+01  1.664600e+03 -7.420000e+01
    endloop
  endfacet
  facet normal  0.000000e+00  0.000000e+00 -1.000000e+00
    outer loop
      vertex -1.746420e+01  1.664600e+03 -7.420000e+01
      vertex -5.789760e+01  1.670600e+03 -7.420000e+01
      vertex -1.746420e+01  1.670600e+03 -7.420000e+01
    endloop
  endfacet
  facet normal  5.555820e-01  0.000000e+00 -8.314617e-01
    outer loop
      vertex -1.675709e+01  1.670600e+03 -7.390710e+01
      vertex -1.675709e+01  1.664600e+03 -7.390710e+01
      vertex -1.708151e+01  1.670600e+03 -7.412388e+01
    endloop
  endfacet
  facet normal  5.555820e-01  0.000000e+00 -8.314617e-01
    outer loop
      vertex -1.708151e+01  1.670600e+03 -7.412388e+01
      vertex -1.675709e+01  1.664600e+03 -7.390710e+01
      vertex -1.708151e+01  1.664600e+03 -7.412388e+01
    endloop
  endfacet
  facet normal  1.950838e-01  0.000000e+00 -9.807866e-01
    outer loop
      vertex -1.708151e+01  1.670600e+03 -7.412388e+01
      vertex -1.708151e+01  1.664600e+03 -7.412388e+01
      vertex -1.746420e+01  1.670600e+03 -7.420000e+01
    endloop
  endfacet
  facet normal  1.950838e-01  0.000000e+00 -9.807866e-01
    outer loop
      vertex -1.746420e+01  1.670600e+03 -7.420000e+01
      vertex -1.708151e+01  1.664600e+03 -7.412388e+01
      vertex -1.746420e+01  1.664600e+03 -7.420000e+01
    endloop
  endfacet
  facet normal  7.071137e-01  0.000000e+00 -7.070999e-01
    outer loop
      vertex -1.675709e+01  1.664600e+03 -7.390710e+01
      vertex -1.675709e+01  1.670600e+03 -7.390710e+01
      vertex -1.534291e+01  1.664600e+03 -7.249290e+01
    endloop
  endfacet
  facet normal  7.071137e-01  0.000000e+00 -7.070999e-01
    outer loop
      vertex -1.534291e+01  1.664600e+03 -7.249290e+01
      vertex -1.675709e+01  1.670600e+03 -7.390710e+01
      vertex -1.534291e+01  1.670600e+03 -7.249290e+01
    endloop
  endfacet
  facet normal  0.000000e+00  0.000000e+00 -1.000000e+00
    outer loop
      vertex -1.463580e+01  1.664600e+03 -7.220000e+01
      vertex -1.463580e+01  1.670600e+03 -7.220000e+01
      vertex  1.463580e+01  1.664600e+03 -7.220000e+01
    endloop
  endfacet
  facet normal  0.000000e+00  0.000000e+00 -1.000000e+00
    outer loop
      vertex  1.463580e+01  1.664600e+03 -7.220000e+01
      vertex -1.463580e+01  1.670600e+03 -7.220000e+01
      vertex  1.463580e+01  1.670600e+03 -7.220000e+01
    endloop
  endfacet
  facet normal -7.071137e-01  -0.000000e+00 -7.070999e-01
    outer loop
      vertex  1.534291e+01  1.664600e+03 -7.249290e+01
      vertex  1.534291e+01  1.670600e+03 -7.249290e+01
      vertex  1.675709e+01  1.664600e+03 -7.390710e+01
    endloop
  endfacet
  facet normal -7.071137e-01  0.000000e+00 -7.070999e-01
    outer loop
      vertex  1.675709e+01  1.664600e+03 -7.390710e+01
      vertex  1.534291e+01  1.670600e+03 -7.249290e+01
      vertex  1.675709e+01  1.670600e+03 -7.390710e+01
    endloop
  endfacet
  facet normal -1.950838e-01  0.000000e+00 -9.807866e-01
    outer loop
      vertex  1.746420e+01  1.670600e+03 -7.420000e+01
      vertex  1.746420e+01  1.664600e+03 -7.420000e+01
      vertex  1.708151e+01  1.670600e+03 -7.412388e+01
    endloop
  endfacet
  facet normal -1.950838e-01  -0.000000e+00 -9.807866e-01
    outer loop
      vertex  1.708151e+01  1.670600e+03 -7.412388e+01
      vertex  1.746420e+01  1.664600e+03 -7.420000e+01
      vertex  1.708151e+01  1.664600e+03 -7.412388e+01
    endloop
  endfacet
  facet normal -5.555820e-01  0.000000e+00 -8.314617e-01
    outer loop
      vertex  1.708151e+01  1.670600e+03 -7.412388e+01
      vertex  1.708151e+01  1.664600e+03 -7.412388e+01
      vertex  1.675709e+01  1.670600e+03 -7.390710e+01
    endloop
  endfacet
  facet normal -5.555820e-01  -0.000000e+00 -8.314617e-01
    outer loop
      vertex  1.675709e+01  1.670600e+03 -7.390710e+01
      vertex  1.708151e+01  1.664600e+03 -7.412388e+01
      vertex  1.675709e+01  1.664600e+03 -7.390710e+01
    endloop
  endfacet
  facet normal  0.000000e+00  0.000000e+00 -1.000000e+00
    outer loop
      vertex  1.746420e+01  1.664600e+03 -7.420000e+01
      vertex  1.746420e+01  1.670600e+03 -7.420000e+01
      vertex  5.789760e+01  1.664600e+03 -7.420000e+01
    endloop
  endfacet
  facet normal  0.000000e+00  0.000000e+00 -1.000000e+00
    outer loop
      vertex  5.789760e+01  1.664600e+03 -7.420000e+01
      vertex  1.746420e+01  1.670600e+03 -7.420000e+01
      vertex  5.789760e+01  1.670600e+03 -7.420000e+01
    endloop
  endfacet
  facet normal  3.826822e-01  0.000000e+00 -9.238800e-01
    outer loop
      vertex  5.789760e+01  1.664600e+03 -7.420000e+01
      vertex  5.789760e+01  1.670600e+03 -7.420000e+01
      vertex  5.860471e+01  1.664600e+03 -7.390710e+01
    endloop
  endfacet
  facet normal  3.826822e-01  0.000000e+00 -9.238800e-01
    outer loop
      vertex  5.860471e+01  1.664600e+03 -7.390710e+01
      vertex  5.789760e+01  1.670600e+03 -7.420000e+01
      vertex  5.860471e+01  1.670600e+03 -7.390710e+01
    endloop
  endfacet
  facet normal  7.071068e-01  0.000000e+00 -7.071068e-01
    outer loop
      vertex  5.860471e+01  1.664600e+03 -7.390710e+01
      vertex  5.860471e+01  1.670600e+03 -7.390710e+01
      vertex  7.390710e+01  1.664600e+03 -5.860471e+01
    endloop
  endfacet
  facet normal  7.071068e-01  0.000000e+00 -7.071068e-01
    outer loop
      vertex  7.390710e+01  1.664600e+03 -5.860471e+01
      vertex  5.860471e+01  1.670600e+03 -7.390710e+01
      vertex  7.390710e+01  1.670600e+03 -5.860471e+01
    endloop
  endfacet
  facet normal  9.238800e-01  0.000000e+00 -3.826822e-01
    outer loop
      vertex  7.390710e+01  1.664600e+03 -5.860471e+01
      vertex  7.390710e+01  1.670600e+03 -5.860471e+01
      vertex  7.420000e+01  1.664600e+03 -5.789760e+01
    endloop
  endfacet
  facet normal  9.238800e-01  0.000000e+00 -3.826822e-01
    outer loop
      vertex  7.420000e+01  1.664600e+03 -5.789760e+01
      vertex  7.390710e+01  1.670600e+03 -5.860471e+01
      vertex  7.420000e+01  1.670600e+03 -5.789760e+01
    endloop
  endfacet
  facet normal  1.000000e+00  0.000000e+00  0.000000e+00
    outer loop
      vertex  7.420000e+01  1.664600e+03 -5.789760e+01
      vertex  7.420000e+01  1.670600e+03 -5.789760e+01
      vertex  7.420000e+01  1.664600e+03 -1.746420e+01
    endloop
  endfacet
  facet normal  1.000000e+00  -0.000000e+00  0.000000e+00
    outer loop
      vertex  7.420000e+01  1.664600e+03 -1.746420e+01
      vertex  7.420000e+01  1.670600e+03 -5.789760e+01
      vertex  7.420000e+01  1.670600e+03 -1.746420e+01
    endloop
  endfacet
  facet normal  8.314617e-01  -0.000000e+00  5.555820e-01
    outer loop
      vertex  7.390710e+01  1.670600e+03 -1.675709e+01
      vertex  7.390710e+01  1.664600e+03 -1.675709e+01
      vertex  7.412388e+01  1.670600e+03 -1.708151e+01
    endloop
  endfacet
  facet normal  8.314617e-01  0.000000e+00  5.555820e-01
    outer loop
      vertex  7.412388e+01  1.670600e+03 -1.708151e+01
      vertex  7.390710e+01  1.664600e+03 -1.675709e+01
      vertex  7.412388e+01  1.664600e+03 -1.708151e+01
    endloop
  endfacet
  facet normal  9.807866e-01  -0.000000e+00  1.950838e-01
    outer loop
      vertex  7.412388e+01  1.670600e+03 -1.708151e+01
      vertex  7.412388e+01  1.664600e+03 -1.708151e+01
      vertex  7.420000e+01  1.670600e+03 -1.746420e+01
    endloop
  endfacet
  facet normal  9.807866e-01  0.000000e+00  1.950838e-01
    outer loop
      vertex  7.420000e+01  1.670600e+03 -1.746420e+01
      vertex  7.412388e+01  1.664600e+03 -1.708151e+01
      vertex  7.420000e+01  1.664600e+03 -1.746420e+01
    endloop
  endfacet
  facet normal  7.070999e-01  0.000000e+00  7.071137e-01
    outer loop
      vertex  7.390710e+01  1.664600e+03 -1.675709e+01
      vertex  7.390710e+01  1.670600e+03 -1.675709e+01
      vertex  7.249290e+01  1.664600e+03 -1.534291e+01
    endloop
  endfacet
  facet normal  7.070999e-01  -0.000000e+00  7.071137e-01
    outer loop
      vertex  7.249290e+01  1.664600e+03 -1.534291e+01
      vertex  7.390710e+01  1.670600e+03 -1.675709e+01
      vertex  7.249290e+01  1.670600e+03 -1.534291e+01
    endloop
  endfacet
  facet normal  1.000000e+00  0.000000e+00  0.000000e+00
    outer loop
      vertex  7.220000e+01  1.664600e+03 -1.463580e+01
      vertex  7.220000e+01  1.670600e+03 -1.463580e+01
      vertex  7.220000e+01  1.664600e+03  1.463580e+01
    endloop
  endfacet
  facet normal  1.000000e+00  -0.000000e+00  0.000000e+00
    outer loop
      vertex  7.220000e+01  1.664600e+03  1.463580e+01
      vertex  7.220000e+01  1.670600e+03 -1.463580e+01
      vertex  7.220000e+01  1.670600e+03  1.463580e+01
    endloop
  endfacet
  facet normal  7.070999e-01  0.000000e+00 -7.071137e-01
    outer loop
      vertex  7.249290e+01  1.664600e+03  1.534291e+01
      vertex  7.249290e+01  1.670600e+03  1.534291e+01
      vertex  7.390710e+01  1.664600e+03  1.675709e+01
    endloop
  endfacet
  facet normal  7.070999e-01  0.000000e+00 -7.071137e-01
    outer loop
      vertex  7.390710e+01  1.664600e+03  1.675709e+01
      vertex  7.249290e+01  1.670600e+03  1.534291e+01
      vertex  7.390710e+01  1.670600e+03  1.675709e+01
    endloop
  endfacet
  facet normal  9.807866e-01  0.000000e+00 -1.950838e-01
    outer loop
      vertex  7.420000e+01  1.670600e+03  1.746420e+01
      vertex  7.420000e+01  1.664600e+03  1.746420e+01
      vertex  7.412388e+01  1.670600e+03  1.708151e+01
    endloop
  endfacet
  facet normal  9.807866e-01  0.000000e+00 -1.950838e-01
    outer loop
      vertex  7.412388e+01  1.670600e+03  1.708151e+01
      vertex  7.420000e+01  1.664600e+03  1.746420e+01
      vertex  7.412388e+01  1.664600e+03  1.708151e+01
    endloop
  endfacet
  facet normal  8.314617e-01  0.000000e+00 -5.555820e-01
    outer loop
      vertex  7.412388e+01  1.670600e+03  1.708151e+01
      vertex  7.412388e+01  1.664600e+03  1.708151e+01
      vertex  7.390710e+01  1.670600e+03  1.675709e+01
    endloop
  endfacet
  facet normal  8.314617e-01  0.000000e+00 -5.555820e-01
    outer loop
      vertex  7.390710e+01  1.670600e+03  1.675709e+01
      vertex  7.412388e+01  1.664600e+03  1.708151e+01
      vertex  7.390710e+01  1.664600e+03  1.675709e+01
    endloop
  endfacet
  facet normal  1.000000e+00  0.000000e+00  0.000000e+00
    outer loop
      vertex  7.420000e+01  1.664600e+03  1.746420e+01
      vertex  7.420000e+01  1.670600e+03  1.746420e+01
      vertex  7.420000e+01  1.664600e+03  5.789760e+01
    endloop
  endfacet
  facet normal  1.000000e+00  -0.000000e+00  0.000000e+00
    outer loop
      vertex  7.420000e+01  1.664600e+03  5.789760e+01
      vertex  7.420000e+01  1.670600e+03  1.746420e+01
      vertex  7.420000e+01  1.670600e+03  5.789760e+01
    endloop
  endfacet
  facet normal  9.238800e-01  0.000000e+00  3.826822e-01
    outer loop
      vertex  7.420000e+01  1.664600e+03  5.789760e+01
      vertex  7.420000e+01  1.670600e+03  5.789760e+01
      vertex  7.390710e+01  1.664600e+03  5.860471e+01
    endloop
  endfacet
  facet normal  9.238800e-01  -0.000000e+00  3.826822e-01
    outer loop
      vertex  7.390710e+01  1.664600e+03  5.860471e+01
      vertex  7.420000e+01  1.670600e+03  5.789760e+01
      vertex  7.390710e+01  1.670600e+03  5.860471e+01
    endloop
  endfacet
  facet normal  7.071068e-01  0.000000e+00  7.071068e-01
    outer loop
      vertex  7.390710e+01  1.664600e+03  5.860471e+01
      vertex  7.390710e+01  1.670600e+03  5.860471e+01
      vertex  5.860471e+01  1.664600e+03  7.390710e+01
    endloop
  endfacet
  facet normal  7.071068e-01  -0.000000e+00  7.071068e-01
    outer loop
      vertex  5.860471e+01  1.664600e+03  7.390710e+01
      vertex  7.390710e+01  1.670600e+03  5.860471e+01
      vertex  5.860471e+01  1.670600e+03  7.390710e+01
    endloop
  endfacet
  facet normal  3.826822e-01  0.000000e+00  9.238800e-01
    outer loop
      vertex  5.860471e+01  1.664600e+03  7.390710e+01
      vertex  5.860471e+01  1.670600e+03  7.390710e+01
      vertex  5.789760e+01  1.664600e+03  7.420000e+01
    endloop
  endfacet
  facet normal  3.826822e-01  -0.000000e+00  9.238800e-01
    outer loop
      vertex  5.789760e+01  1.664600e+03  7.420000e+01
      vertex  5.860471e+01  1.670600e+03  7.390710e+01
      vertex  5.789760e+01  1.670600e+03  7.420000e+01
    endloop
  endfacet
  facet normal  0.000000e+00  0.000000e+00  1.000000e+00
    outer loop
      vertex  5.789760e+01  1.664600e+03  7.420000e+01
      vertex  5.789760e+01  1.670600e+03  7.420000e+01
      vertex  1.746420e+01  1.664600e+03  7.420000e+01
    endloop
  endfacet
  facet normal  0.000000e+00  0.000000e+00  1.000000e+00
    outer loop
      vertex  1.746420e+01  1.664600e+03  7.420000e+01
      vertex  5.789760e+01  1.670600e+03  7.420000e+01
      vertex  1.746420e+01  1.670600e+03  7.420000e+01
    endloop
  endfacet
  facet normal -5.555820e-01  0.000000e+00  8.314617e-01
    outer loop
      vertex  1.675709e+01  1.670600e+03  7.390710e+01
      vertex  1.675709e+01  1.664600e+03  7.390710e+01
      vertex  1.708151e+01  1.670600e+03  7.412388e+01
    endloop
  endfacet
  facet normal -5.555820e-01  0.000000e+00  8.314617e-01
    outer loop
      vertex  1.708151e+01  1.670600e+03  7.412388e+01
      vertex  1.675709e+01  1.664600e+03  7.390710e+01
      vertex  1.708151e+01  1.664600e+03  7.412388e+01
    endloop
  endfacet
  facet normal -1.950838e-01  0.000000e+00  9.807866e-01
    outer loop
      vertex  1.708151e+01  1.670600e+03  7.412388e+01
      vertex  1.708151e+01  1.664600e+03  7.412388e+01
      vertex  1.746420e+01  1.670600e+03  7.420000e+01
    endloop
  endfacet
  facet normal -1.950838e-01  0.000000e+00  9.807866e-01
    outer loop
      vertex  1.746420e+01  1.670600e+03  7.420000e+01
      vertex  1.708151e+01  1.664600e+03  7.412388e+01
      vertex  1.746420e+01  1.664600e+03  7.420000e+01
    endloop
  endfacet
  facet normal -7.071137e-01  0.000000e+00  7.070999e-01
    outer loop
      vertex  1.675709e+01  1.664600e+03  7.390710e+01
      vertex  1.675709e+01  1.670600e+03  7.390710e+01
      vertex  1.534291e+01  1.664600e+03  7.249290e+01
    endloop
  endfacet
  facet normal -7.071137e-01  0.000000e+00  7.070999e-01
    outer loop
      vertex  1.534291e+01  1.664600e+03  7.249290e+01
      vertex  1.675709e+01  1.670600e+03  7.390710e+01
      vertex  1.534291e+01  1.670600e+03  7.249290e+01
    endloop
  endfacet
  facet normal  0.000000e+00  0.000000e+00  1.000000e+00
    outer loop
      vertex  1.463580e+01  1.664600e+03  7.220000e+01
      vertex  1.463580e+01  1.670600e+03  7.220000e+01
      vertex -1.463580e+01  1.664600e+03  7.220000e+01
    endloop
  endfacet
  facet normal  0.000000e+00  0.000000e+00  1.000000e+00
    outer loop
      vertex -1.463580e+01  1.664600e+03  7.220000e+01
      vertex  1.463580e+01  1.670600e+03  7.220000e+01
      vertex -1.463580e+01  1.670600e+03  7.220000e+01
    endloop
  endfacet
  facet normal  7.071137e-01  0.000000e+00  7.070999e-01
    outer loop
      vertex -1.534291e+01  1.664600e+03  7.249290e+01
      vertex -1.534291e+01  1.670600e+03  7.249290e+01
      vertex -1.675709e+01  1.664600e+03  7.390710e+01
    endloop
  endfacet
  facet normal  7.071137e-01  -0.000000e+00  7.070999e-01
    outer loop
      vertex -1.675709e+01  1.664600e+03  7.390710e+01
      vertex -1.534291e+01  1.670600e+03  7.249290e+01
      vertex -1.675709e+01  1.670600e+03  7.390710e+01
    endloop
  endfacet
  facet normal  1.950838e-01  -0.000000e+00  9.807866e-01
    outer loop
      vertex -1.746420e+01  1.670600e+03  7.420000e+01
      vertex -1.746420e+01  1.664600e+03  7.420000e+01
      vertex -1.708151e+01  1.670600e+03  7.412388e+01
    endloop
  endfacet
  facet normal  1.950838e-01  0.000000e+00  9.807866e-01
    outer loop
      vertex -1.708151e+01  1.670600e+03  7.412388e+01
      vertex -1.746420e+01  1.664600e+03  7.420000e+01
      vertex -1.708151e+01  1.664600e+03  7.412388e+01
    endloop
  endfacet
  facet normal  5.555820e-01  -0.000000e+00  8.314617e-01
    outer loop
      vertex -1.708151e+01  1.670600e+03  7.412388e+01
      vertex -1.708151e+01  1.664600e+03  7.412388e+01
      vertex -1.675709e+01  1.670600e+03  7.390710e+01
    endloop
  endfacet
  facet normal  5.555820e-01  0.000000e+00  8.314617e-01
    outer loop
      vertex -1.675709e+01  1.670600e+03  7.390710e+01
      vertex -1.708151e+01  1.664600e+03  7.412388e+01
      vertex -1.675709e+01  1.664600e+03  7.390710e+01
    endloop
  endfacet
  facet normal  0.000000e+00  0.000000e+00  1.000000e+00
    outer loop
      vertex -1.746420e+01  1.664600e+03  7.420000e+01
      vertex -1.746420e+01  1.670600e+03  7.420000e+01
      vertex -5.789760e+01  1.664600e+03  7.420000e+01
    endloop
  endfacet
  facet normal  0.000000e+00  0.000000e+00  1.000000e+00
    outer loop
      vertex -5.789760e+01  1.664600e+03  7.420000e+01
      vertex -1.746420e+01  1.670600e+03  7.420000e+01
      vertex -5.789760e+01  1.670600e+03  7.420000e+01
    endloop
  endfacet
  facet normal -3.826822e-01  0.000000e+00  9.238800e-01
    outer loop
      vertex -5.789760e+01  1.664600e+03  7.420000e+01
      vertex -5.789760e+01  1.670600e+03  7.420000e+01
      vertex -5.860471e+01  1.664600e+03  7.390710e+01
    endloop
  endfacet
  facet normal -3.826822e-01  0.000000e+00  9.238800e-01
    outer loop
      vertex -5.860471e+01  1.664600e+03  7.390710e+01
      vertex -5.789760e+01  1.670600e+03  7.420000e+01
      vertex -5.860471e+01  1.670600e+03  7.390710e+01
    endloop
  endfacet
  facet normal -7.071068e-01  0.000000e+00  7.071068e-01
    outer loop
      vertex -5.860471e+01  1.664600e+03  7.390710e+01
      vertex -5.860471e+01  1.670600e+03  7.390710e+01
      vertex -7.390710e+01  1.664600e+03  5.860471e+01
    endloop
  endfacet
  facet normal -7.071068e-01  0.000000e+00  7.071068e-01
    outer loop
      vertex -7.390710e+01  1.664600e+03  5.860471e+01
      vertex -5.860471e+01  1.670600e+03  7.390710e+01
      vertex -7.390710e+01  1.670600e+03  5.860471e+01
    endloop
  endfacet
  facet normal -9.238800e-01  0.000000e+00  3.826822e-01
    outer loop
      vertex -7.390710e+01  1.664600e+03  5.860471e+01
      vertex -7.390710e+01  1.670600e+03  5.860471e+01
      vertex -7.420000e+01  1.664600e+03  5.789760e+01
    endloop
  endfacet
  facet normal -9.238800e-01  0.000000e+00  3.826822e-01
    outer loop
      vertex -7.420000e+01  1.664600e+03  5.789760e+01
      vertex -7.390710e+01  1.670600e+03  5.860471e+01
      vertex -7.420000e+01  1.670600e+03  5.789760e+01
    endloop
  endfacet
  facet normal -1.000000e+00  -0.000000e+00  0.000000e+00
    outer loop
      vertex -7.420000e+01  1.664600e+03  5.789760e+01
      vertex -7.420000e+01  1.670600e+03  5.789760e+01
      vertex -7.420000e+01  1.664600e+03  1.746420e+01
    endloop
  endfacet
  facet normal -1.000000e+00  0.000000e+00  0.000000e+00
    outer loop
      vertex -7.420000e+01  1.664600e+03  1.746420e+01
      vertex -7.420000e+01  1.670600e+03  5.789760e+01
      vertex -7.420000e+01  1.670600e+03  1.746420e+01
    endloop
  endfacet
  facet normal  0.000000e+00  9.659219e-01 -2.588335e-01
    outer loop
      vertex  7.265000e+01  1.642489e+03 -3.985000e+01
      vertex  7.300000e+01  1.642100e+03 -4.130000e+01
      vertex  7.265000e+01  1.642100e+03 -4.130000e+01
    endloop
  endfacet
  facet normal  2.165015e-01  9.548166e-01 -2.035990e-01
    outer loop
      vertex  7.300000e+01  1.642100e+03 -4.130000e+01
      vertex  7.265000e+01  1.642489e+03 -3.985000e+01
      vertex  7.300000e+01  1.642352e+03 -4.011727e+01
    endloop
  endfacet
  facet normal -2.557241e-01  6.835794e-01 -6.836114e-01
    outer loop
      vertex  7.300000e+01  1.642352e+03 -4.011727e+01
      vertex  7.265000e+01  1.642489e+03 -3.985000e+01
      vertex  7.265000e+01  1.643550e+03 -3.878852e+01
    endloop
  endfacet
  facet normal  1.312583e-01  7.532583e-01 -6.444944e-01
    outer loop
      vertex  7.300000e+01  1.642352e+03 -4.011727e+01
      vertex  7.265000e+01  1.643550e+03 -3.878852e+01
      vertex  7.300000e+01  1.643422e+03 -3.886691e+01
    endloop
  endfacet
  facet normal -1.207300e-01  2.569320e-01 -9.588588e-01
    outer loop
      vertex  7.300000e+01  1.643422e+03 -3.886691e+01
      vertex  7.265000e+01  1.643550e+03 -3.878852e+01
      vertex  7.265000e+01  1.645000e+03 -3.840000e+01
    endloop
  endfacet
  facet normal  0.000000e+00  2.837237e-01 -9.589061e-01
    outer loop
      vertex  7.300000e+01  1.643422e+03 -3.886691e+01
      vertex  7.265000e+01  1.645000e+03 -3.840000e+01
      vertex  7.300000e+01  1.645000e+03 -3.840000e+01
    endloop
  endfacet
  facet normal  0.000000e+00  0.000000e+00 -9.999999e-01
    outer loop
      vertex  7.265000e+01  1.645000e+03 -3.840000e+01
      vertex  7.265000e+01  1.650000e+03 -3.840000e+01
      vertex  7.300000e+01  1.645000e+03 -3.840000e+01
    endloop
  endfacet
  facet normal  0.000000e+00  0.000000e+00 -9.999999e-01
    outer loop
      vertex  7.300000e+01  1.645000e+03 -3.840000e+01
      vertex  7.265000e+01  1.650000e+03 -3.840000e+01
      vertex  7.300000e+01  1.650000e+03 -3.840000e+01
    endloop
  endfacet
  facet normal  -0.000000e+00 -2.588252e-01 -9.659241e-01
    outer loop
      vertex  7.265000e+01  1.651450e+03 -3.878852e+01
      vertex  7.300000e+01  1.650000e+03 -3.840000e+01
      vertex  7.265000e+01  1.650000e+03 -3.840000e+01
    endloop
  endfacet
  facet normal  2.166518e-01 -2.035459e-01 -9.547938e-01
    outer loop
      vertex  7.300000e+01  1.650000e+03 -3.840000e+01
      vertex  7.265000e+01  1.651450e+03 -3.878852e+01
      vertex  7.300000e+01  1.651183e+03 -3.865214e+01
    endloop
  endfacet
  facet normal -2.555225e-01 -6.836170e-01 -6.836490e-01
    outer loop
      vertex  7.300000e+01  1.651183e+03 -3.865214e+01
      vertex  7.265000e+01  1.651450e+03 -3.878852e+01
      vertex  7.265000e+01  1.652511e+03 -3.985000e+01
    endloop
  endfacet
  facet normal  1.311335e-01 -6.445211e-01 -7.532573e-01
    outer loop
      vertex  7.300000e+01  1.651183e+03 -3.865214e+01
      vertex  7.265000e+01  1.652511e+03 -3.985000e+01
      vertex  7.300000e+01  1.652433e+03 -3.972201e+01
    endloop
  endfacet
  facet normal -1.207426e-01 -9.588552e-01 -2.569399e-01
    outer loop
      vertex  7.300000e+01  1.652433e+03 -3.972201e+01
      vertex  7.265000e+01  1.652511e+03 -3.985000e+01
      vertex  7.265000e+01  1.652900e+03 -4.130000e+01
    endloop
  endfacet
  facet normal  0.000000e+00 -9.589028e-01 -2.837347e-01
    outer loop
      vertex  7.300000e+01  1.652433e+03 -3.972201e+01
      vertex  7.265000e+01  1.652900e+03 -4.130000e+01
      vertex  7.300000e+01  1.652900e+03 -4.130000e+01
    endloop
  endfacet
  facet normal  0.000000e+00 -1.000000e+00  0.000000e+00
    outer loop
      vertex  7.265000e+01  1.652900e+03 -4.330000e+01
      vertex  7.300000e+01  1.652900e+03 -4.330000e+01
      vertex  7.265000e+01  1.652900e+03 -4.130000e+01
    endloop
  endfacet
  facet normal  0.000000e+00 -1.000000e+00  0.000000e+00
    outer loop
      vertex  7.265000e+01  1.652900e+03 -4.130000e+01
      vertex  7.300000e+01  1.652900e+03 -4.330000e+01
      vertex  7.300000e+01  1.652900e+03 -4.130000e+01
    endloop
  endfacet
  facet normal  0.000000e+00 -9.659219e-01  2.588335e-01
    outer loop
      vertex  7.265000e+01  1.652511e+03 -4.475000e+01
      vertex  7.300000e+01  1.652900e+03 -4.330000e+01
      vertex  7.265000e+01  1.652900e+03 -4.330000e+01
    endloop
  endfacet
  facet normal  0.000000e+00 -9.659219e-01  2.588335e-01
    outer loop
      vertex  7.300000e+01  1.652900e+03 -4.330000e+01
      vertex  7.265000e+01  1.652511e+03 -4.475000e+01
      vertex  7.300000e+01  1.652511e+03 -4.475000e+01
    endloop
  endfacet
  facet normal  0.000000e+00 -7.070903e-01  7.071233e-01
    outer loop
      vertex  7.300000e+01  1.652511e+03 -4.475000e+01
      vertex  7.265000e+01  1.652511e+03 -4.475000e+01
      vertex  7.265000e+01  1.651450e+03 -4.581147e+01
    endloop
  endfacet
  facet normal  0.000000e+00 -7.070903e-01  7.071233e-01
    outer loop
      vertex  7.300000e+01  1.652511e+03 -4.475000e+01
      vertex  7.265000e+01  1.651450e+03 -4.581147e+01
      vertex  7.300000e+01  1.651450e+03 -4.581147e+01
    endloop
  endfacet
  facet normal  0.000000e+00 -2.588275e-01  9.659235e-01
    outer loop
      vertex  7.300000e+01  1.651450e+03 -4.581147e+01
      vertex  7.265000e+01  1.651450e+03 -4.581147e+01
      vertex  7.265000e+01  1.650000e+03 -4.620000e+01
    endloop
  endfacet
  facet normal  0.000000e+00 -2.588275e-01  9.659235e-01
    outer loop
      vertex  7.300000e+01  1.651450e+03 -4.581147e+01
      vertex  7.265000e+01  1.650000e+03 -4.620000e+01
      vertex  7.300000e+01  1.650000e+03 -4.620000e+01
    endloop
  endfacet
  facet normal  0.000000e+00  0.000000e+00  9.999999e-01
    outer loop
      vertex  7.300000e+01  1.645000e+03 -4.620000e+01
      vertex  7.300000e+01  1.650000e+03 -4.620000e+01
      vertex  7.265000e+01  1.645000e+03 -4.620000e+01
    endloop
  endfacet
  facet normal  0.000000e+00  0.000000e+00  9.999999e-01
    outer loop
      vertex  7.265000e+01  1.645000e+03 -4.620000e+01
      vertex  7.300000e+01  1.650000e+03 -4.620000e+01
      vertex  7.265000e+01  1.650000e+03 -4.620000e+01
    endloop
  endfacet
  facet normal  0.000000e+00  2.588275e-01  9.659235e-01
    outer loop
      vertex  7.265000e+01  1.643550e+03 -4.581147e+01
      vertex  7.300000e+01  1.645000e+03 -4.620000e+01
      vertex  7.265000e+01  1.645000e+03 -4.620000e+01
    endloop
  endfacet
  facet normal  -0.000000e+00  2.588275e-01  9.659235e-01
    outer loop
      vertex  7.300000e+01  1.645000e+03 -4.620000e+01
      vertex  7.265000e+01  1.643550e+03 -4.581147e+01
      vertex  7.300000e+01  1.643550e+03 -4.581147e+01
    endloop
  endfacet
  facet normal  0.000000e+00  7.070903e-01  7.071233e-01
    outer loop
      vertex  7.300000e+01  1.643550e+03 -4.581147e+01
      vertex  7.265000e+01  1.643550e+03 -4.581147e+01
      vertex  7.265000e+01  1.642489e+03 -4.475000e+01
    endloop
  endfacet
  facet normal  -0.000000e+00  7.070903e-01  7.071233e-01
    outer loop
      vertex  7.300000e+01  1.643550e+03 -4.581147e+01
      vertex  7.265000e+01  1.642489e+03 -4.475000e+01
      vertex  7.300000e+01  1.642489e+03 -4.475000e+01
    endloop
  endfacet
  facet normal  0.000000e+00  9.659219e-01  2.588335e-01
    outer loop
      vertex  7.300000e+01  1.642489e+03 -4.475000e+01
      vertex  7.265000e+01  1.642489e+03 -4.475000e+01
      vertex  7.265000e+01  1.642100e+03 -4.330000e+01
    endloop
  endfacet
  facet normal  -0.000000e+00  9.659219e-01  2.588335e-01
    outer loop
      vertex  7.300000e+01  1.642489e+03 -4.475000e+01
      vertex  7.265000e+01  1.642100e+03 -4.330000e+01
      vertex  7.300000e+01  1.642100e+03 -4.330000e+01
    endloop
  endfacet
  facet normal  0.000000e+00  1.000000e+00  0.000000e+00
    outer loop
      vertex  7.265000e+01  1.642100e+03 -4.130000e+01
      vertex  7.300000e+01  1.642100e+03 -4.130000e+01
      vertex  7.265000e+01  1.642100e+03 -4.330000e+01
    endloop
  endfacet
  facet normal  0.000000e+00  1.000000e+00  0.000000e+00
    outer loop
      vertex  7.265000e+01  1.642100e+03 -4.330000e+01
      vertex  7.300000e+01  1.642100e+03 -4.130000e+01
      vertex  7.300000e+01  1.642100e+03 -4.330000e+01
    endloop
  endfacet
  facet normal  0.000000e+00  9.659219e-01 -2.588335e-01
    outer loop
      vertex  7.265000e+01  1.642489e+03  3.695000e+01
      vertex  7.300000e+01  1.642100e+03  3.550000e+01
      vertex  7.265000e+01  1.642100e+03  3.550000e+01
    endloop
  endfacet
  facet normal  2.165015e-01  9.548166e-01 -2.035990e-01
    outer loop
      vertex  7.300000e+01  1.642100e+03  3.550000e+01
      vertex  7.265000e+01  1.642489e+03  3.695000e+01
      vertex  7.300000e+01  1.642352e+03  3.668273e+01
    endloop
  endfacet
  facet normal -2.557241e-01  6.835794e-01 -6.836114e-01
    outer loop
      vertex  7.300000e+01  1.642352e+03  3.668273e+01
      vertex  7.265000e+01  1.642489e+03  3.695000e+01
      vertex  7.265000e+01  1.643550e+03  3.801147e+01
    endloop
  endfacet
  facet normal  1.312658e-01  7.532586e-01 -6.444926e-01
    outer loop
      vertex  7.300000e+01  1.642352e+03  3.668273e+01
      vertex  7.265000e+01  1.643550e+03  3.801147e+01
      vertex  7.300000e+01  1.643422e+03  3.793310e+01
    endloop
  endfacet
  facet normal -1.207187e-01  2.569347e-01 -9.588594e-01
    outer loop
      vertex  7.300000e+01  1.643422e+03  3.793310e+01
      vertex  7.265000e+01  1.643550e+03  3.801147e+01
      vertex  7.265000e+01  1.645000e+03  3.840000e+01
    endloop
  endfacet
  facet normal  0.000000e+00  2.837237e-01 -9.589061e-01
    outer loop
      vertex  7.300000e+01  1.643422e+03  3.793310e+01
      vertex  7.265000e+01  1.645000e+03  3.840000e+01
      vertex  7.300000e+01  1.645000e+03  3.840000e+01
    endloop
  endfacet
  facet normal  -0.000000e+00 -2.588275e-01 -9.659235e-01
    outer loop
      vertex  7.265000e+01  1.651450e+03  3.801147e+01
      vertex  7.300000e+01  1.650000e+03  3.840000e+01
      vertex  7.265000e+01  1.650000e+03  3.840000e+01
    endloop
  endfacet
  facet normal  2.166494e-01 -2.035490e-01 -9.547936e-01
    outer loop
      vertex  7.300000e+01  1.650000e+03  3.840000e+01
      vertex  7.265000e+01  1.651450e+03  3.801147e+01
      vertex  7.300000e+01  1.651183e+03  3.814786e+01
    endloop
  endfacet
  facet normal -2.555225e-01 -6.836170e-01 -6.836490e-01
    outer loop
      vertex  7.300000e+01  1.651183e+03  3.814786e+01
      vertex  7.265000e+01  1.651450e+03  3.801147e+01
      vertex  7.265000e+01  1.652511e+03  3.695000e+01
    endloop
  endfacet
  facet normal  1.311335e-01 -6.445211e-01 -7.532573e-01
    outer loop
      vertex  7.300000e+01  1.651183e+03  3.814786e+01
      vertex  7.265000e+01  1.652511e+03  3.695000e+01
      vertex  7.300000e+01  1.652433e+03  3.707799e+01
    endloop
  endfacet
  facet normal -1.207426e-01 -9.588552e-01 -2.569399e-01
    outer loop
      vertex  7.300000e+01  1.652433e+03  3.707799e+01
      vertex  7.265000e+01  1.652511e+03  3.695000e+01
      vertex  7.265000e+01  1.652900e+03  3.550000e+01
    endloop
  endfacet
  facet normal  0.000000e+00 -9.589028e-01 -2.837347e-01
    outer loop
      vertex  7.300000e+01  1.652433e+03  3.707799e+01
      vertex  7.265000e+01  1.652900e+03  3.550000e+01
      vertex  7.300000e+01  1.652900e+03  3.550000e+01
    endloop
  endfacet
  facet normal  0.000000e+00 -1.000000e+00  0.000000e+00
    outer loop
      vertex  7.265000e+01  1.652900e+03  3.350000e+01
      vertex  7.300000e+01  1.652900e+03  3.350000e+01
      vertex  7.265000e+01  1.652900e+03  3.550000e+01
    endloop
  endfacet
  facet normal  0.000000e+00 -1.000000e+00  0.000000e+00
    outer loop
      vertex  7.265000e+01  1.652900e+03  3.550000e+01
      vertex  7.300000e+01  1.652900e+03  3.350000e+01
      vertex  7.300000e+01  1.652900e+03  3.550000e+01
    endloop
  endfacet
  facet normal  0.000000e+00 -9.659219e-01  2.588335e-01
    outer loop
      vertex  7.265000e+01  1.652511e+03  3.205000e+01
      vertex  7.300000e+01  1.652900e+03  3.350000e+01
      vertex  7.265000e+01  1.652900e+03  3.350000e+01
    endloop
  endfacet
  facet normal  0.000000e+00 -9.659219e-01  2.588335e-01
    outer loop
      vertex  7.300000e+01  1.652900e+03  3.350000e+01
      vertex  7.265000e+01  1.652511e+03  3.205000e+01
      vertex  7.300000e+01  1.652511e+03  3.205000e+01
    endloop
  endfacet
  facet normal  0.000000e+00 -7.070903e-01  7.071233e-01
    outer loop
      vertex  7.300000e+01  1.652511e+03  3.205000e+01
      vertex  7.265000e+01  1.652511e+03  3.205000e+01
      vertex  7.265000e+01  1.651450e+03  3.098853e+01
    endloop
  endfacet
  facet normal  0.000000e+00 -7.070903e-01  7.071233e-01
    outer loop
      vertex  7.300000e+01  1.652511e+03  3.205000e+01
      vertex  7.265000e+01  1.651450e+03  3.098853e+01
      vertex  7.300000e+01  1.651450e+03  3.098853e+01
    endloop
  endfacet
  facet normal  0.000000e+00 -2.588263e-01  9.659239e-01
    outer loop
      vertex  7.300000e+01  1.651450e+03  3.098853e+01
      vertex  7.265000e+01  1.651450e+03  3.098853e+01
      vertex  7.265000e+01  1.650000e+03  3.060000e+01
    endloop
  endfacet
  facet normal  0.000000e+00 -2.588263e-01  9.659239e-01
    outer loop
      vertex  7.300000e+01  1.651450e+03  3.098853e+01
      vertex  7.265000e+01  1.650000e+03  3.060000e+01
      vertex  7.300000e+01  1.650000e+03  3.060000e+01
    endloop
  endfacet
  facet normal  0.000000e+00  2.588263e-01  9.659239e-01
    outer loop
      vertex  7.265000e+01  1.643550e+03  3.098853e+01
      vertex  7.300000e+01  1.645000e+03  3.060000e+01
      vertex  7.265000e+01  1.645000e+03  3.060000e+01
    endloop
  endfacet
  facet normal  -0.000000e+00  2.588263e-01  9.659239e-01
    outer loop
      vertex  7.300000e+01  1.645000e+03  3.060000e+01
      vertex  7.265000e+01  1.643550e+03  3.098853e+01
      vertex  7.300000e+01  1.643550e+03  3.098853e+01
    endloop
  endfacet
  facet normal  0.000000e+00  7.070903e-01  7.071233e-01
    outer loop
      vertex  7.300000e+01  1.643550e+03  3.098853e+01
      vertex  7.265000e+01  1.643550e+03  3.098853e+01
      vertex  7.265000e+01  1.642489e+03  3.205000e+01
    endloop
  endfacet
  facet normal  -0.000000e+00  7.070903e-01  7.071233e-01
    outer loop
      vertex  7.300000e+01  1.643550e+03  3.098853e+01
      vertex  7.265000e+01  1.642489e+03  3.205000e+01
      vertex  7.300000e+01  1.642489e+03  3.205000e+01
    endloop
  endfacet
  facet normal  0.000000e+00  9.659219e-01  2.588335e-01
    outer loop
      vertex  7.300000e+01  1.642489e+03  3.205000e+01
      vertex  7.265000e+01  1.642489e+03  3.205000e+01
      vertex  7.265000e+01  1.642100e+03  3.350000e+01
    endloop
  endfacet
  facet normal  -0.000000e+00  9.659219e-01  2.588335e-01
    outer loop
      vertex  7.300000e+01  1.642489e+03  3.205000e+01
      vertex  7.265000e+01  1.642100e+03  3.350000e+01
      vertex  7.300000e+01  1.642100e+03  3.350000e+01
    endloop
  endfacet
  facet normal  0.000000e+00  1.000000e+00  0.000000e+00
    outer loop
      vertex  7.265000e+01  1.642100e+03  3.550000e+01
      vertex  7.300000e+01  1.642100e+03  3.550000e+01
      vertex  7.265000e+01  1.642100e+03  3.350000e+01
    endloop
  endfacet
  facet normal  0.000000e+00  1.000000e+00  0.000000e+00
    outer loop
      vertex  7.265000e+01  1.642100e+03  3.350000e+01
      vertex  7.300000e+01  1.642100e+03  3.550000e+01
      vertex  7.300000e+01  1.642100e+03  3.350000e+01
    endloop
  endfacet
  facet normal  2.588335e-01  9.659219e-01  0.000000e+00
    outer loop
      vertex  3.985000e+01  1.642489e+03  7.265000e+01
      vertex  4.130000e+01  1.642100e+03  7.300000e+01
      vertex  4.130000e+01  1.642100e+03  7.265000e+01
    endloop
  endfacet
  facet normal  2.035990e-01  9.548166e-01  2.165015e-01
    outer loop
      vertex  4.130000e+01  1.642100e+03  7.300000e+01
      vertex  3.985000e+01  1.642489e+03  7.265000e+01
      vertex  4.011727e+01  1.642352e+03  7.300000e+01
    endloop
  endfacet
  facet normal  6.836114e-01  6.835794e-01 -2.557241e-01
    outer loop
      vertex  4.011727e+01  1.642352e+03  7.300000e+01
      vertex  3.985000e+01  1.642489e+03  7.265000e+01
      vertex  3.878852e+01  1.643550e+03  7.265000e+01
    endloop
  endfacet
  facet normal  6.444944e-01  7.532583e-01  1.312583e-01
    outer loop
      vertex  4.011727e+01  1.642352e+03  7.300000e+01
      vertex  3.878852e+01  1.643550e+03  7.265000e+01
      vertex  3.886691e+01  1.643422e+03  7.300000e+01
    endloop
  endfacet
  facet normal  9.588588e-01  2.569320e-01 -1.207300e-01
    outer loop
      vertex  3.886691e+01  1.643422e+03  7.300000e+01
      vertex  3.878852e+01  1.643550e+03  7.265000e+01
      vertex  3.840000e+01  1.645000e+03  7.265000e+01
    endloop
  endfacet
  facet normal  9.589061e-01  2.837237e-01  -0.000000e+00
    outer loop
      vertex  3.886691e+01  1.643422e+03  7.300000e+01
      vertex  3.840000e+01  1.645000e+03  7.265000e+01
      vertex  3.840000e+01  1.645000e+03  7.300000e+01
    endloop
  endfacet
  facet normal  9.999999e-01  0.000000e+00  0.000000e+00
    outer loop
      vertex  3.840000e+01  1.645000e+03  7.265000e+01
      vertex  3.840000e+01  1.650000e+03  7.265000e+01
      vertex  3.840000e+01  1.645000e+03  7.300000e+01
    endloop
  endfacet
  facet normal  9.999999e-01  -0.000000e+00  0.000000e+00
    outer loop
      vertex  3.840000e+01  1.645000e+03  7.300000e+01
      vertex  3.840000e+01  1.650000e+03  7.265000e+01
      vertex  3.840000e+01  1.650000e+03  7.300000e+01
    endloop
  endfacet
  facet normal  9.659241e-01 -2.588252e-01  0.000000e+00
    outer loop
      vertex  3.878852e+01  1.651450e+03  7.265000e+01
      vertex  3.840000e+01  1.650000e+03  7.300000e+01
      vertex  3.840000e+01  1.650000e+03  7.265000e+01
    endloop
  endfacet
  facet normal  9.547938e-01 -2.035459e-01  2.166518e-01
    outer loop
      vertex  3.840000e+01  1.650000e+03  7.300000e+01
      vertex  3.878852e+01  1.651450e+03  7.265000e+01
      vertex  3.865214e+01  1.651183e+03  7.300000e+01
    endloop
  endfacet
  facet normal  6.836491e-01 -6.836171e-01 -2.555225e-01
    outer loop
      vertex  3.865214e+01  1.651183e+03  7.300000e+01
      vertex  3.878852e+01  1.651450e+03  7.265000e+01
      vertex  3.985000e+01  1.652511e+03  7.265000e+01
    endloop
  endfacet
  facet normal  7.532573e-01 -6.445211e-01  1.311335e-01
    outer loop
      vertex  3.865214e+01  1.651183e+03  7.300000e+01
      vertex  3.985000e+01  1.652511e+03  7.265000e+01
      vertex  3.972201e+01  1.652433e+03  7.300000e+01
    endloop
  endfacet
  facet normal  2.569399e-01 -9.588552e-01 -1.207426e-01
    outer loop
      vertex  3.972201e+01  1.652433e+03  7.300000e+01
      vertex  3.985000e+01  1.652511e+03  7.265000e+01
      vertex  4.130000e+01  1.652900e+03  7.265000e+01
    endloop
  endfacet
  facet normal  2.837347e-01 -9.589028e-01  0.000000e+00
    outer loop
      vertex  3.972201e+01  1.652433e+03  7.300000e+01
      vertex  4.130000e+01  1.652900e+03  7.265000e+01
      vertex  4.130000e+01  1.652900e+03  7.300000e+01
    endloop
  endfacet
  facet normal  0.000000e+00 -1.000000e+00  0.000000e+00
    outer loop
      vertex  4.130000e+01  1.652900e+03  7.265000e+01
      vertex  4.330000e+01  1.652900e+03  7.265000e+01
      vertex  4.130000e+01  1.652900e+03  7.300000e+01
    endloop
  endfacet
  facet normal  0.000000e+00 -1.000000e+00  0.000000e+00
    outer loop
      vertex  4.130000e+01  1.652900e+03  7.300000e+01
      vertex  4.330000e+01  1.652900e+03  7.265000e+01
      vertex  4.330000e+01  1.652900e+03  7.300000e+01
    endloop
  endfacet
  facet normal -2.588335e-01 -9.659219e-01  -0.000000e+00
    outer loop
      vertex  4.475000e+01  1.652511e+03  7.265000e+01
      vertex  4.330000e+01  1.652900e+03  7.300000e+01
      vertex  4.330000e+01  1.652900e+03  7.265000e+01
    endloop
  endfacet
  facet normal -2.588335e-01 -9.659219e-01  0.000000e+00
    outer loop
      vertex  4.330000e+01  1.652900e+03  7.300000e+01
      vertex  4.475000e+01  1.652511e+03  7.265000e+01
      vertex  4.475000e+01  1.652511e+03  7.300000e+01
    endloop
  endfacet
  facet normal -7.071233e-01 -7.070903e-01  -0.000000e+00
    outer loop
      vertex  4.475000e+01  1.652511e+03  7.300000e+01
      vertex  4.475000e+01  1.652511e+03  7.265000e+01
      vertex  4.581147e+01  1.651450e+03  7.265000e+01
    endloop
  endfacet
  facet normal -7.071233e-01 -7.070903e-01  0.000000e+00
    outer loop
      vertex  4.475000e+01  1.652511e+03  7.300000e+01
      vertex  4.581147e+01  1.651450e+03  7.265000e+01
      vertex  4.581147e+01  1.651450e+03  7.300000e+01
    endloop
  endfacet
  facet normal -9.659235e-01 -2.588275e-01  -0.000000e+00
    outer loop
      vertex  4.581147e+01  1.651450e+03  7.300000e+01
      vertex  4.581147e+01  1.651450e+03  7.265000e+01
      vertex  4.620000e+01  1.650000e+03  7.265000e+01
    endloop
  endfacet
  facet normal -9.659235e-01 -2.588275e-01  0.000000e+00
    outer loop
      vertex  4.581147e+01  1.651450e+03  7.300000e+01
      vertex  4.620000e+01  1.650000e+03  7.265000e+01
      vertex  4.620000e+01  1.650000e+03  7.300000e+01
    endloop
  endfacet
  facet normal -9.999999e-01  -0.000000e+00  0.000000e+00
    outer loop
      vertex  4.620000e+01  1.645000e+03  7.300000e+01
      vertex  4.620000e+01  1.650000e+03  7.300000e+01
      vertex  4.620000e+01  1.645000e+03  7.265000e+01
    endloop
  endfacet
  facet normal -9.999999e-01  0.000000e+00  0.000000e+00
    outer loop
      vertex  4.620000e+01  1.645000e+03  7.265000e+01
      vertex  4.620000e+01  1.650000e+03  7.300000e+01
      vertex  4.620000e+01  1.650000e+03  7.265000e+01
    endloop
  endfacet
  facet normal -9.659235e-01  2.588275e-01  0.000000e+00
    outer loop
      vertex  4.581147e+01  1.643550e+03  7.265000e+01
      vertex  4.620000e+01  1.645000e+03  7.300000e+01
      vertex  4.620000e+01  1.645000e+03  7.265000e+01
    endloop
  endfacet
  facet normal -9.659235e-01  2.588275e-01  0.000000e+00
    outer loop
      vertex  4.620000e+01  1.645000e+03  7.300000e+01
      vertex  4.581147e+01  1.643550e+03  7.265000e+01
      vertex  4.581147e+01  1.643550e+03  7.300000e+01
    endloop
  endfacet
  facet normal -7.071233e-01  7.070903e-01  0.000000e+00
    outer loop
      vertex  4.581147e+01  1.643550e+03  7.300000e+01
      vertex  4.581147e+01  1.643550e+03  7.265000e+01
      vertex  4.475000e+01  1.642489e+03  7.265000e+01
    endloop
  endfacet
  facet normal -7.071233e-01  7.070903e-01  0.000000e+00
    outer loop
      vertex  4.581147e+01  1.643550e+03  7.300000e+01
      vertex  4.475000e+01  1.642489e+03  7.265000e+01
      vertex  4.475000e+01  1.642489e+03  7.300000e+01
    endloop
  endfacet
  facet normal -2.588335e-01  9.659219e-01  0.000000e+00
    outer loop
      vertex  4.475000e+01  1.642489e+03  7.300000e+01
      vertex  4.475000e+01  1.642489e+03  7.265000e+01
      vertex  4.330000e+01  1.642100e+03  7.265000e+01
    endloop
  endfacet
  facet normal -2.588335e-01  9.659219e-01  0.000000e+00
    outer loop
      vertex  4.475000e+01  1.642489e+03  7.300000e+01
      vertex  4.330000e+01  1.642100e+03  7.265000e+01
      vertex  4.330000e+01  1.642100e+03  7.300000e+01
    endloop
  endfacet
  facet normal  0.000000e+00  1.000000e+00  0.000000e+00
    outer loop
      vertex  4.130000e+01  1.642100e+03  7.300000e+01
      vertex  4.330000e+01  1.642100e+03  7.300000e+01
      vertex  4.130000e+01  1.642100e+03  7.265000e+01
    endloop
  endfacet
  facet normal  0.000000e+00  1.000000e+00  0.000000e+00
    outer loop
      vertex  4.130000e+01  1.642100e+03  7.265000e+01
      vertex  4.330000e+01  1.642100e+03  7.300000e+01
      vertex  4.330000e+01  1.642100e+03  7.265000e+01
    endloop
  endfacet
  facet normal  0.000000e+00 -1.000000e+00  -0.000000e+00
    outer loop
      vertex -7.270711e+01  1.664600e+03 -5.807609e+01
      vertex -7.300000e+01  1.664600e+03 -5.736899e+01
      vertex -7.390710e+01  1.664600e+03 -5.860471e+01
    endloop
  endfacet
  facet normal  0.000000e+00 -1.000000e+00  0.000000e+00
    outer loop
      vertex -7.420000e+01  1.664600e+03 -5.789760e+01
      vertex -7.412388e+01  1.664600e+03 -1.708151e+01
      vertex -7.420000e+01  1.664600e+03 -1.746420e+01
    endloop
  endfacet
  facet normal  0.000000e+00 -1.000000e+00  0.000000e+00
    outer loop
      vertex  7.300000e+01  1.664600e+03 -5.736899e+01
      vertex  7.390710e+01  1.664600e+03 -1.675709e+01
      vertex  7.300000e+01  1.664600e+03 -1.791420e+01
    endloop
  endfacet
  facet normal  -0.000000e+00 -1.000000e+00  0.000000e+00
    outer loop
      vertex  7.220000e+01  1.664600e+03  1.463580e+01
      vertex  7.227612e+01  1.664600e+03  1.501849e+01
      vertex  7.129290e+01  1.664600e+03  1.579291e+01
    endloop
  endfacet
  facet normal  0.000000e+00 -1.000000e+00  0.000000e+00
    outer loop
      vertex -7.412388e+01  1.664600e+03  1.708151e+01
      vertex -7.420000e+01  1.664600e+03  5.789760e+01
      vertex -7.420000e+01  1.664600e+03  1.746420e+01
    endloop
  endfacet
  facet normal  0.000000e+00 -1.000000e+00  0.000000e+00
    outer loop
      vertex  7.390710e+01  1.664600e+03  5.860471e+01
      vertex  5.860471e+01  1.664600e+03  7.390710e+01
      vertex  7.270711e+01  1.664600e+03  5.807609e+01
    endloop
  endfacet
  facet normal  0.000000e+00 -1.000000e+00  0.000000e+00
    outer loop
      vertex  7.390710e+01  1.664600e+03  5.860471e+01
      vertex  7.270711e+01  1.664600e+03  5.807609e+01
      vertex  7.300000e+01  1.664600e+03  5.736899e+01
    endloop
  endfacet
  facet normal  0.000000e+00 -1.000000e+00  0.000000e+00
    outer loop
      vertex  7.390710e+01  1.664600e+03  5.860471e+01
      vertex  7.300000e+01  1.664600e+03  5.736899e+01
      vertex  7.300000e+01  1.664600e+03  1.791420e+01
    endloop
  endfacet
  facet normal  0.000000e+00 -1.000000e+00  0.000000e+00
    outer loop
      vertex  7.390710e+01  1.664600e+03  5.860471e+01
      vertex  7.300000e+01  1.664600e+03  1.791420e+01
      vertex  7.390710e+01  1.664600e+03  1.675709e+01
    endloop
  endfacet
  facet normal  0.000000e+00 -1.000000e+00  0.000000e+00
    outer loop
      vertex  7.390710e+01  1.664600e+03  5.860471e+01
      vertex  7.390710e+01  1.664600e+03  1.675709e+01
      vertex  7.412388e+01  1.664600e+03  1.708151e+01
    endloop
  endfacet
  facet normal  0.000000e+00 -1.000000e+00  0.000000e+00
    outer loop
      vertex  7.390710e+01  1.664600e+03  5.860471e+01
      vertex  7.412388e+01  1.664600e+03  1.708151e+01
      vertex  7.420000e+01  1.664600e+03  1.746420e+01
    endloop
  endfacet
  facet normal  0.000000e+00 -1.000000e+00  0.000000e+00
    outer loop
      vertex  7.390710e+01  1.664600e+03  5.860471e+01
      vertex  7.420000e+01  1.664600e+03  1.746420e+01
      vertex  7.420000e+01  1.664600e+03  5.789760e+01
    endloop
  endfacet
  facet normal  0.000000e+00 -1.000000e+00  0.000000e+00
    outer loop
      vertex -7.390710e+01  1.664600e+03  5.860471e+01
      vertex -7.420000e+01  1.664600e+03  5.789760e+01
      vertex -7.412388e+01  1.664600e+03  1.708151e+01
    endloop
  endfacet
  facet normal  0.000000e+00 -1.000000e+00  0.000000e+00
    outer loop
      vertex -7.390710e+01  1.664600e+03  5.860471e+01
      vertex -7.412388e+01  1.664600e+03  1.708151e+01
      vertex -7.390710e+01  1.664600e+03  1.675709e+01
    endloop
  endfacet
  facet normal  0.000000e+00 -1.000000e+00  0.000000e+00
    outer loop
      vertex -7.390710e+01  1.664600e+03  5.860471e+01
      vertex -7.390710e+01  1.664600e+03  1.675709e+01
      vertex -7.300000e+01  1.664600e+03  5.736899e+01
    endloop
  endfacet
  facet normal  0.000000e+00 -1.000000e+00  0.000000e+00
    outer loop
      vertex -7.390710e+01  1.664600e+03  5.860471e+01
      vertex -7.300000e+01  1.664600e+03  5.736899e+01
      vertex -7.270711e+01  1.664600e+03  5.807609e+01
    endloop
  endfacet
  facet normal  0.000000e+00 -1.000000e+00  0.000000e+00
    outer loop
      vertex -7.390710e+01  1.664600e+03  5.860471e+01
      vertex -7.270711e+01  1.664600e+03  5.807609e+01
      vertex -5.860471e+01  1.664600e+03  7.390710e+01
    endloop
  endfacet
  facet normal  0.000000e+00 -1.000000e+00  -0.000000e+00
    outer loop
      vertex -7.390710e+01  1.664600e+03 -1.675709e+01
      vertex -7.412388e+01  1.664600e+03 -1.708151e+01
      vertex -7.420000e+01  1.664600e+03 -5.789760e+01
    endloop
  endfacet
  facet normal  0.000000e+00 -1.000000e+00  0.000000e+00
    outer loop
      vertex -7.390710e+01  1.664600e+03 -1.675709e+01
      vertex -7.420000e+01  1.664600e+03 -5.789760e+01
      vertex -7.390710e+01  1.664600e+03 -5.860471e+01
    endloop
  endfacet
  facet normal  0.000000e+00 -1.000000e+00  0.000000e+00
    outer loop
      vertex -7.390710e+01  1.664600e+03 -1.675709e+01
      vertex -7.390710e+01  1.664600e+03 -5.860471e+01
      vertex -7.300000e+01  1.664600e+03 -5.736899e+01
    endloop
  endfacet
  facet normal  0.000000e+00 -1.000000e+00  0.000000e+00
    outer loop
      vertex -7.390710e+01  1.664600e+03 -1.675709e+01
      vertex -7.300000e+01  1.664600e+03 -5.736899e+01
      vertex -7.300000e+01  1.664600e+03 -1.791420e+01
    endloop
  endfacet
  facet normal  0.000000e+00 -1.000000e+00  0.000000e+00
    outer loop
      vertex -7.390710e+01  1.664600e+03 -1.675709e+01
      vertex -7.300000e+01  1.664600e+03 -1.791420e+01
      vertex -7.277978e+01  1.664600e+03 -1.728814e+01
    endloop
  endfacet
  facet normal  0.000000e+00 -1.000000e+00  0.000000e+00
    outer loop
      vertex -7.390710e+01  1.664600e+03 -1.675709e+01
      vertex -7.277978e+01  1.664600e+03 -1.728814e+01
      vertex -7.259984e+01  1.664600e+03 -1.709983e+01
    endloop
  endfacet
  facet normal  0.000000e+00 -1.000000e+00  0.000000e+00
    outer loop
      vertex -7.390710e+01  1.664600e+03 -1.675709e+01
      vertex -7.259984e+01  1.664600e+03 -1.709983e+01
      vertex -7.249290e+01  1.664600e+03 -1.534291e+01
    endloop
  endfacet
  facet normal  -0.000000e+00 -1.000000e+00  0.000000e+00
    outer loop
      vertex  7.390710e+01  1.664600e+03 -5.860471e+01
      vertex  7.420000e+01  1.664600e+03 -5.789760e+01
      vertex  7.420000e+01  1.664600e+03 -1.746420e+01
    endloop
  endfacet
  facet normal  -0.000000e+00 -1.000000e+00  0.000000e+00
    outer loop
      vertex  7.390710e+01  1.664600e+03 -5.860471e+01
      vertex  7.420000e+01  1.664600e+03 -1.746420e+01
      vertex  7.412388e+01  1.664600e+03 -1.708151e+01
    endloop
  endfacet
  facet normal  -0.000000e+00 -1.000000e+00  0.000000e+00
    outer loop
      vertex  7.390710e+01  1.664600e+03 -5.860471e+01
      vertex  7.412388e+01  1.664600e+03 -1.708151e+01
      vertex  7.390710e+01  1.664600e+03 -1.675709e+01
    endloop
  endfacet
  facet normal  0.000000e+00 -1.000000e+00  -0.000000e+00
    outer loop
      vertex  7.390710e+01  1.664600e+03 -5.860471e+01
      vertex  7.390710e+01  1.664600e+03 -1.675709e+01
      vertex  7.300000e+01  1.664600e+03 -5.736899e+01
    endloop
  endfacet
  facet normal  0.000000e+00 -1.000000e+00  -0.000000e+00
    outer loop
      vertex  7.390710e+01  1.664600e+03 -5.860471e+01
      vertex  7.300000e+01  1.664600e+03 -5.736899e+01
      vertex  7.270711e+01  1.664600e+03 -5.807609e+01
    endloop
  endfacet
  facet normal  0.000000e+00 -1.000000e+00  -0.000000e+00
    outer loop
      vertex  7.390710e+01  1.664600e+03 -5.860471e+01
      vertex  7.270711e+01  1.664600e+03 -5.807609e+01
      vertex  5.860471e+01  1.664600e+03 -7.390710e+01
    endloop
  endfacet
  facet normal  0.000000e+00 -1.000000e+00  0.000000e+00
    outer loop
      vertex  7.129290e+01  1.664600e+03 -1.579291e+01
      vertex  7.262752e+01  1.664600e+03 -1.712751e+01
      vertex  7.249290e+01  1.664600e+03 -1.534291e+01
    endloop
  endfacet
  facet normal  -0.000000e+00 -1.000000e+00  0.000000e+00
    outer loop
      vertex  7.129290e+01  1.664600e+03 -1.579291e+01
      vertex  7.249290e+01  1.664600e+03 -1.534291e+01
      vertex  7.227612e+01  1.664600e+03 -1.501849e+01
    endloop
  endfacet
  facet normal  -0.000000e+00 -1.000000e+00  0.000000e+00
    outer loop
      vertex  7.129290e+01  1.664600e+03 -1.579291e+01
      vertex  7.227612e+01  1.664600e+03 -1.501849e+01
      vertex  7.220000e+01  1.664600e+03 -1.463580e+01
    endloop
  endfacet
  facet normal  -0.000000e+00 -9.999999e-01  0.000000e+00
    outer loop
      vertex  7.249290e+01  1.664600e+03  1.534291e+01
      vertex  7.390710e+01  1.664600e+03  1.675709e+01
      vertex  7.300000e+01  1.664600e+03  1.791420e+01
    endloop
  endfacet
  facet normal  0.000000e+00 -1.000000e+00  0.000000e+00
    outer loop
      vertex  7.249290e+01  1.664600e+03  1.534291e+01
      vertex  7.300000e+01  1.664600e+03  1.791420e+01
      vertex  7.274116e+01  1.664600e+03  1.724287e+01
    endloop
  endfacet
  facet normal  0.000000e+00 -1.000000e+00  0.000000e+00
    outer loop
      vertex  7.249290e+01  1.664600e+03  1.534291e+01
      vertex  7.274116e+01  1.664600e+03  1.724287e+01
      vertex  7.262752e+01  1.664600e+03  1.712751e+01
    endloop
  endfacet
  facet normal  0.000000e+00 -1.000000e+00  0.000000e+00
    outer loop
      vertex  7.249290e+01  1.664600e+03  1.534291e+01
      vertex  7.262752e+01  1.664600e+03  1.712751e+01
      vertex  7.129290e+01  1.664600e+03  1.579291e+01
    endloop
  endfacet
  facet normal  0.000000e+00 -1.000000e+00  0.000000e+00
    outer loop
      vertex  7.249290e+01  1.664600e+03  1.534291e+01
      vertex  7.129290e+01  1.664600e+03  1.579291e+01
      vertex  7.227612e+01  1.664600e+03  1.501849e+01
    endloop
  endfacet
  facet normal  0.000000e+00 -1.000000e+00  0.000000e+00
    outer loop
      vertex -7.390710e+01  1.664600e+03  1.675709e+01
      vertex -7.249290e+01  1.664600e+03  1.534291e+01
      vertex -7.259984e+01  1.664600e+03  1.709983e+01
    endloop
  endfacet
  facet normal  -0.000000e+00 -1.000000e+00  0.000000e+00
    outer loop
      vertex -7.390710e+01  1.664600e+03  1.675709e+01
      vertex -7.259984e+01  1.664600e+03  1.709983e+01
      vertex -7.277978e+01  1.664600e+03  1.728814e+01
    endloop
  endfacet
  facet normal  -0.000000e+00 -1.000000e+00  0.000000e+00
    outer loop
      vertex -7.390710e+01  1.664600e+03  1.675709e+01
      vertex -7.277978e+01  1.664600e+03  1.728814e+01
      vertex -7.300000e+01  1.664600e+03  1.791420e+01
    endloop
  endfacet
  facet normal  -0.000000e+00 -1.000000e+00  0.000000e+00
    outer loop
      vertex -7.390710e+01  1.664600e+03  1.675709e+01
      vertex -7.300000e+01  1.664600e+03  1.791420e+01
      vertex -7.300000e+01  1.664600e+03  5.736899e+01
    endloop
  endfacet
  facet normal  -0.000000e+00 -1.000000e+00  0.000000e+00
    outer loop
      vertex -7.220000e+01  1.664600e+03  1.463580e+01
      vertex -7.107613e+01  1.664600e+03  1.546849e+01
      vertex -7.129290e+01  1.664600e+03  1.579291e+01
    endloop
  endfacet
  facet normal  0.000000e+00 -1.000000e+00  0.000000e+00
    outer loop
      vertex -7.107613e+01  1.664600e+03  1.546849e+01
      vertex -7.220000e+01  1.664600e+03  1.463580e+01
      vertex -7.100000e+01  1.664600e+03  1.508580e+01
    endloop
  endfacet
  facet normal  0.000000e+00 -1.000000e+00  0.000000e+00
    outer loop
      vertex -7.100000e+01  1.664600e+03  1.508580e+01
      vertex -7.220000e+01  1.664600e+03  1.463580e+01
      vertex -7.220000e+01  1.664600e+03 -1.463580e+01
    endloop
  endfacet
  facet normal  0.000000e+00 -1.000000e+00  0.000000e+00
    outer loop
      vertex -7.100000e+01  1.664600e+03  1.508580e+01
      vertex -7.220000e+01  1.664600e+03 -1.463580e+01
      vertex -7.100000e+01  1.664600e+03 -1.508580e+01
    endloop
  endfacet
  facet normal  -0.000000e+00 -9.999999e-01  0.000000e+00
    outer loop
      vertex -7.100000e+01  1.664600e+03 -1.508580e+01
      vertex -7.220000e+01  1.664600e+03 -1.463580e+01
      vertex -7.129290e+01  1.664600e+03 -1.579291e+01
    endloop
  endfacet
  facet normal  0.000000e+00 -1.000000e+00  0.000000e+00
    outer loop
      vertex -7.100000e+01  1.664600e+03 -1.508580e+01
      vertex -7.129290e+01  1.664600e+03 -1.579291e+01
      vertex -7.107613e+01  1.664600e+03 -1.546849e+01
    endloop
  endfacet
  facet normal  0.000000e+00 -1.000000e+00  0.000000e+00
    outer loop
      vertex  7.100000e+01  1.664600e+03  1.508580e+01
      vertex  7.129290e+01  1.664600e+03  1.579291e+01
      vertex  7.107613e+01  1.664600e+03  1.546849e+01
    endloop
  endfacet
  facet normal  0.000000e+00 -9.999999e-01  0.000000e+00
    outer loop
      vertex  7.129290e+01  1.664600e+03  1.579291e+01
      vertex  7.100000e+01  1.664600e+03  1.508580e+01
      vertex  7.220000e+01  1.664600e+03  1.463580e+01
    endloop
  endfacet
  facet normal  -0.000000e+00 -1.000000e+00  0.000000e+00
    outer loop
      vertex  7.220000e+01  1.664600e+03  1.463580e+01
      vertex  7.100000e+01  1.664600e+03  1.508580e+01
      vertex  7.100000e+01  1.664600e+03 -1.508580e+01
    endloop
  endfacet
  facet normal  0.000000e+00 -1.000000e+00  0.000000e+00
    outer loop
      vertex  7.220000e+01  1.664600e+03  1.463580e+01
      vertex  7.100000e+01  1.664600e+03 -1.508580e+01
      vertex  7.220000e+01  1.664600e+03 -1.463580e+01
    endloop
  endfacet
  facet normal  0.000000e+00 -1.000000e+00  0.000000e+00
    outer loop
      vertex  7.220000e+01  1.664600e+03 -1.463580e+01
      vertex  7.100000e+01  1.664600e+03 -1.508580e+01
      vertex  7.107613e+01  1.664600e+03 -1.546849e+01
    endloop
  endfacet
  facet normal  0.000000e+00 -1.000000e+00  0.000000e+00
    outer loop
      vertex  7.220000e+01  1.664600e+03 -1.463580e+01
      vertex  7.107613e+01  1.664600e+03 -1.546849e+01
      vertex  7.129290e+01  1.664600e+03 -1.579291e+01
    endloop
  endfacet
  facet normal  0.000000e+00 -1.000000e+00  0.000000e+00
    outer loop
      vertex -7.249290e+01  1.664600e+03 -1.534291e+01
      vertex -7.259984e+01  1.664600e+03 -1.709983e+01
      vertex -7.227612e+01  1.664600e+03 -1.501849e+01
    endloop
  endfacet
  facet normal  0.000000e+00 -1.000000e+00  -0.000000e+00
    outer loop
      vertex -7.227612e+01  1.664600e+03 -1.501849e+01
      vertex -7.259984e+01  1.664600e+03 -1.709983e+01
      vertex -7.129290e+01  1.664600e+03 -1.579291e+01
    endloop
  endfacet
  facet normal  0.000000e+00 -9.999999e-01  0.000000e+00
    outer loop
      vertex -7.227612e+01  1.664600e+03 -1.501849e+01
      vertex -7.129290e+01  1.664600e+03 -1.579291e+01
      vertex -7.220000e+01  1.664600e+03 -1.463580e+01
    endloop
  endfacet
  facet normal  0.000000e+00 -1.000000e+00  0.000000e+00
    outer loop
      vertex  5.736899e+01  1.664600e+03 -7.300000e+01
      vertex  5.789760e+01  1.664600e+03 -7.420000e+01
      vertex  5.807609e+01  1.664600e+03 -7.270711e+01
    endloop
  endfacet
  facet normal  0.000000e+00 -1.000000e+00  -0.000000e+00
    outer loop
      vertex  5.807609e+01  1.664600e+03 -7.270711e+01
      vertex  5.789760e+01  1.664600e+03 -7.420000e+01
      vertex  5.860471e+01  1.664600e+03 -7.390710e+01
    endloop
  endfacet
  facet normal  0.000000e+00 -1.000000e+00  0.000000e+00
    outer loop
      vertex  5.807609e+01  1.664600e+03 -7.270711e+01
      vertex  5.860471e+01  1.664600e+03 -7.390710e+01
      vertex  7.270711e+01  1.664600e+03 -5.807609e+01
    endloop
  endfacet
  facet normal  0.000000e+00 -9.999999e-01  0.000000e+00
    outer loop
      vertex  1.753151e+01  1.664600e+03 -7.292387e+01
      vertex  1.746420e+01  1.664600e+03 -7.420000e+01
      vertex  1.791420e+01  1.664600e+03 -7.300000e+01
    endloop
  endfacet
  facet normal  0.000000e+00 -1.000000e+00  -0.000000e+00
    outer loop
      vertex  1.791420e+01  1.664600e+03 -7.300000e+01
      vertex  1.746420e+01  1.664600e+03 -7.420000e+01
      vertex  5.789760e+01  1.664600e+03 -7.420000e+01
    endloop
  endfacet
  facet normal  0.000000e+00 -1.000000e+00  0.000000e+00
    outer loop
      vertex  1.791420e+01  1.664600e+03 -7.300000e+01
      vertex  5.789760e+01  1.664600e+03 -7.420000e+01
      vertex  5.736899e+01  1.664600e+03 -7.300000e+01
    endloop
  endfacet
  facet normal  0.000000e+00 -1.000000e+00  0.000000e+00
    outer loop
      vertex  1.463580e+01  1.664600e+03 -7.220000e+01
      vertex  1.501849e+01  1.664600e+03 -7.227612e+01
      vertex  1.508580e+01  1.664600e+03 -7.100000e+01
    endloop
  endfacet
  facet normal  0.000000e+00 -1.000000e+00  -0.000000e+00
    outer loop
      vertex  1.508580e+01  1.664600e+03 -7.100000e+01
      vertex  1.501849e+01  1.664600e+03 -7.227612e+01
      vertex  1.534291e+01  1.664600e+03 -7.249290e+01
    endloop
  endfacet
  facet normal  0.000000e+00 -1.000000e+00  0.000000e+00
    outer loop
      vertex  1.508580e+01  1.664600e+03 -7.100000e+01
      vertex  1.534291e+01  1.664600e+03 -7.249290e+01
      vertex  1.546849e+01  1.664600e+03 -7.107613e+01
    endloop
  endfacet
  facet normal  0.000000e+00 -1.000000e+00  -0.000000e+00
    outer loop
      vertex  1.546849e+01  1.664600e+03 -7.107613e+01
      vertex  1.534291e+01  1.664600e+03 -7.249290e+01
      vertex  1.675709e+01  1.664600e+03 -7.390710e+01
    endloop
  endfacet
  facet normal  0.000000e+00 -1.000000e+00  0.000000e+00
    outer loop
      vertex  1.546849e+01  1.664600e+03 -7.107613e+01
      vertex  1.675709e+01  1.664600e+03 -7.390710e+01
      vertex  1.579291e+01  1.664600e+03 -7.129290e+01
    endloop
  endfacet
  facet normal  0.000000e+00 -1.000000e+00  0.000000e+00
    outer loop
      vertex  1.579291e+01  1.664600e+03 -7.129290e+01
      vertex  1.675709e+01  1.664600e+03 -7.390710e+01
      vertex  1.708151e+01  1.664600e+03 -7.412388e+01
    endloop
  endfacet
  facet normal  0.000000e+00 -1.000000e+00  0.000000e+00
    outer loop
      vertex  1.579291e+01  1.664600e+03 -7.129290e+01
      vertex  1.708151e+01  1.664600e+03 -7.412388e+01
      vertex  1.720709e+01  1.664600e+03 -7.270710e+01
    endloop
  endfacet
  facet normal  0.000000e+00 -1.000000e+00  -0.000000e+00
    outer loop
      vertex  1.720709e+01  1.664600e+03 -7.270710e+01
      vertex  1.708151e+01  1.664600e+03 -7.412388e+01
      vertex  1.746420e+01  1.664600e+03 -7.420000e+01
    endloop
  endfacet
  facet normal  0.000000e+00 -1.000000e+00  0.000000e+00
    outer loop
      vertex  1.720709e+01  1.664600e+03 -7.270710e+01
      vertex  1.746420e+01  1.664600e+03 -7.420000e+01
      vertex  1.753151e+01  1.664600e+03 -7.292387e+01
    endloop
  endfacet
  facet normal  -0.000000e+00 -9.999999e-01  0.000000e+00
    outer loop
      vertex -1.501849e+01  1.664600e+03 -7.227612e+01
      vertex -1.463580e+01  1.664600e+03 -7.220000e+01
      vertex -1.508580e+01  1.664600e+03 -7.100000e+01
    endloop
  endfacet
  facet normal  0.000000e+00 -1.000000e+00  0.000000e+00
    outer loop
      vertex -1.508580e+01  1.664600e+03 -7.100000e+01
      vertex -1.463580e+01  1.664600e+03 -7.220000e+01
      vertex  1.463580e+01  1.664600e+03 -7.220000e+01
    endloop
  endfacet
  facet normal  0.000000e+00 -1.000000e+00  0.000000e+00
    outer loop
      vertex -1.508580e+01  1.664600e+03 -7.100000e+01
      vertex  1.463580e+01  1.664600e+03 -7.220000e+01
      vertex  1.508580e+01  1.664600e+03 -7.100000e+01
    endloop
  endfacet
  facet normal  0.000000e+00 -9.999999e-01  0.000000e+00
    outer loop
      vertex -1.791420e+01  1.664600e+03 -7.300000e+01
      vertex -1.746420e+01  1.664600e+03 -7.420000e+01
      vertex -1.753151e+01  1.664600e+03 -7.292387e+01
    endloop
  endfacet
  facet normal  0.000000e+00 -1.000000e+00  0.000000e+00
    outer loop
      vertex -1.753151e+01  1.664600e+03 -7.292387e+01
      vertex -1.746420e+01  1.664600e+03 -7.420000e+01
      vertex -1.708151e+01  1.664600e+03 -7.412388e+01
    endloop
  endfacet
  facet normal  0.000000e+00 -1.000000e+00  0.000000e+00
    outer loop
      vertex -1.753151e+01  1.664600e+03 -7.292387e+01
      vertex -1.708151e+01  1.664600e+03 -7.412388e+01
      vertex -1.720709e+01  1.664600e+03 -7.270710e+01
    endloop
  endfacet
  facet normal  0.000000e+00 -1.000000e+00  0.000000e+00
    outer loop
      vertex -1.720709e+01  1.664600e+03 -7.270710e+01
      vertex -1.708151e+01  1.664600e+03 -7.412388e+01
      vertex -1.675709e+01  1.664600e+03 -7.390710e+01
    endloop
  endfacet
  facet normal  0.000000e+00 -1.000000e+00  0.000000e+00
    outer loop
      vertex -1.720709e+01  1.664600e+03 -7.270710e+01
      vertex -1.675709e+01  1.664600e+03 -7.390710e+01
      vertex -1.579291e+01  1.664600e+03 -7.129290e+01
    endloop
  endfacet
  facet normal  0.000000e+00 -1.000000e+00  -0.000000e+00
    outer loop
      vertex -1.579291e+01  1.664600e+03 -7.129290e+01
      vertex -1.675709e+01  1.664600e+03 -7.390710e+01
      vertex -1.534291e+01  1.664600e+03 -7.249290e+01
    endloop
  endfacet
  facet normal  0.000000e+00 -1.000000e+00  0.000000e+00
    outer loop
      vertex -1.579291e+01  1.664600e+03 -7.129290e+01
      vertex -1.534291e+01  1.664600e+03 -7.249290e+01
      vertex -1.546849e+01  1.664600e+03 -7.107613e+01
    endloop
  endfacet
  facet normal  0.000000e+00 -1.000000e+00  0.000000e+00
    outer loop
      vertex -1.546849e+01  1.664600e+03 -7.107613e+01
      vertex -1.534291e+01  1.664600e+03 -7.249290e+01
      vertex -1.501849e+01  1.664600e+03 -7.227612e+01
    endloop
  endfacet
  facet normal  0.000000e+00 -1.000000e+00  0.000000e+00
    outer loop
      vertex -1.546849e+01  1.664600e+03 -7.107613e+01
      vertex -1.501849e+01  1.664600e+03 -7.227612e+01
      vertex -1.508580e+01  1.664600e+03 -7.100000e+01
    endloop
  endfacet
  facet normal  0.000000e+00 -1.000000e+00  0.000000e+00
    outer loop
      vertex -5.807609e+01  1.664600e+03 -7.270711e+01
      vertex -5.789760e+01  1.664600e+03 -7.420000e+01
      vertex -5.736899e+01  1.664600e+03 -7.300000e+01
    endloop
  endfacet
  facet normal  0.000000e+00 -1.000000e+00  -0.000000e+00
    outer loop
      vertex -5.736899e+01  1.664600e+03 -7.300000e+01
      vertex -5.789760e+01  1.664600e+03 -7.420000e+01
      vertex -1.746420e+01  1.664600e+03 -7.420000e+01
    endloop
  endfacet
  facet normal  0.000000e+00 -1.000000e+00  0.000000e+00
    outer loop
      vertex -5.736899e+01  1.664600e+03 -7.300000e+01
      vertex -1.746420e+01  1.664600e+03 -7.420000e+01
      vertex -1.791420e+01  1.664600e+03 -7.300000e+01
    endloop
  endfacet
  facet normal  0.000000e+00 -1.000000e+00  0.000000e+00
    outer loop
      vertex -7.390710e+01  1.664600e+03 -5.860471e+01
      vertex -5.860471e+01  1.664600e+03 -7.390710e+01
      vertex -7.270711e+01  1.664600e+03 -5.807609e+01
    endloop
  endfacet
  facet normal  0.000000e+00 -9.999999e-01  0.000000e+00
    outer loop
      vertex -7.270711e+01  1.664600e+03 -5.807609e+01
      vertex -5.860471e+01  1.664600e+03 -7.390710e+01
      vertex -5.789760e+01  1.664600e+03 -7.420000e+01
    endloop
  endfacet
  facet normal  0.000000e+00 -1.000000e+00  0.000000e+00
    outer loop
      vertex -7.270711e+01  1.664600e+03 -5.807609e+01
      vertex -5.789760e+01  1.664600e+03 -7.420000e+01
      vertex -5.807609e+01  1.664600e+03 -7.270711e+01
    endloop
  endfacet
  facet normal  0.000000e+00 -1.000000e+00  0.000000e+00
    outer loop
      vertex  7.262752e+01  1.664600e+03 -1.712751e+01
      vertex  7.274116e+01  1.664600e+03 -1.724287e+01
      vertex  7.249290e+01  1.664600e+03 -1.534291e+01
    endloop
  endfacet
  facet normal  0.000000e+00 -1.000000e+00  0.000000e+00
    outer loop
      vertex  7.249290e+01  1.664600e+03 -1.534291e+01
      vertex  7.274116e+01  1.664600e+03 -1.724287e+01
      vertex  7.300000e+01  1.664600e+03 -1.791420e+01
    endloop
  endfacet
  facet normal  0.000000e+00 -9.999999e-01  0.000000e+00
    outer loop
      vertex  7.249290e+01  1.664600e+03 -1.534291e+01
      vertex  7.300000e+01  1.664600e+03 -1.791420e+01
      vertex  7.390710e+01  1.664600e+03 -1.675709e+01
    endloop
  endfacet
  facet normal  0.000000e+00 -1.000000e+00  0.000000e+00
    outer loop
      vertex  5.736899e+01  1.664600e+03  7.300000e+01
      vertex  5.807609e+01  1.664600e+03  7.270711e+01
      vertex  5.789760e+01  1.664600e+03  7.420000e+01
    endloop
  endfacet
  facet normal  0.000000e+00 -1.000000e+00  0.000000e+00
    outer loop
      vertex  5.789760e+01  1.664600e+03  7.420000e+01
      vertex  5.807609e+01  1.664600e+03  7.270711e+01
      vertex  7.270711e+01  1.664600e+03  5.807609e+01
    endloop
  endfacet
  facet normal  0.000000e+00 -9.999999e-01  0.000000e+00
    outer loop
      vertex  5.789760e+01  1.664600e+03  7.420000e+01
      vertex  7.270711e+01  1.664600e+03  5.807609e+01
      vertex  5.860471e+01  1.664600e+03  7.390710e+01
    endloop
  endfacet
  facet normal  -0.000000e+00 -9.999999e-01  0.000000e+00
    outer loop
      vertex  1.753151e+01  1.664600e+03  7.292387e+01
      vertex  1.791420e+01  1.664600e+03  7.300000e+01
      vertex  1.746420e+01  1.664600e+03  7.420000e+01
    endloop
  endfacet
  facet normal  0.000000e+00 -1.000000e+00  0.000000e+00
    outer loop
      vertex  1.746420e+01  1.664600e+03  7.420000e+01
      vertex  1.791420e+01  1.664600e+03  7.300000e+01
      vertex  5.736899e+01  1.664600e+03  7.300000e+01
    endloop
  endfacet
  facet normal  0.000000e+00 -1.000000e+00  0.000000e+00
    outer loop
      vertex  1.746420e+01  1.664600e+03  7.420000e+01
      vertex  5.736899e+01  1.664600e+03  7.300000e+01
      vertex  5.789760e+01  1.664600e+03  7.420000e+01
    endloop
  endfacet
  facet normal  0.000000e+00 -1.000000e+00  0.000000e+00
    outer loop
      vertex  1.463580e+01  1.664600e+03  7.220000e+01
      vertex  1.508580e+01  1.664600e+03  7.100000e+01
      vertex  1.501849e+01  1.664600e+03  7.227612e+01
    endloop
  endfacet
  facet normal  0.000000e+00 -1.000000e+00  0.000000e+00
    outer loop
      vertex  1.501849e+01  1.664600e+03  7.227612e+01
      vertex  1.508580e+01  1.664600e+03  7.100000e+01
      vertex  1.546849e+01  1.664600e+03  7.107613e+01
    endloop
  endfacet
  facet normal  0.000000e+00 -1.000000e+00  0.000000e+00
    outer loop
      vertex  1.501849e+01  1.664600e+03  7.227612e+01
      vertex  1.546849e+01  1.664600e+03  7.107613e+01
      vertex  1.534291e+01  1.664600e+03  7.249290e+01
    endloop
  endfacet
  facet normal  0.000000e+00 -1.000000e+00  0.000000e+00
    outer loop
      vertex  1.534291e+01  1.664600e+03  7.249290e+01
      vertex  1.546849e+01  1.664600e+03  7.107613e+01
      vertex  1.579291e+01  1.664600e+03  7.129290e+01
    endloop
  endfacet
  facet normal  0.000000e+00 -1.000000e+00  0.000000e+00
    outer loop
      vertex  1.534291e+01  1.664600e+03  7.249290e+01
      vertex  1.579291e+01  1.664600e+03  7.129290e+01
      vertex  1.675709e+01  1.664600e+03  7.390710e+01
    endloop
  endfacet
  facet normal  0.000000e+00 -1.000000e+00  -0.000000e+00
    outer loop
      vertex  1.675709e+01  1.664600e+03  7.390710e+01
      vertex  1.579291e+01  1.664600e+03  7.129290e+01
      vertex  1.720709e+01  1.664600e+03  7.270710e+01
    endloop
  endfacet
  facet normal  0.000000e+00 -1.000000e+00  0.000000e+00
    outer loop
      vertex  1.675709e+01  1.664600e+03  7.390710e+01
      vertex  1.720709e+01  1.664600e+03  7.270710e+01
      vertex  1.708151e+01  1.664600e+03  7.412388e+01
    endloop
  endfacet
  facet normal  0.000000e+00 -1.000000e+00  0.000000e+00
    outer loop
      vertex  1.708151e+01  1.664600e+03  7.412388e+01
      vertex  1.720709e+01  1.664600e+03  7.270710e+01
      vertex  1.753151e+01  1.664600e+03  7.292387e+01
    endloop
  endfacet
  facet normal  0.000000e+00 -1.000000e+00  0.000000e+00
    outer loop
      vertex  1.708151e+01  1.664600e+03  7.412388e+01
      vertex  1.753151e+01  1.664600e+03  7.292387e+01
      vertex  1.746420e+01  1.664600e+03  7.420000e+01
    endloop
  endfacet
  facet normal  0.000000e+00 -1.000000e+00  0.000000e+00
    outer loop
      vertex -1.501849e+01  1.664600e+03  7.227612e+01
      vertex -1.508580e+01  1.664600e+03  7.100000e+01
      vertex -1.463580e+01  1.664600e+03  7.220000e+01
    endloop
  endfacet
  facet normal  0.000000e+00 -1.000000e+00  -0.000000e+00
    outer loop
      vertex -1.463580e+01  1.664600e+03  7.220000e+01
      vertex -1.508580e+01  1.664600e+03  7.100000e+01
      vertex  1.508580e+01  1.664600e+03  7.100000e+01
    endloop
  endfacet
  facet normal  0.000000e+00 -1.000000e+00  0.000000e+00
    outer loop
      vertex -1.463580e+01  1.664600e+03  7.220000e+01
      vertex  1.508580e+01  1.664600e+03  7.100000e+01
      vertex  1.463580e+01  1.664600e+03  7.220000e+01
    endloop
  endfacet
  facet normal  0.000000e+00 -1.000000e+00  0.000000e+00
    outer loop
      vertex -1.791420e+01  1.664600e+03  7.300000e+01
      vertex -1.753151e+01  1.664600e+03  7.292387e+01
      vertex -1.746420e+01  1.664600e+03  7.420000e+01
    endloop
  endfacet
  facet normal  0.000000e+00 -1.000000e+00  -0.000000e+00
    outer loop
      vertex -1.746420e+01  1.664600e+03  7.420000e+01
      vertex -1.753151e+01  1.664600e+03  7.292387e+01
      vertex -1.720709e+01  1.664600e+03  7.270710e+01
    endloop
  endfacet
  facet normal  0.000000e+00 -1.000000e+00  0.000000e+00
    outer loop
      vertex -1.746420e+01  1.664600e+03  7.420000e+01
      vertex -1.720709e+01  1.664600e+03  7.270710e+01
      vertex -1.708151e+01  1.664600e+03  7.412388e+01
    endloop
  endfacet
  facet normal  0.000000e+00 -1.000000e+00  -0.000000e+00
    outer loop
      vertex -1.708151e+01  1.664600e+03  7.412388e+01
      vertex -1.720709e+01  1.664600e+03  7.270710e+01
      vertex -1.579291e+01  1.664600e+03  7.129290e+01
    endloop
  endfacet
  facet normal  0.000000e+00 -1.000000e+00  0.000000e+00
    outer loop
      vertex -1.708151e+01  1.664600e+03  7.412388e+01
      vertex -1.579291e+01  1.664600e+03  7.129290e+01
      vertex -1.675709e+01  1.664600e+03  7.390710e+01
    endloop
  endfacet
  facet normal  0.000000e+00 -1.000000e+00  0.000000e+00
    outer loop
      vertex -1.675709e+01  1.664600e+03  7.390710e+01
      vertex -1.579291e+01  1.664600e+03  7.129290e+01
      vertex -1.546849e+01  1.664600e+03  7.107613e+01
    endloop
  endfacet
  facet normal  0.000000e+00 -1.000000e+00  0.000000e+00
    outer loop
      vertex -1.675709e+01  1.664600e+03  7.390710e+01
      vertex -1.546849e+01  1.664600e+03  7.107613e+01
      vertex -1.534291e+01  1.664600e+03  7.249290e+01
    endloop
  endfacet
  facet normal  0.000000e+00 -1.000000e+00  -0.000000e+00
    outer loop
      vertex -1.534291e+01  1.664600e+03  7.249290e+01
      vertex -1.546849e+01  1.664600e+03  7.107613e+01
      vertex -1.508580e+01  1.664600e+03  7.100000e+01
    endloop
  endfacet
  facet normal  0.000000e+00 -1.000000e+00  0.000000e+00
    outer loop
      vertex -1.534291e+01  1.664600e+03  7.249290e+01
      vertex -1.508580e+01  1.664600e+03  7.100000e+01
      vertex -1.501849e+01  1.664600e+03  7.227612e+01
    endloop
  endfacet
  facet normal  -0.000000e+00 -1.000000e+00  0.000000e+00
    outer loop
      vertex -5.807609e+01  1.664600e+03  7.270711e+01
      vertex -5.736899e+01  1.664600e+03  7.300000e+01
      vertex -5.789760e+01  1.664600e+03  7.420000e+01
    endloop
  endfacet
  facet normal  0.000000e+00 -1.000000e+00  0.000000e+00
    outer loop
      vertex -5.789760e+01  1.664600e+03  7.420000e+01
      vertex -5.736899e+01  1.664600e+03  7.300000e+01
      vertex -1.791420e+01  1.664600e+03  7.300000e+01
    endloop
  endfacet
  facet normal  0.000000e+00 -1.000000e+00  0.000000e+00
    outer loop
      vertex -5.789760e+01  1.664600e+03  7.420000e+01
      vertex -1.791420e+01  1.664600e+03  7.300000e+01
      vertex -1.746420e+01  1.664600e+03  7.420000e+01
    endloop
  endfacet
  facet normal  0.000000e+00 -1.000000e+00  0.000000e+00
    outer loop
      vertex -5.807609e+01  1.664600e+03  7.270711e+01
      vertex -5.789760e+01  1.664600e+03  7.420000e+01
      vertex -7.270711e+01  1.664600e+03  5.807609e+01
    endloop
  endfacet
  facet normal  0.000000e+00 -9.999999e-01  0.000000e+00
    outer loop
      vertex -7.270711e+01  1.664600e+03  5.807609e+01
      vertex -5.789760e+01  1.664600e+03  7.420000e+01
      vertex -5.860471e+01  1.664600e+03  7.390710e+01
    endloop
  endfacet
  facet normal  0.000000e+00 -1.000000e+00  0.000000e+00
    outer loop
      vertex -7.249290e+01  1.664600e+03  1.534291e+01
      vertex -7.227612e+01  1.664600e+03  1.501849e+01
      vertex -7.259984e+01  1.664600e+03  1.709983e+01
    endloop
  endfacet
  facet normal  0.000000e+00 -1.000000e+00  0.000000e+00
    outer loop
      vertex -7.259984e+01  1.664600e+03  1.709983e+01
      vertex -7.227612e+01  1.664600e+03  1.501849e+01
      vertex -7.220000e+01  1.664600e+03  1.463580e+01
    endloop
  endfacet
  facet normal  0.000000e+00 -1.000000e+00  0.000000e+00
    outer loop
      vertex -7.259984e+01  1.664600e+03  1.709983e+01
      vertex -7.220000e+01  1.664600e+03  1.463580e+01
      vertex -7.129290e+01  1.664600e+03  1.579291e+01
    endloop
  endfacet
  facet normal  0.000000e+00 -1.000000e+00  0.000000e+00
    outer loop
      vertex  6.185000e+01  1.664600e+03 -5.907500e+01
      vertex  6.348111e+01  1.664600e+03 -6.409502e+01
      vertex  6.348111e+01  1.664600e+03 -5.960498e+01
    endloop
  endfacet
  facet normal  0.000000e+00 -1.000000e+00  0.000000e+00
    outer loop
      vertex  6.348111e+01  1.664600e+03 -5.960498e+01
      vertex  6.348111e+01  1.664600e+03 -6.409502e+01
      vertex  6.448918e+01  1.664600e+03 -6.270752e+01
    endloop
  endfacet
  facet normal  0.000000e+00 -1.000000e+00  0.000000e+00
    outer loop
      vertex  6.348111e+01  1.664600e+03 -5.960498e+01
      vertex  6.448918e+01  1.664600e+03 -6.270752e+01
      vertex  6.448918e+01  1.664600e+03 -6.099248e+01
    endloop
  endfacet
  facet normal  0.000000e+00 -1.000000e+00  0.000000e+00
    outer loop
      vertex  6.348111e+01  1.664600e+03 -6.409502e+01
      vertex  6.185000e+01  1.664600e+03 -5.907500e+01
      vertex  6.185000e+01  1.664600e+03 -6.462500e+01
    endloop
  endfacet
  facet normal  0.000000e+00 -1.000000e+00  0.000000e+00
    outer loop
      vertex  6.185000e+01  1.664600e+03 -6.462500e+01
      vertex  6.185000e+01  1.664600e+03 -5.907500e+01
      vertex  6.021889e+01  1.664600e+03 -5.960498e+01
    endloop
  endfacet
  facet normal  0.000000e+00 -9.999999e-01  0.000000e+00
    outer loop
      vertex  6.185000e+01  1.664600e+03 -6.462500e+01
      vertex  6.021889e+01  1.664600e+03 -5.960498e+01
      vertex  6.021889e+01  1.664600e+03 -6.409502e+01
    endloop
  endfacet
  facet normal  0.000000e+00 -1.000000e+00  0.000000e+00
    outer loop
      vertex  6.021889e+01  1.664600e+03 -6.409502e+01
      vertex  6.021889e+01  1.664600e+03 -5.960498e+01
      vertex  5.921082e+01  1.664600e+03 -6.099248e+01
    endloop
  endfacet
  facet normal  0.000000e+00 -1.000000e+00  0.000000e+00
    outer loop
      vertex  6.021889e+01  1.664600e+03 -6.409502e+01
      vertex  5.921082e+01  1.664600e+03 -6.099248e+01
      vertex  5.921082e+01  1.664600e+03 -6.270752e+01
    endloop
  endfacet
  facet normal  3.826822e-01  0.000000e+00 -9.238800e-01
    outer loop
      vertex -4.984420e+01  1.667000e+03  6.600000e+01
      vertex -5.125842e+01  1.667000e+03  6.541422e+01
      vertex -4.984420e+01  1.670600e+03  6.600000e+01
    endloop
  endfacet
  facet normal  3.826822e-01  0.000000e+00 -9.238800e-01
    outer loop
      vertex -4.984420e+01  1.670600e+03  6.600000e+01
      vertex -5.125842e+01  1.667000e+03  6.541422e+01
      vertex -5.125842e+01  1.670600e+03  6.541422e+01
    endloop
  endfacet
  facet normal  7.071068e-01  0.000000e+00 -7.071068e-01
    outer loop
      vertex -5.125842e+01  1.667000e+03  6.541422e+01
      vertex -6.541422e+01  1.667000e+03  5.125842e+01
      vertex -5.125842e+01  1.670600e+03  6.541422e+01
    endloop
  endfacet
  facet normal  7.071068e-01  0.000000e+00 -7.071068e-01
    outer loop
      vertex -5.125842e+01  1.670600e+03  6.541422e+01
      vertex -6.541422e+01  1.667000e+03  5.125842e+01
      vertex -6.541422e+01  1.670600e+03  5.125842e+01
    endloop
  endfacet
  facet normal  9.238800e-01  0.000000e+00 -3.826822e-01
    outer loop
      vertex -6.541422e+01  1.667000e+03  5.125842e+01
      vertex -6.600000e+01  1.667000e+03  4.984420e+01
      vertex -6.541422e+01  1.670600e+03  5.125842e+01
    endloop
  endfacet
  facet normal  9.238800e-01  0.000000e+00 -3.826822e-01
    outer loop
      vertex -6.541422e+01  1.670600e+03  5.125842e+01
      vertex -6.600000e+01  1.667000e+03  4.984420e+01
      vertex -6.600000e+01  1.670600e+03  4.984420e+01
    endloop
  endfacet
  facet normal  0.000000e+00  0.000000e+00  9.999999e-01
    outer loop
      vertex  7.300000e+01  1.645000e+03  3.060000e+01
      vertex  7.300000e+01  1.650000e+03  3.060000e+01
      vertex  7.265000e+01  1.645000e+03  3.060000e+01
    endloop
  endfacet
  facet normal  0.000000e+00  0.000000e+00  9.999999e-01
    outer loop
      vertex  7.265000e+01  1.645000e+03  3.060000e+01
      vertex  7.300000e+01  1.650000e+03  3.060000e+01
      vertex  7.265000e+01  1.650000e+03  3.060000e+01
    endloop
  endfacet
  facet normal  0.000000e+00  0.000000e+00 -9.999999e-01
    outer loop
      vertex  7.265000e+01  1.645000e+03  3.840000e+01
      vertex  7.265000e+01  1.650000e+03  3.840000e+01
      vertex  7.300000e+01  1.645000e+03  3.840000e+01
    endloop
  endfacet
  facet normal  0.000000e+00  0.000000e+00 -9.999999e-01
    outer loop
      vertex  7.300000e+01  1.645000e+03  3.840000e+01
      vertex  7.265000e+01  1.650000e+03  3.840000e+01
      vertex  7.300000e+01  1.650000e+03  3.840000e+01
    endloop
  endfacet
  facet normal  -0.000000e+00  0.000000e+00  9.999999e-01
    outer loop
      vertex -3.350000e+01  1.652900e+03  7.265000e+01
      vertex -3.550000e+01  1.652900e+03  7.265000e+01
      vertex -3.205000e+01  1.652511e+03  7.265000e+01
    endloop
  endfacet
  facet normal  0.000000e+00  0.000000e+00  1.000000e+00
    outer loop
      vertex -3.205000e+01  1.652511e+03  7.265000e+01
      vertex -3.550000e+01  1.652900e+03  7.265000e+01
      vertex -3.695000e+01  1.652511e+03  7.265000e+01
    endloop
  endfacet
  facet normal  -0.000000e+00  0.000000e+00  1.000000e+00
    outer loop
      vertex -3.205000e+01  1.652511e+03  7.265000e+01
      vertex -3.695000e+01  1.652511e+03  7.265000e+01
      vertex -3.098853e+01  1.651450e+03  7.265000e+01
    endloop
  endfacet
  facet normal  0.000000e+00  0.000000e+00  1.000000e+00
    outer loop
      vertex -3.098853e+01  1.651450e+03  7.265000e+01
      vertex -3.695000e+01  1.652511e+03  7.265000e+01
      vertex -3.801147e+01  1.651450e+03  7.265000e+01
    endloop
  endfacet
  facet normal  -0.000000e+00  0.000000e+00  1.000000e+00
    outer loop
      vertex -3.098853e+01  1.651450e+03  7.265000e+01
      vertex -3.801147e+01  1.651450e+03  7.265000e+01
      vertex -3.060000e+01  1.650000e+03  7.265000e+01
    endloop
  endfacet
  facet normal  0.000000e+00  0.000000e+00  1.000000e+00
    outer loop
      vertex -3.060000e+01  1.650000e+03  7.265000e+01
      vertex -3.801147e+01  1.651450e+03  7.265000e+01
      vertex -3.840000e+01  1.650000e+03  7.265000e+01
    endloop
  endfacet
  facet normal  -0.000000e+00  0.000000e+00  1.000000e+00
    outer loop
      vertex -3.060000e+01  1.650000e+03  7.265000e+01
      vertex -3.840000e+01  1.650000e+03  7.265000e+01
      vertex -3.060000e+01  1.645000e+03  7.265000e+01
    endloop
  endfacet
  facet normal  0.000000e+00  0.000000e+00  1.000000e+00
    outer loop
      vertex -3.060000e+01  1.645000e+03  7.265000e+01
      vertex -3.840000e+01  1.650000e+03  7.265000e+01
      vertex -3.840000e+01  1.645000e+03  7.265000e+01
    endloop
  endfacet
  facet normal  -0.000000e+00  0.000000e+00  1.000000e+00
    outer loop
      vertex -3.060000e+01  1.645000e+03  7.265000e+01
      vertex -3.840000e+01  1.645000e+03  7.265000e+01
      vertex -3.098853e+01  1.643550e+03  7.265000e+01
    endloop
  endfacet
  facet normal  0.000000e+00  0.000000e+00  1.000000e+00
    outer loop
      vertex -3.098853e+01  1.643550e+03  7.265000e+01
      vertex -3.840000e+01  1.645000e+03  7.265000e+01
      vertex -3.801147e+01  1.643550e+03  7.265000e+01
    endloop
  endfacet
  facet normal  -0.000000e+00  0.000000e+00  1.000000e+00
    outer loop
      vertex -3.098853e+01  1.643550e+03  7.265000e+01
      vertex -3.801147e+01  1.643550e+03  7.265000e+01
      vertex -3.205000e+01  1.642489e+03  7.265000e+01
    endloop
  endfacet
  facet normal  0.000000e+00  0.000000e+00  1.000000e+00
    outer loop
      vertex -3.205000e+01  1.642489e+03  7.265000e+01
      vertex -3.801147e+01  1.643550e+03  7.265000e+01
      vertex -3.695000e+01  1.642489e+03  7.265000e+01
    endloop
  endfacet
  facet normal  -0.000000e+00  0.000000e+00  1.000000e+00
    outer loop
      vertex -3.205000e+01  1.642489e+03  7.265000e+01
      vertex -3.695000e+01  1.642489e+03  7.265000e+01
      vertex -3.350000e+01  1.642100e+03  7.265000e+01
    endloop
  endfacet
  facet normal  0.000000e+00  0.000000e+00  9.999999e-01
    outer loop
      vertex -3.350000e+01  1.642100e+03  7.265000e+01
      vertex -3.695000e+01  1.642489e+03  7.265000e+01
      vertex -3.550000e+01  1.642100e+03  7.265000e+01
    endloop
  endfacet
  facet normal  9.659235e-01 -2.588275e-01  0.000000e+00
    outer loop
      vertex -3.801147e+01  1.651450e+03  7.265000e+01
      vertex -3.840000e+01  1.650000e+03  7.300000e+01
      vertex -3.840000e+01  1.650000e+03  7.265000e+01
    endloop
  endfacet
  facet normal  9.547936e-01 -2.035490e-01  2.166494e-01
    outer loop
      vertex -3.840000e+01  1.650000e+03  7.300000e+01
      vertex -3.801147e+01  1.651450e+03  7.265000e+01
      vertex -3.814786e+01  1.651183e+03  7.300000e+01
    endloop
  endfacet
  facet normal  6.836491e-01 -6.836171e-01 -2.555225e-01
    outer loop
      vertex -3.814786e+01  1.651183e+03  7.300000e+01
      vertex -3.801147e+01  1.651450e+03  7.265000e+01
      vertex -3.695000e+01  1.652511e+03  7.265000e+01
    endloop
  endfacet
  facet normal  7.532573e-01 -6.445211e-01  1.311335e-01
    outer loop
      vertex -3.814786e+01  1.651183e+03  7.300000e+01
      vertex -3.695000e+01  1.652511e+03  7.265000e+01
      vertex -3.707799e+01  1.652433e+03  7.300000e+01
    endloop
  endfacet
  facet normal  2.569399e-01 -9.588552e-01 -1.207426e-01
    outer loop
      vertex -3.707799e+01  1.652433e+03  7.300000e+01
      vertex -3.695000e+01  1.652511e+03  7.265000e+01
      vertex -3.550000e+01  1.652900e+03  7.265000e+01
    endloop
  endfacet
  facet normal  2.837347e-01 -9.589028e-01  0.000000e+00
    outer loop
      vertex -3.707799e+01  1.652433e+03  7.300000e+01
      vertex -3.550000e+01  1.652900e+03  7.265000e+01
      vertex -3.550000e+01  1.652900e+03  7.300000e+01
    endloop
  endfacet
  facet normal  0.000000e+00 -1.000000e+00  0.000000e+00
    outer loop
      vertex -3.550000e+01  1.652900e+03  7.265000e+01
      vertex -3.350000e+01  1.652900e+03  7.265000e+01
      vertex -3.550000e+01  1.652900e+03  7.300000e+01
    endloop
  endfacet
  facet normal  0.000000e+00 -1.000000e+00  0.000000e+00
    outer loop
      vertex -3.550000e+01  1.652900e+03  7.300000e+01
      vertex -3.350000e+01  1.652900e+03  7.265000e+01
      vertex -3.350000e+01  1.652900e+03  7.300000e+01
    endloop
  endfacet
  facet normal -2.588335e-01 -9.659219e-01  -0.000000e+00
    outer loop
      vertex -3.205000e+01  1.652511e+03  7.265000e+01
      vertex -3.350000e+01  1.652900e+03  7.300000e+01
      vertex -3.350000e+01  1.652900e+03  7.265000e+01
    endloop
  endfacet
  facet normal -2.588335e-01 -9.659219e-01  0.000000e+00
    outer loop
      vertex -3.350000e+01  1.652900e+03  7.300000e+01
      vertex -3.205000e+01  1.652511e+03  7.265000e+01
      vertex -3.205000e+01  1.652511e+03  7.300000e+01
    endloop
  endfacet
  facet normal -7.071233e-01 -7.070903e-01  -0.000000e+00
    outer loop
      vertex -3.205000e+01  1.652511e+03  7.300000e+01
      vertex -3.205000e+01  1.652511e+03  7.265000e+01
      vertex -3.098853e+01  1.651450e+03  7.265000e+01
    endloop
  endfacet
  facet normal -7.071233e-01 -7.070903e-01  0.000000e+00
    outer loop
      vertex -3.205000e+01  1.652511e+03  7.300000e+01
      vertex -3.098853e+01  1.651450e+03  7.265000e+01
      vertex -3.098853e+01  1.651450e+03  7.300000e+01
    endloop
  endfacet
  facet normal -9.659239e-01 -2.588263e-01  -0.000000e+00
    outer loop
      vertex -3.098853e+01  1.651450e+03  7.300000e+01
      vertex -3.098853e+01  1.651450e+03  7.265000e+01
      vertex -3.060000e+01  1.650000e+03  7.265000e+01
    endloop
  endfacet
  facet normal -9.659239e-01 -2.588263e-01  0.000000e+00
    outer loop
      vertex -3.098853e+01  1.651450e+03  7.300000e+01
      vertex -3.060000e+01  1.650000e+03  7.265000e+01
      vertex -3.060000e+01  1.650000e+03  7.300000e+01
    endloop
  endfacet
  facet normal -9.999999e-01  -0.000000e+00  0.000000e+00
    outer loop
      vertex -3.060000e+01  1.645000e+03  7.300000e+01
      vertex -3.060000e+01  1.650000e+03  7.300000e+01
      vertex -3.060000e+01  1.645000e+03  7.265000e+01
    endloop
  endfacet
  facet normal -9.999999e-01  0.000000e+00  0.000000e+00
    outer loop
      vertex -3.060000e+01  1.645000e+03  7.265000e+01
      vertex -3.060000e+01  1.650000e+03  7.300000e+01
      vertex -3.060000e+01  1.650000e+03  7.265000e+01
    endloop
  endfacet
  facet normal -9.659239e-01  2.588263e-01  0.000000e+00
    outer loop
      vertex -3.098853e+01  1.643550e+03  7.265000e+01
      vertex -3.060000e+01  1.645000e+03  7.300000e+01
      vertex -3.060000e+01  1.645000e+03  7.265000e+01
    endloop
  endfacet
  facet normal -9.659239e-01  2.588263e-01  0.000000e+00
    outer loop
      vertex -3.060000e+01  1.645000e+03  7.300000e+01
      vertex -3.098853e+01  1.643550e+03  7.265000e+01
      vertex -3.098853e+01  1.643550e+03  7.300000e+01
    endloop
  endfacet
  facet normal -7.071233e-01  7.070903e-01  0.000000e+00
    outer loop
      vertex -3.098853e+01  1.643550e+03  7.300000e+01
      vertex -3.098853e+01  1.643550e+03  7.265000e+01
      vertex -3.205000e+01  1.642489e+03  7.265000e+01
    endloop
  endfacet
  facet normal -7.071233e-01  7.070903e-01  0.000000e+00
    outer loop
      vertex -3.098853e+01  1.643550e+03  7.300000e+01
      vertex -3.205000e+01  1.642489e+03  7.265000e+01
      vertex -3.205000e+01  1.642489e+03  7.300000e+01
    endloop
  endfacet
  facet normal -2.588335e-01  9.659219e-01  0.000000e+00
    outer loop
      vertex -3.205000e+01  1.642489e+03  7.300000e+01
      vertex -3.205000e+01  1.642489e+03  7.265000e+01
      vertex -3.350000e+01  1.642100e+03  7.265000e+01
    endloop
  endfacet
  facet normal -2.588335e-01  9.659219e-01  0.000000e+00
    outer loop
      vertex -3.205000e+01  1.642489e+03  7.300000e+01
      vertex -3.350000e+01  1.642100e+03  7.265000e+01
      vertex -3.350000e+01  1.642100e+03  7.300000e+01
    endloop
  endfacet
  facet normal  0.000000e+00  1.000000e+00  0.000000e+00
    outer loop
      vertex -3.550000e+01  1.642100e+03  7.300000e+01
      vertex -3.350000e+01  1.642100e+03  7.300000e+01
      vertex -3.550000e+01  1.642100e+03  7.265000e+01
    endloop
  endfacet
  facet normal  0.000000e+00  1.000000e+00  0.000000e+00
    outer loop
      vertex -3.550000e+01  1.642100e+03  7.265000e+01
      vertex -3.350000e+01  1.642100e+03  7.300000e+01
      vertex -3.350000e+01  1.642100e+03  7.265000e+01
    endloop
  endfacet
  facet normal  2.588335e-01  9.659219e-01  0.000000e+00
    outer loop
      vertex -3.695000e+01  1.642489e+03  7.265000e+01
      vertex -3.550000e+01  1.642100e+03  7.300000e+01
      vertex -3.550000e+01  1.642100e+03  7.265000e+01
    endloop
  endfacet
  facet normal  2.035990e-01  9.548166e-01  2.165015e-01
    outer loop
      vertex -3.550000e+01  1.642100e+03  7.300000e+01
      vertex -3.695000e+01  1.642489e+03  7.265000e+01
      vertex -3.668273e+01  1.642352e+03  7.300000e+01
    endloop
  endfacet
  facet normal  6.836114e-01  6.835794e-01 -2.557241e-01
    outer loop
      vertex -3.668273e+01  1.642352e+03  7.300000e+01
      vertex -3.695000e+01  1.642489e+03  7.265000e+01
      vertex -3.801147e+01  1.643550e+03  7.265000e+01
    endloop
  endfacet
  facet normal  6.444926e-01  7.532586e-01  1.312658e-01
    outer loop
      vertex -3.668273e+01  1.642352e+03  7.300000e+01
      vertex -3.801147e+01  1.643550e+03  7.265000e+01
      vertex -3.793310e+01  1.643422e+03  7.300000e+01
    endloop
  endfacet
  facet normal  9.588594e-01  2.569347e-01 -1.207187e-01
    outer loop
      vertex -3.793310e+01  1.643422e+03  7.300000e+01
      vertex -3.801147e+01  1.643550e+03  7.265000e+01
      vertex -3.840000e+01  1.645000e+03  7.265000e+01
    endloop
  endfacet
  facet normal  9.589061e-01  2.837237e-01  -0.000000e+00
    outer loop
      vertex -3.793310e+01  1.643422e+03  7.300000e+01
      vertex -3.840000e+01  1.645000e+03  7.265000e+01
      vertex -3.840000e+01  1.645000e+03  7.300000e+01
    endloop
  endfacet
  facet normal  9.999999e-01  0.000000e+00  0.000000e+00
    outer loop
      vertex -3.840000e+01  1.645000e+03  7.265000e+01
      vertex -3.840000e+01  1.650000e+03  7.265000e+01
      vertex -3.840000e+01  1.645000e+03  7.300000e+01
    endloop
  endfacet
  facet normal  9.999999e-01  -0.000000e+00  0.000000e+00
    outer loop
      vertex -3.840000e+01  1.645000e+03  7.300000e+01
      vertex -3.840000e+01  1.650000e+03  7.265000e+01
      vertex -3.840000e+01  1.650000e+03  7.300000e+01
    endloop
  endfacet
  facet normal  0.000000e+00  1.000000e+00  0.000000e+00
    outer loop
      vertex -5.750000e+01  1.642000e+03 -2.500000e+01
      vertex -5.400000e+01  1.642000e+03 -2.500000e+01
      vertex -5.750000e+01  1.642000e+03 -3.000000e+01
    endloop
  endfacet
  facet normal  0.000000e+00  1.000000e+00  0.000000e+00
    outer loop
      vertex -5.750000e+01  1.642000e+03 -3.000000e+01
      vertex -5.400000e+01  1.642000e+03 -2.500000e+01
      vertex -5.400000e+01  1.642000e+03 -3.000000e+01
    endloop
  endfacet
  facet normal  0.000000e+00  0.000000e+00  1.000000e+00
    outer loop
      vertex -5.400000e+01  1.637000e+03 -2.500000e+01
      vertex -5.400000e+01  1.642000e+03 -2.500000e+01
      vertex -5.750000e+01  1.637000e+03 -2.500000e+01
    endloop
  endfacet
  facet normal  0.000000e+00  0.000000e+00  1.000000e+00
    outer loop
      vertex -5.750000e+01  1.637000e+03 -2.500000e+01
      vertex -5.400000e+01  1.642000e+03 -2.500000e+01
      vertex -5.750000e+01  1.642000e+03 -2.500000e+01
    endloop
  endfacet
  facet normal  0.000000e+00 -1.000000e+00  0.000000e+00
    outer loop
      vertex -5.750000e+01  1.637000e+03 -3.000000e+01
      vertex -5.400000e+01  1.637000e+03 -3.000000e+01
      vertex -5.750000e+01  1.637000e+03 -2.500000e+01
    endloop
  endfacet
  facet normal  0.000000e+00 -1.000000e+00  0.000000e+00
    outer loop
      vertex -5.750000e+01  1.637000e+03 -2.500000e+01
      vertex -5.400000e+01  1.637000e+03 -3.000000e+01
      vertex -5.400000e+01  1.637000e+03 -2.500000e+01
    endloop
  endfacet
  facet normal  0.000000e+00  0.000000e+00 -1.000000e+00
    outer loop
      vertex -5.750000e+01  1.637000e+03 -3.000000e+01
      vertex -5.750000e+01  1.642000e+03 -3.000000e+01
      vertex -5.400000e+01  1.637000e+03 -3.000000e+01
    endloop
  endfacet
  facet normal  0.000000e+00  0.000000e+00 -1.000000e+00
    outer loop
      vertex -5.400000e+01  1.637000e+03 -3.000000e+01
      vertex -5.750000e+01  1.642000e+03 -3.000000e+01
      vertex -5.400000e+01  1.642000e+03 -3.000000e+01
    endloop
  endfacet
  facet normal  1.000000e+00  0.000000e+00  0.000000e+00
    outer loop
      vertex -5.400000e+01  1.637000e+03 -2.500000e+01
      vertex -5.400000e+01  1.637000e+03 -3.000000e+01
      vertex -5.400000e+01  1.642000e+03 -2.500000e+01
    endloop
  endfacet
  facet normal  1.000000e+00  0.000000e+00  0.000000e+00
    outer loop
      vertex -5.400000e+01  1.642000e+03 -2.500000e+01
      vertex -5.400000e+01  1.637000e+03 -3.000000e+01
      vertex -5.400000e+01  1.642000e+03 -3.000000e+01
    endloop
  endfacet
  facet normal  0.000000e+00  1.000000e+00  0.000000e+00
    outer loop
      vertex -4.984420e+01  1.667000e+03  6.600000e+01
      vertex -4.978117e+01  1.667000e+03  6.600000e+01
      vertex -5.125842e+01  1.667000e+03  6.541422e+01
    endloop
  endfacet
  facet normal  0.000000e+00  1.000000e+00  0.000000e+00
    outer loop
      vertex -5.125842e+01  1.667000e+03  6.541422e+01
      vertex -4.978117e+01  1.667000e+03  6.600000e+01
      vertex -5.119538e+01  1.667000e+03  6.541422e+01
    endloop
  endfacet
  facet normal  0.000000e+00  1.000000e+00  0.000000e+00
    outer loop
      vertex -5.125842e+01  1.667000e+03  6.541422e+01
      vertex -5.119538e+01  1.667000e+03  6.541422e+01
      vertex -6.541422e+01  1.667000e+03  5.125842e+01
    endloop
  endfacet
  facet normal  -0.000000e+00  1.000000e+00  0.000000e+00
    outer loop
      vertex -6.541422e+01  1.667000e+03  5.125842e+01
      vertex -5.119538e+01  1.667000e+03  6.541422e+01
      vertex -6.541422e+01  1.667000e+03  5.119538e+01
    endloop
  endfacet
  facet normal  0.000000e+00  1.000000e+00  -0.000000e+00
    outer loop
      vertex -6.541422e+01  1.667000e+03  5.125842e+01
      vertex -6.541422e+01  1.667000e+03  5.119538e+01
      vertex -6.600000e+01  1.667000e+03  4.984420e+01
    endloop
  endfacet
  facet normal  -0.000000e+00  1.000000e+00  0.000000e+00
    outer loop
      vertex -6.600000e+01  1.667000e+03  4.984420e+01
      vertex -6.541422e+01  1.667000e+03  5.119538e+01
      vertex -6.600000e+01  1.667000e+03  4.978117e+01
    endloop
  endfacet
endsolid CATIA STL
